timestamp,device_id,data_category,min_value,avg_value,max_value
1774915320,565,14223,73.81,73.81,73.81
1774915320,565,14221,16.19,16.19,16.19
1774915320,565,14215,0,0,0
1774915320,565,14211,1,1,1
1774915380,565,14223,73.81,73.81,73.81
1774915380,565,14221,16.19,16.19,16.19
1774915380,565,14215,0,0,0
1774915380,565,14211,1,1,1
1774915440,565,14223,73.81,73.81,73.81
1774915440,565,14221,16.19,16.19,16.19
1774915440,565,14215,0,0,0
1774915440,565,14211,1,1,1
1774915500,565,14223,73.29,73.4633,73.81
1774915500,565,14221,13.95,14.6967,16.19
1774915500,565,14215,0,0,0
1774915500,565,14211,1,1,1
1774915560,565,14223,73.29,73.29,73.29
1774915560,565,14221,13.95,13.95,13.95
1774915560,565,14215,0,0,0
1774915560,565,14211,1,1,1
1774915620,565,14223,72.96,72.96,72.96
1774915620,565,14221,15.02,15.02,15.02
1774915620,565,14215,0,0,0
1774915620,565,14211,1,1,1
1774915680,565,14223,72.96,72.96,72.96
1774915680,565,14221,15.02,15.02,15.02
1774915680,565,14215,0,0,0
1774915680,565,14211,1,1,1
1774915740,565,14223,72.96,72.96,72.96
1774915740,565,14221,15.02,15.02,15.02
1774915740,565,14215,0,0,0
1774915740,565,14211,1,1,1
1774915800,565,14223,72.96,72.96,72.96
1774915800,565,14221,15.02,15.02,15.02
1774915800,565,14215,0,0,0
1774915800,565,14211,1,1,1
1774915860,565,14223,72.96,72.96,72.96
1774915860,565,14221,15.02,15.02,15.02
1774915860,565,14215,0,0,0
1774915860,565,14211,1,1,1
1774915920,565,14223,71.2,71.2,71.2
1774915920,565,14221,14.59,14.59,14.59
1774915920,565,14215,0,0,0
1774915920,565,14211,1,1,1
1774915980,565,14223,71.2,71.2,71.2
1774915980,565,14221,14.59,14.59,14.59
1774915980,565,14215,0,0,0
1774915980,565,14211,1,1,1
1774916040,565,14223,71.2,71.39,71.96
1774916040,565,14221,13.32,14.2725,14.59
1774916040,565,14215,0,0,0
1774916040,565,14211,1,1,1
1774916100,565,14223,71.96,71.96,71.96
1774916100,565,14221,14.49,14.49,14.49
1774916100,565,14215,0,0,0
1774916100,565,14211,1,1,1
1774916160,565,14223,71.96,71.96,71.96
1774916160,565,14221,14.49,14.49,14.49
1774916160,565,14215,0,0,0
1774916160,565,14211,1,1,1
1774916220,565,14223,71.96,71.96,71.96
1774916220,565,14221,14.49,14.49,14.49
1774916220,565,14215,0,0,0
1774916220,565,14211,1,1,1
1774916280,565,14223,71.85,72.3275,72.75
1774916280,565,14221,13.17,15.075,16.32
1774916280,565,14215,0,0,0
1774916280,565,14211,1,1,1
1774916340,565,14223,72.75,72.75,72.75
1774916340,565,14221,16.32,16.32,16.32
1774916340,565,14215,0,0,0
1774916340,565,14211,1,1,1
1774916400,565,14223,72.75,72.75,72.75
1774916400,565,14221,16.32,16.32,16.32
1774916400,565,14215,0,0,0
1774916400,565,14211,1,1,1
1774916460,565,14223,72.75,72.75,72.75
1774916460,565,14221,16.32,16.32,16.32
1774916460,565,14215,0,0,0
1774916460,565,14211,1,1,1
1774916520,565,14223,72.75,72.75,72.75
1774916520,565,14221,16.32,16.32,16.32
1774916520,565,14215,0,0,0
1774916520,565,14211,1,1,1
1774916580,565,14223,72.75,72.75,72.75
1774916580,565,14221,16.32,16.32,16.32
1774916580,565,14215,0,0,0
1774916580,565,14211,1,1,1
1774916640,565,14223,72.75,72.75,72.75
1774916640,565,14221,16.32,16.32,16.32
1774916640,565,14215,0,0,0
1774916640,565,14211,1,1,1
1774916700,565,14223,72.75,72.75,72.75
1774916700,565,14221,16.32,16.32,16.32
1774916700,565,14215,0,0,0
1774916700,565,14211,1,1,1
1774916760,565,14223,72.74,72.745,72.75
1774916760,565,14221,12.26,14.29,16.32
1774916760,565,14215,0,0,0
1774916760,565,14211,1,1,1
1774916820,565,14223,72.74,72.74,72.74
1774916820,565,14221,12.26,12.26,12.26
1774916820,565,14215,0,0,0
1774916820,565,14211,1,1,1
1774916880,565,14223,0,0,0
1774916880,565,14221,0,0,0
1774916880,565,14215,0,0,0
1774916880,565,14211,1,1,1
1774916940,565,14223,72.74,73.98,75.35
1774916940,565,14221,12.26,13.2533,13.75
1774916940,565,14215,0,0,0
1774916940,565,14211,1,1,1
1774917000,565,14223,74.48,74.48,74.48
1774917000,565,14221,14.36,14.36,14.36
1774917000,565,14215,0,0,0
1774917000,565,14211,1,1,1
1774917060,565,14223,72.97,73.245,74.07
1774917060,565,14221,17.17,17.36,17.93
1774917060,565,14215,0,0,0
1774917060,565,14211,1,1,1
1774917120,565,14223,72.97,72.97,72.97
1774917120,565,14221,17.17,17.58,18.81
1774917120,565,14215,0,0,0
1774917120,565,14211,1,1,1
1774917180,565,14223,65.09,71.7075,74.47
1774917180,565,14221,14.37,15.4025,16.76
1774917180,565,14215,0,0,0
1774917180,565,14211,1,1,1
1774917240,565,14223,67.39,72,73.59
1774917240,565,14221,15.44,16.24,16.76
1774917240,565,14215,0,0,0
1774917240,565,14211,1,1,1
1774917300,565,14223,73.43,73.43,73.43
1774917300,565,14221,15.44,15.44,15.44
1774917300,565,14215,0,0,0
1774917300,565,14211,1,1,1
1774917360,565,14223,73.43,73.43,73.43
1774917360,565,14221,15.44,15.44,15.44
1774917360,565,14215,0,0,0
1774917360,565,14211,1,1,1
1774917420,565,14223,71.53,72.575,73.43
1774917420,565,14221,15.44,16.3075,17.64
1774917420,565,14215,0,0,0
1774917420,565,14211,1,1,1
1774917480,565,14223,71.04,71.365,71.83
1774917480,565,14221,14.28,16.01,18.49
1774917480,565,14215,0,0,0
1774917480,565,14211,1,1,1
1774917540,565,14223,71.83,71.97,72.11
1774917540,565,14221,14.17,14.225,14.28
1774917540,565,14215,0,0,0
1774917540,565,14211,1,1,1
1774917600,565,14223,72.11,72.68,72.87
1774917600,565,14221,14.17,15.8725,16.44
1774917600,565,14215,0,0,0
1774917600,565,14211,1,1,1
1774917660,565,14223,72.35,72.825,73.37
1774917660,565,14221,12.82,14.0525,14.95
1774917660,565,14215,0,0,0
1774917660,565,14211,1,1,1
1774917720,565,14223,74.85,74.85,74.85
1774917720,565,14221,14.07,14.07,14.07
1774917720,565,14215,0,0,0
1774917720,565,14211,1,1,1
1774917780,565,14223,74.85,74.85,74.85
1774917780,565,14221,14.07,14.07,14.07
1774917780,565,14215,0,0,0
1774917780,565,14211,1,1,1
1774917840,565,14223,0,0,0
1774917840,565,14221,0,0,0
1774917840,565,14215,0,0,0
1774917840,565,14211,1,1,1
1774917900,565,14223,74.24,74.6975,74.85
1774917900,565,14221,14.07,14.5075,15.82
1774917900,565,14215,0,0,0
1774917900,565,14211,1,1,1
1774917960,565,14223,73.07,73.35,73.49
1774917960,565,14221,14.08,14.1033,14.15
1774917960,565,14215,0,0,0
1774917960,565,14211,1,1,1
1774918020,565,14223,73.49,73.6725,73.78
1774918020,565,14221,12.31,14.155,15.67
1774918020,565,14215,0,0,0
1774918020,565,14211,1,1,1
1774918080,565,14223,72.57,73.34,74.08
1774918080,565,14221,12.72,13.4875,15.08
1774918080,565,14215,0,0,0
1774918080,565,14211,1,1,1
1774918140,565,14223,74.05,75.385,76.4
1774918140,565,14221,11.27,12.565,13.46
1774918140,565,14215,0,0,0
1774918140,565,14211,1,1,1
1774918200,565,14223,67.39,68.36,69.26
1774918200,565,14221,11.9,12.5167,13.21
1774918200,565,14215,0,0,0
1774918200,565,14211,1,1,1
1774918260,565,14223,69.26,69.26,69.26
1774918260,565,14221,13.55,13.55,13.55
1774918260,565,14215,0,0,0
1774918260,565,14211,1,1,1
1774918320,565,14223,72.06,72.8625,73.13
1774918320,565,14221,10.85,11.9975,12.38
1774918320,565,14215,0,0,0
1774918320,565,14211,1,1,1
1774918380,565,14223,72.28,72.9175,73.13
1774918380,565,14221,12.38,13.135,15.31
1774918380,565,14215,0,0,0
1774918380,565,14211,1,1,1
1774918440,565,14223,72.6,72.6,72.6
1774918440,565,14221,11.79,12.51,13.04
1774918440,565,14215,0,0,0
1774918440,565,14211,1,1,1
1774918500,565,14223,71.98,72.615,72.94
1774918500,565,14221,12.05,15.145,17.84
1774918500,565,14215,0,0,0
1774918500,565,14211,1,1,1
1774918560,565,14223,72.94,73.1175,73.21
1774918560,565,14221,12.5,13.995,15.62
1774918560,565,14215,0,0,0
1774918560,565,14211,1,1,1
1774918620,565,14223,73.21,73.21,73.21
1774918620,565,14221,12.03,13.7633,16.61
1774918620,565,14215,0,0,0
1774918620,565,14211,1,1,1
1774918680,565,14223,73.65,73.7533,73.96
1774918680,565,14221,12.8,13.57,14.49
1774918680,565,14215,0,0,0
1774918680,565,14211,1,1,1
1774918740,565,14223,73.96,73.96,73.96
1774918740,565,14221,12.36,13.2125,14.62
1774918740,565,14215,0,0,0
1774918740,565,14211,1,1,1
1774918800,565,14223,69.08,69.2825,69.35
1774918800,565,14221,12.86,12.86,12.86
1774918800,565,14215,0,0,0
1774918800,565,14211,1,1,1
1774918860,565,14223,69.2,69.5075,70.43
1774918860,565,14221,12.59,13.17,14.31
1774918860,565,14215,0,0,0
1774918860,565,14211,1,1,1
1774918920,565,14223,0,0,0
1774918920,565,14221,0,0,0
1774918920,565,14215,0,0,0
1774918920,565,14211,1,1,1
1774918980,565,14223,70.51,70.51,70.51
1774918980,565,14221,16.57,16.57,16.57
1774918980,565,14215,0,0,0
1774918980,565,14211,1,1,1
1774919040,565,14223,70.51,71.3925,73.67
1774919040,565,14221,11.58,14.08,16.57
1774919040,565,14215,0,0,0
1774919040,565,14211,1,1,1
1774919100,565,14223,70.83,72.04,73.39
1774919100,565,14221,10.25,11.1825,11.68
1774919100,565,14215,0,0,0
1774919100,565,14211,1,1,1
1774919160,565,14223,72.96,73.0125,73.03
1774919160,565,14221,10.68,11.875,13.69
1774919160,565,14215,0,0,0
1774919160,565,14211,1,1,1
1774919220,565,14223,71.8,72.065,72.49
1774919220,565,14221,10.64,11.9675,14.73
1774919220,565,14215,0,0,0
1774919220,565,14211,1,1,1
1774919280,565,14223,71.45,71.57,71.83
1774919280,565,14221,11.65,14.725,17.64
1774919280,565,14215,0,0,0
1774919280,565,14211,1,1,1
1774919340,565,14223,71.19,71.415,71.49
1774919340,565,14221,12.49,16.0175,18.14
1774919340,565,14215,0,0,0
1774919340,565,14211,1,1,1
1774919400,565,14223,70.52,70.795,71.07
1774919400,565,14221,12.61,15.0775,17.05
1774919400,565,14215,0,0,0
1774919400,565,14211,1,1,1
1774919460,565,14223,70.02,70.02,70.02
1774919460,565,14221,14.09,15.84,18.07
1774919460,565,14215,0,0,0
1774919460,565,14211,1,1,1
1774919520,565,14223,71.17,71.17,71.17
1774919520,565,14221,12.32,12.32,12.32
1774919520,565,14215,0,0,0
1774919520,565,14211,1,1,1
1774919580,565,14223,69.55,70.765,71.17
1774919580,565,14221,12.32,13.27,16.12
1774919580,565,14215,0,0,0
1774919580,565,14211,1,1,1
1774919640,565,14223,70.51,70.51,70.51
1774919640,565,14221,16.12,16.12,16.12
1774919640,565,14215,0,0,0
1774919640,565,14211,1,1,1
1774919700,565,14223,0,0,0
1774919700,565,14221,0,0,0
1774919700,565,14215,0,0,0
1774919700,565,14211,1,1,1
1774919760,565,14223,72.69,72.785,72.83
1774919760,565,14221,13.92,15.6475,17.82
1774919760,565,14215,0,0,0
1774919760,565,14211,1,1,1
1774919820,565,14223,69.12,69.4425,69.55
1774919820,565,14221,11.66,13.3225,16.68
1774919820,565,14215,0,0,0
1774919820,565,14211,1,1,1
1774919880,565,14223,73.4,73.5425,73.59
1774919880,565,14221,16.68,16.775,17.06
1774919880,565,14215,0,0,0
1774919880,565,14211,1,1,1
1774919940,565,14223,69.12,70.3467,72.8
1774919940,565,14221,13.05,14.0833,14.69
1774919940,565,14215,0,0,0
1774919940,565,14211,1,1,1
1774920000,565,14223,69.12,71.97,73.16
1774920000,565,14221,12.51,14.0925,14.84
1774920000,565,14215,0,0,0
1774920000,565,14211,1,1,1
1774920060,565,14223,69.68,70.115,70.5
1774920060,565,14221,13.04,13.645,14.26
1774920060,565,14215,0,0,0
1774920060,565,14211,1,1,1
1774920120,565,14223,70.5,70.5,70.5
1774920120,565,14221,13.04,15.22,17.08
1774920120,565,14215,0,0,0
1774920120,565,14211,1,1,1
1774920180,565,14223,0,0,0
1774920180,565,14221,0,0,0
1774920180,565,14215,0,0,0
1774920180,565,14211,1,1,1
1774920240,565,14223,0,0,0
1774920240,565,14221,0,0,0
1774920240,565,14215,0,0,0
1774920240,565,14211,0,0,0
1774920300,565,14223,0,0,0
1774920300,565,14221,0,0,0
1774920300,565,14215,0,0,0
1774920300,565,14211,0,0,0
1774920360,565,14223,0,0,0
1774920360,565,14221,0,0,0
1774920360,565,14215,0,0,0
1774920360,565,14211,0,0,0
1774920420,565,14223,0,0,0
1774920420,565,14221,0,0,0
1774920420,565,14215,0,0,0
1774920420,565,14211,0,0,0
1774920480,565,14223,0,0,0
1774920480,565,14221,0,0,0
1774920480,565,14215,0,0,0
1774920480,565,14211,0,0,0
1774920540,565,14223,0,0,0
1774920540,565,14221,0,0,0
1774920540,565,14215,0,0,0
1774920540,565,14211,0,0,0
1774920600,565,14223,0,0,0
1774920600,565,14221,0,0,0
1774920600,565,14215,0,0,0
1774920600,565,14211,0,0,0
1774920660,565,14223,0,0,0
1774920660,565,14221,0,0,0
1774920660,565,14215,0,0,0
1774920660,565,14211,0,0,0
1774920720,565,14223,0,0,0
1774920720,565,14221,0,0,0
1774920720,565,14215,0,0,0
1774920720,565,14211,0,0,0
1774920780,565,14223,0,0,0
1774920780,565,14221,0,0,0
1774920780,565,14215,0,0,0
1774920780,565,14211,0,0,0
1774920840,565,14223,0,0,0
1774920840,565,14221,0,0,0
1774920840,565,14215,0,0,0
1774920840,565,14211,0,0,0
1774920900,565,14223,0,0,0
1774920900,565,14221,0,0,0
1774920900,565,14215,0,0,0
1774920900,565,14211,0,0,0
1774920960,565,14223,0,0,0
1774920960,565,14221,0,0,0
1774920960,565,14215,0,0,0
1774920960,565,14211,0,0,0
1774921020,565,14223,0,0,0
1774921020,565,14221,0,0,0
1774921020,565,14215,0,0,0
1774921020,565,14211,0,0,0
1774921080,565,14223,0,0,0
1774921080,565,14221,0,0,0
1774921080,565,14215,0,0,0
1774921080,565,14211,0,0,0
1774921140,565,14223,0,0,0
1774921140,565,14221,0,0,0
1774921140,565,14215,0,0,0
1774921140,565,14211,0,0,0
1774921200,565,14223,0,0,0
1774921200,565,14221,0,0,0
1774921200,565,14215,0,0,0
1774921200,565,14211,0,0,0
1774921260,565,14223,0,0,0
1774921260,565,14221,0,0,0
1774921260,565,14215,0,0,0
1774921260,565,14211,0,0,0
1774921320,565,14223,0,0,0
1774921320,565,14221,0,0,0
1774921320,565,14215,0,0,0
1774921320,565,14211,0,0,0
1774921380,565,14223,0,0,0
1774921380,565,14221,0,0,0
1774921380,565,14215,0,0,0
1774921380,565,14211,0,0,0
1774921440,565,14223,0,0,0
1774921440,565,14221,0,0,0
1774921440,565,14215,0,0,0
1774921440,565,14211,0,0,0
1774921500,565,14223,0,0,0
1774921500,565,14221,0,0,0
1774921500,565,14215,0,0,0
1774921500,565,14211,0,0,0
1774921560,565,14223,0,0,0
1774921560,565,14221,0,0,0
1774921560,565,14215,0,0,0
1774921560,565,14211,0,0,0
1774921620,565,14223,0,0,0
1774921620,565,14221,0,0,0
1774921620,565,14215,0,0,0
1774921620,565,14211,0,0,0
1774921680,565,14223,0,0,0
1774921680,565,14221,0,0,0
1774921680,565,14215,0,0,0
1774921680,565,14211,0,0,0
1774921740,565,14223,0,0,0
1774921740,565,14221,0,0,0
1774921740,565,14215,0,0,0
1774921740,565,14211,0,0,0
1774921800,565,14223,0,0,0
1774921800,565,14221,0,0,0
1774921800,565,14215,0,0,0
1774921800,565,14211,0,0,0
1774921860,565,14223,0,0,0
1774921860,565,14221,0,0,0
1774921860,565,14215,0,0,0
1774921860,565,14211,0,0,0
1774921920,565,14223,0,0,0
1774921920,565,14221,0,0,0
1774921920,565,14215,0,0,0
1774921920,565,14211,0,0,0
1774921980,565,14223,0,0,0
1774921980,565,14221,0,0,0
1774921980,565,14215,0,0,0
1774921980,565,14211,0,0,0
1774922040,565,14223,0,0,0
1774922040,565,14221,0,0,0
1774922040,565,14215,0,0,0
1774922040,565,14211,0,0,0
1774922100,565,14223,0,0,0
1774922100,565,14221,0,0,0
1774922100,565,14215,0,0,0
1774922100,565,14211,0,0,0
1774922160,565,14223,0,0,0
1774922160,565,14221,0,0,0
1774922160,565,14215,0,0,0
1774922160,565,14211,0,0,0
1774922220,565,14223,0,0,0
1774922220,565,14221,0,0,0
1774922220,565,14215,0,0,0
1774922220,565,14211,0,0,0
1774922280,565,14223,0,0,0
1774922280,565,14221,0,0,0
1774922280,565,14215,0,0,0
1774922280,565,14211,0,0,0
1774922340,565,14223,0,0,0
1774922340,565,14221,0,0,0
1774922340,565,14215,0,0,0
1774922340,565,14211,0,0,0
1774922400,565,14223,0,0,0
1774922400,565,14221,0,0,0
1774922400,565,14215,0,0,0
1774922400,565,14211,0,0,0
1774922460,565,14223,0,0,0
1774922460,565,14221,0,0,0
1774922460,565,14215,0,0,0
1774922460,565,14211,0,0,0
1774922520,565,14223,0,0,0
1774922520,565,14221,0,0,0
1774922520,565,14215,0,0,0
1774922520,565,14211,0,0,0
1774922580,565,14223,0,0,0
1774922580,565,14221,0,0,0
1774922580,565,14215,0,0,0
1774922580,565,14211,0,0,0
1774922640,565,14223,0,0,0
1774922640,565,14221,0,0,0
1774922640,565,14215,0,0,0
1774922640,565,14211,0,0,0
1774922700,565,14223,0,0,0
1774922700,565,14221,0,0,0
1774922700,565,14215,0,0,0
1774922700,565,14211,0,0,0
1774922760,565,14223,0,0,0
1774922760,565,14221,0,0,0
1774922760,565,14215,0,0,0
1774922760,565,14211,0,0,0
1774922820,565,14223,0,0,0
1774922820,565,14221,0,0,0
1774922820,565,14215,0,0,0
1774922820,565,14211,0,0,0
1774922880,565,14223,0,0,0
1774922880,565,14221,0,0,0
1774922880,565,14215,0,0,0
1774922880,565,14211,0,0,0
1774922940,565,14223,0,0,0
1774922940,565,14221,0,0,0
1774922940,565,14215,0,0,0
1774922940,565,14211,0,0,0
1774923000,565,14223,0,0,0
1774923000,565,14221,0,0,0
1774923000,565,14215,0,0,0
1774923000,565,14211,0,0,0
1774923060,565,14223,0,0,0
1774923060,565,14221,0,0,0
1774923060,565,14215,0,0,0
1774923060,565,14211,0,0,0
1774923120,565,14223,0,0,0
1774923120,565,14221,0,0,0
1774923120,565,14215,0,0,0
1774923120,565,14211,0,0,0
1774923180,565,14223,0,0,0
1774923180,565,14221,0,0,0
1774923180,565,14215,0,0,0
1774923180,565,14211,0,0,0
1774923240,565,14223,0,0,0
1774923240,565,14221,0,0,0
1774923240,565,14215,0,0,0
1774923240,565,14211,0,0,0
1774923300,565,14223,0,0,0
1774923300,565,14221,0,0,0
1774923300,565,14215,0,0,0
1774923300,565,14211,0,0,0
1774923360,565,14223,0,0,0
1774923360,565,14221,0,0,0
1774923360,565,14215,0,0,0
1774923360,565,14211,0,0,0
1774923420,565,14223,0,0,0
1774923420,565,14221,0,0,0
1774923420,565,14215,0,0,0
1774923420,565,14211,0,0,0
1774923480,565,14223,0,0,0
1774923480,565,14221,0,0,0
1774923480,565,14215,0,0,0
1774923480,565,14211,0,0,0
1774923540,565,14223,0,0,0
1774923540,565,14221,0,0,0
1774923540,565,14215,0,0,0
1774923540,565,14211,0,0,0
1774923600,565,14223,0,0,0
1774923600,565,14221,0,0,0
1774923600,565,14215,0,0,0
1774923600,565,14211,0,0,0
1774923660,565,14223,0,0,0
1774923660,565,14221,0,0,0
1774923660,565,14215,0,0,0
1774923660,565,14211,0,0,0
1774923720,565,14223,0,0,0
1774923720,565,14221,0,0,0
1774923720,565,14215,0,0,0
1774923720,565,14211,0,0,0
1774923780,565,14223,0,0,0
1774923780,565,14221,0,0,0
1774923780,565,14215,0,0,0
1774923780,565,14211,0,0,0
1774923840,565,14223,0,0,0
1774923840,565,14221,0,0,0
1774923840,565,14215,0,0,0
1774923840,565,14211,0,0,0
1774923900,565,14223,0,0,0
1774923900,565,14221,0,0,0
1774923900,565,14215,0,0,0
1774923900,565,14211,0,0,0
1774923960,565,14223,0,0,0
1774923960,565,14221,0,0,0
1774923960,565,14215,0,0,0
1774923960,565,14211,0,0,0
1774924020,565,14223,0,0,0
1774924020,565,14221,0,0,0
1774924020,565,14215,0,0,0
1774924020,565,14211,0,0,0
1774924080,565,14223,0,0,0
1774924080,565,14221,0,0,0
1774924080,565,14215,0,0,0
1774924080,565,14211,0,0,0
1774924140,565,14223,0,0,0
1774924140,565,14221,0,0,0
1774924140,565,14215,0,0,0
1774924140,565,14211,0,0,0
1774924200,565,14223,0,0,0
1774924200,565,14221,0,0,0
1774924200,565,14215,0,0,0
1774924200,565,14211,0,0,0
1774924260,565,14223,0,0,0
1774924260,565,14221,0,0,0
1774924260,565,14215,0,0,0
1774924260,565,14211,0,0,0
1774924320,565,14223,0,0,0
1774924320,565,14221,0,0,0
1774924320,565,14215,0,0,0
1774924320,565,14211,0,0,0
1774924380,565,14223,0,0,0
1774924380,565,14221,0,0,0
1774924380,565,14215,0,0,0
1774924380,565,14211,0,0,0
1774924440,565,14223,0,0,0
1774924440,565,14221,0,0,0
1774924440,565,14215,0,0,0
1774924440,565,14211,0,0,0
1774924500,565,14223,0,0,0
1774924500,565,14221,0,0,0
1774924500,565,14215,0,0,0
1774924500,565,14211,0,0,0
1774924560,565,14223,0,0,0
1774924560,565,14221,0,0,0
1774924560,565,14215,0,0,0
1774924560,565,14211,0,0,0
1774924620,565,14223,0,0,0
1774924620,565,14221,0,0,0
1774924620,565,14215,0,0,0
1774924620,565,14211,0,0,0
1774924680,565,14223,0,0,0
1774924680,565,14221,0,0,0
1774924680,565,14215,0,0,0
1774924680,565,14211,0,0,0
1774924740,565,14223,0,0,0
1774924740,565,14221,0,0,0
1774924740,565,14215,0,0,0
1774924740,565,14211,0,0,0
1774924800,565,14223,0,0,0
1774924800,565,14221,0,0,0
1774924800,565,14215,0,0,0
1774924800,565,14211,0,0,0
1774924860,565,14223,0,0,0
1774924860,565,14221,0,0,0
1774924860,565,14215,0,0,0
1774924860,565,14211,0,0,0
1774924920,565,14223,0,0,0
1774924920,565,14221,0,0,0
1774924920,565,14215,0,0,0
1774924920,565,14211,0,0,0
1774924980,565,14223,0,0,0
1774924980,565,14221,0,0,0
1774924980,565,14215,0,0,0
1774924980,565,14211,0,0,0
1774925040,565,14223,0,0,0
1774925040,565,14221,0,0,0
1774925040,565,14215,0,0,0
1774925040,565,14211,0,0,0
1774925100,565,14223,0,0,0
1774925100,565,14221,0,0,0
1774925100,565,14215,0,0,0
1774925100,565,14211,0,0,0
1774925160,565,14223,0,0,0
1774925160,565,14221,0,0,0
1774925160,565,14215,0,0,0
1774925160,565,14211,0,0,0
1774925220,565,14223,0,0,0
1774925220,565,14221,0,0,0
1774925220,565,14215,0,0,0
1774925220,565,14211,0,0,0
1774925280,565,14223,0,0,0
1774925280,565,14221,17.68,17.68,17.68
1774925280,565,14215,0,0,0
1774925280,565,14211,0,0.888889,1
1774925340,565,14223,0,0,0
1774925340,565,14221,17.68,17.68,17.68
1774925340,565,14215,0,0,0
1774925340,565,14211,1,1,1
1774925400,565,14223,0,0,0
1774925400,565,14221,17.68,17.68,17.68
1774925400,565,14215,0,0,0
1774925400,565,14211,1,1,1
1774925460,565,14223,0,0,0
1774925460,565,14221,0,0,0
1774925460,565,14215,0,0,0
1774925460,565,14211,1,1,1
1774925520,565,14223,64.19,64.595,64.73
1774925520,565,14221,14.43,14.815,15.97
1774925520,565,14215,0,0,0
1774925520,565,14211,1,1,1
1774925580,565,14223,64.73,64.73,64.73
1774925580,565,14221,14.43,14.43,14.43
1774925580,565,14215,0,0,0
1774925580,565,14211,1,1,1
1774925640,565,14223,64.73,64.73,64.73
1774925640,565,14221,14.43,14.43,14.43
1774925640,565,14215,0,0,0
1774925640,565,14211,1,1,1
1774925700,565,14223,64.73,64.73,64.73
1774925700,565,14221,14.43,14.43,14.43
1774925700,565,14215,0,0,0
1774925700,565,14211,1,1,1
1774925760,565,14223,64.73,64.81,65.05
1774925760,565,14221,14.43,15.2775,17.82
1774925760,565,14215,0,0,0
1774925760,565,14211,1,1,1
1774925820,565,14223,65.05,65.05,65.05
1774925820,565,14221,17.82,17.82,17.82
1774925820,565,14215,0,0,0
1774925820,565,14211,1,1,1
1774925880,565,14223,65.05,65.05,65.05
1774925880,565,14221,17.82,17.82,17.82
1774925880,565,14215,0,0,0
1774925880,565,14211,1,1,1
1774925940,565,14223,65.05,65.05,65.05
1774925940,565,14221,17.82,17.82,17.82
1774925940,565,14215,0,0,0
1774925940,565,14211,1,1,1
1774926000,565,14223,65.05,65.05,65.05
1774926000,565,14221,17.82,17.82,17.82
1774926000,565,14215,0,0,0
1774926000,565,14211,1,1,1
1774926060,565,14223,65.14,65.34,65.94
1774926060,565,14221,17.64,18.1725,19.77
1774926060,565,14215,0,0,0
1774926060,565,14211,1,1,1
1774926120,565,14223,68.19,68.7525,68.94
1774926120,565,14221,16.01,16.495,17.95
1774926120,565,14215,0,0,0
1774926120,565,14211,1,1,1
1774926180,565,14223,68.94,69.346,69.66
1774926180,565,14221,16.01,16.09,16.21
1774926180,565,14215,0,0,0
1774926180,565,14211,1,1,1
1774926240,565,14223,0,0,0
1774926240,565,14221,0,0,0
1774926240,565,14215,0,0,0
1774926240,565,14211,1,1,1
1774926300,565,14223,70.1,70.205,70.4
1774926300,565,14221,16.21,17.0025,18.26
1774926300,565,14215,0,0,0
1774926300,565,14211,1,1,1
1774926360,565,14223,70.22,70.22,70.22
1774926360,565,14221,14.52,16.6275,17.33
1774926360,565,14215,0,0,0
1774926360,565,14211,1,1,1
1774926420,565,14223,69.99,72.075,72.77
1774926420,565,14221,15.82,15.9625,16.39
1774926420,565,14215,0,0,0
1774926420,565,14211,1,1,1
1774926480,565,14223,71.88,71.88,71.88
1774926480,565,14221,15.74,16.01,16.1
1774926480,565,14215,0,0,0
1774926480,565,14211,1,1,1
1774926540,565,14223,70.99,70.99,70.99
1774926540,565,14221,14.32,14.32,14.32
1774926540,565,14215,0,0,0
1774926540,565,14211,1,1,1
1774926600,565,14223,71.76,71.76,71.76
1774926600,565,14221,15.46,15.46,15.46
1774926600,565,14215,0,0,0
1774926600,565,14211,1,1,1
1774926660,565,14223,71.4,71.58,71.76
1774926660,565,14221,15,15.23,15.46
1774926660,565,14215,0,0,0
1774926660,565,14211,1,1,1
1774926720,565,14223,62.69,67.045,71.4
1774926720,565,14221,15,15.675,16.76
1774926720,565,14215,0,0,0
1774926720,565,14211,1,1,1
1774926780,565,14223,62.69,64.684,72.54
1774926780,565,14221,16.58,19.21,20.82
1774926780,565,14215,0,0,0
1774926780,565,14211,1,1,1
1774926840,565,14223,62.77,69.2833,72.54
1774926840,565,14221,20.82,21.32,22.32
1774926840,565,14215,0,0,0
1774926840,565,14211,1,1,1
1774926900,565,14223,62.8,62.8,62.8
1774926900,565,14221,22.32,22.32,22.32
1774926900,565,14215,0,0,0
1774926900,565,14211,1,1,1
1774926960,565,14223,63.5,63.5,63.5
1774926960,565,14221,13.31,15.93,18.46
1774926960,565,14215,0,0,0
1774926960,565,14211,1,1,1
1774927020,565,14223,63.84,63.9,63.96
1774927020,565,14221,15.16,17.825,20.7
1774927020,565,14215,0,0,0
1774927020,565,14211,1,1,1
1774927080,565,14223,64.06,65.7225,70.71
1774927080,565,14221,13.65,15.15,15.92
1774927080,565,14215,0,0,0
1774927080,565,14211,1,1,1
1774927140,565,14223,70.71,70.71,70.71
1774927140,565,14221,15.11,15.11,15.11
1774927140,565,14215,0,0,0
1774927140,565,14211,1,1,1
1774927200,565,14223,64.43,66.2133,69.61
1774927200,565,14221,14.48,16.1467,18.04
1774927200,565,14215,0,0,0
1774927200,565,14211,1,1,1
1774927260,565,14223,69.61,70.01,70.41
1774927260,565,14221,18.04,18.04,18.04
1774927260,565,14215,0,0,0
1774927260,565,14211,1,1,1
1774927320,565,14223,70.41,72.0975,73.38
1774927320,565,14221,12.91,14.635,18.04
1774927320,565,14215,0,0,0
1774927320,565,14211,1,1,1
1774927380,565,14223,65.18,68.985,72.79
1774927380,565,14221,13.63,14.5725,15.34
1774927380,565,14215,0,0,0
1774927380,565,14211,1,1,1
1774927440,565,14223,65.18,68.835,72.49
1774927440,565,14221,17.03,18.7575,19.48
1774927440,565,14215,0,0,0
1774927440,565,14211,1,1,1
1774927500,565,14223,72.11,72.1233,72.15
1774927500,565,14221,13.42,15.41,17.36
1774927500,565,14215,0,0,0
1774927500,565,14211,1,1,1
1774927560,565,14223,72.11,72.11,72.11
1774927560,565,14221,15.45,15.45,15.45
1774927560,565,14215,0,0,0
1774927560,565,14211,1,1,1
1774927620,565,14223,72.11,72.11,72.11
1774927620,565,14221,15.45,15.45,15.45
1774927620,565,14215,0,0,0
1774927620,565,14211,1,1,1
1774927680,565,14223,72.11,72.11,72.11
1774927680,565,14221,15.45,15.45,15.45
1774927680,565,14215,0,0,0
1774927680,565,14211,1,1,1
1774927740,565,14223,72.11,72.11,72.11
1774927740,565,14221,15.45,15.59,15.87
1774927740,565,14215,0,0,0
1774927740,565,14211,1,1,1
1774927800,565,14223,72.11,72.11,72.11
1774927800,565,14221,15.87,15.87,15.87
1774927800,565,14215,0,0,0
1774927800,565,14211,1,1,1
1774927860,565,14223,72.11,72.91,73.31
1774927860,565,14221,15.87,16.4433,16.73
1774927860,565,14215,0,0,0
1774927860,565,14211,1,1,1
1774927920,565,14223,73.31,73.31,73.31
1774927920,565,14221,16.73,16.73,16.73
1774927920,565,14215,0,0,0
1774927920,565,14211,1,1,1
1774927980,565,14223,73.31,73.31,73.31
1774927980,565,14221,16.73,16.73,16.73
1774927980,565,14215,0,0,0
1774927980,565,14211,1,1,1
1774928040,565,14223,0,0,0
1774928040,565,14221,0,0,0
1774928040,565,14215,0,0,0
1774928040,565,14211,1,1,1
1774928100,565,14223,73.31,73.31,73.31
1774928100,565,14221,16.73,16.73,16.73
1774928100,565,14215,0,0,0
1774928100,565,14211,1,1,1
1774928160,565,14223,72.69,72.69,72.69
1774928160,565,14221,18.32,18.32,18.32
1774928160,565,14215,0,0,0
1774928160,565,14211,1,1,1
1774928220,565,14223,72.69,72.69,72.69
1774928220,565,14221,18.32,18.32,18.32
1774928220,565,14215,0,0,0
1774928220,565,14211,1,1,1
1774928280,565,14223,72.69,72.69,72.69
1774928280,565,14221,18.32,18.32,18.32
1774928280,565,14215,0,0,0
1774928280,565,14211,1,1,1
1774928340,565,14223,72.69,72.69,72.69
1774928340,565,14221,18.32,18.32,18.32
1774928340,565,14215,0,0,0
1774928340,565,14211,1,1,1
1774928400,565,14223,71.57,72.2225,72.75
1774928400,565,14221,15.79,17.7475,18.54
1774928400,565,14215,0,0,0
1774928400,565,14211,1,1,1
1774928460,565,14223,65.53,65.53,65.53
1774928460,565,14221,16.86,18.7775,19.59
1774928460,565,14215,0,0,0
1774928460,565,14211,1,1,1
1774928520,565,14223,65.89,66,66.09
1774928520,565,14221,20.12,20.45,21.32
1774928520,565,14215,0,0,0
1774928520,565,14211,1,1,1
1774928580,565,14223,69.74,69.74,69.74
1774928580,565,14221,21.32,21.32,21.32
1774928580,565,14215,0,0,0
1774928580,565,14211,1,1,1
1774928640,565,14223,69.74,69.8,69.82
1774928640,565,14221,16.17,18.1025,21.32
1774928640,565,14215,0,0,0
1774928640,565,14211,1,1,1
1774928700,565,14223,69.82,69.82,69.82
1774928700,565,14221,17.46,17.46,17.46
1774928700,565,14215,0,0,0
1774928700,565,14211,1,1,1
1774928760,565,14223,69.82,69.82,69.82
1774928760,565,14221,17.46,17.46,17.46
1774928760,565,14215,0,0,0
1774928760,565,14211,1,1,1
1774928820,565,14223,69.82,69.82,69.82
1774928820,565,14221,17.46,17.46,17.46
1774928820,565,14215,0,0,0
1774928820,565,14211,1,1,1
1774928880,565,14223,69.82,69.82,69.82
1774928880,565,14221,17.46,17.46,17.46
1774928880,565,14215,0,0,0
1774928880,565,14211,1,1,1
1774928940,565,14223,65.59,66.84,69.82
1774928940,565,14221,16.69,17.39,18.72
1774928940,565,14215,0,0,0
1774928940,565,14211,1,1,1
1774929000,565,14223,65.37,68.655,69.75
1774929000,565,14221,17.06,17.5175,17.67
1774929000,565,14215,0,0,0
1774929000,565,14211,1,1,1
1774929060,565,14223,69.75,69.75,69.75
1774929060,565,14221,17.67,17.67,17.67
1774929060,565,14215,0,0,0
1774929060,565,14211,1,1,1
1774929120,565,14223,69.54,70.6875,71.91
1774929120,565,14221,14.51,16.19,17.89
1774929120,565,14215,0,0,0
1774929120,565,14211,1,1,1
1774929180,565,14223,67.12,69.5225,72.2
1774929180,565,14221,12.81,15.04,17.3
1774929180,565,14215,0,0,0
1774929180,565,14211,1,1,1
1774929240,565,14223,67.12,68.565,72.9
1774929240,565,14221,15.8,17.25,18.04
1774929240,565,14215,0,0,0
1774929240,565,14211,1,1,1
1774929300,565,14223,72.16,72.7,73.24
1774929300,565,14221,16.65,17,17.35
1774929300,565,14215,0,0,0
1774929300,565,14211,1,1,1
1774929360,565,14223,73.24,73.24,73.24
1774929360,565,14221,17.35,17.35,17.35
1774929360,565,14215,0,0,0
1774929360,565,14211,1,1,1
1774929420,565,14223,72.35,72.35,72.35
1774929420,565,14221,14.12,14.12,14.12
1774929420,565,14215,0,0,0
1774929420,565,14211,1,1,1
1774929480,565,14223,72.3,72.3375,72.35
1774929480,565,14221,14.12,14.6575,16.27
1774929480,565,14215,0,0,0
1774929480,565,14211,1,1,1
1774929540,565,14223,68.72,69.525,71.94
1774929540,565,14221,13.66,15.005,16.34
1774929540,565,14215,0,0,0
1774929540,565,14211,1,1,1
1774929600,565,14223,68.72,71.7075,73.07
1774929600,565,14221,12.84,14.5025,15.6
1774929600,565,14215,0,0,0
1774929600,565,14211,1,1,1
1774929660,565,14223,72.09,72.2567,72.34
1774929660,565,14221,13.94,14.7833,15.42
1774929660,565,14215,0,0,0
1774929660,565,14211,1,1,1
1774929720,565,14223,70.99,70.99,70.99
1774929720,565,14221,14.78,14.78,14.78
1774929720,565,14215,0,0,0
1774929720,565,14211,1,1,1
1774929780,565,14223,68.72,68.9525,69.03
1774929780,565,14221,13.16,14.4475,15.69
1774929780,565,14215,0,0,0
1774929780,565,14211,1,1,1
1774929840,565,14223,69.03,72.96,74.27
1774929840,565,14221,13.53,13.985,15.35
1774929840,565,14215,0,0,0
1774929840,565,14211,1,1,1
1774929900,565,14223,73.87,73.97,74.27
1774929900,565,14221,13.53,15.81,16.57
1774929900,565,14215,0,0,0
1774929900,565,14211,1,1,1
1774929960,565,14223,69.03,71.6233,73.52
1774929960,565,14221,17.68,18.4267,19.6
1774929960,565,14215,0,0,0
1774929960,565,14211,1,1,1
1774930020,565,14223,72.32,73.9175,75.52
1774930020,565,14221,17.68,17.725,17.86
1774930020,565,14215,0,0,0
1774930020,565,14211,1,1,1
1774930080,565,14223,68.31,71.63,74.82
1774930080,565,14221,17.06,19.73,21.86
1774930080,565,14215,0,0,0
1774930080,565,14211,1,1,1
1774930140,565,14223,66.59,69.7475,72.62
1774930140,565,14221,14.55,16.005,16.49
1774930140,565,14215,0,0,0
1774930140,565,14211,1,1,1
1774930200,565,14223,74.45,74.45,74.45
1774930200,565,14221,18.92,18.92,18.92
1774930200,565,14215,0,0,0
1774930200,565,14211,1,1,1
1774930260,565,14223,65.21,70.175,74.45
1774930260,565,14221,14.36,17.0075,18.92
1774930260,565,14215,0,0,0
1774930260,565,14211,1,1,1
1774930320,565,14223,64.32,64.6725,65.21
1774930320,565,14221,13.26,15.665,17.08
1774930320,565,14215,0,0,0
1774930320,565,14211,1,1,1
1774930380,565,14223,64.39,64.495,64.53
1774930380,565,14221,14.73,18.0525,19.83
1774930380,565,14215,0,0,0
1774930380,565,14211,1,1,1
1774930440,565,14223,64.53,64.6975,64.86
1774930440,565,14221,13.55,16.475,21.13
1774930440,565,14215,0,0,0
1774930440,565,14211,1,1,1
1774930500,565,14223,64.62,66.7667,70.9
1774930500,565,14221,11.78,12.1167,12.39
1774930500,565,14215,0,0,0
1774930500,565,14211,1,1,1
1774930560,565,14223,70.9,70.9,70.9
1774930560,565,14221,11.78,11.78,11.78
1774930560,565,14215,0,0,0
1774930560,565,14211,1,1,1
1774930620,565,14223,67.04,70.205,73.13
1774930620,565,14221,12.12,13.355,15.63
1774930620,565,14215,0,0,0
1774930620,565,14211,1,1,1
1774930680,565,14223,72.27,72.9325,73.33
1774930680,565,14221,11.17,11.885,13.14
1774930680,565,14215,0,0,0
1774930680,565,14211,1,1,1
1774930740,565,14223,73.74,73.83,74.1
1774930740,565,14221,12.07,12.625,12.88
1774930740,565,14215,0,0,0
1774930740,565,14211,1,1,1
1774930800,565,14223,72.16,73.615,74.1
1774930800,565,14221,11.29,13.55,16.26
1774930800,565,14215,0,0,0
1774930800,565,14211,1,1,1
1774930860,565,14223,72.16,72.16,72.16
1774930860,565,14221,11.29,11.29,11.29
1774930860,565,14215,0,0,0
1774930860,565,14211,1,1,1
1774930920,565,14223,71.72,71.94,72.6
1774930920,565,14221,11.29,14.53,15.61
1774930920,565,14215,0,0,0
1774930920,565,14211,1,1,1
1774930980,565,14223,71.72,73.3933,74.27
1774930980,565,14221,14.47,17.7167,20.36
1774930980,565,14215,0,0,0
1774930980,565,14211,1,1,1
1774931040,565,14223,74.27,74.27,74.27
1774931040,565,14221,18.28,18.28,18.28
1774931040,565,14215,0,0,0
1774931040,565,14211,1,1,1
1774931100,565,14223,72.15,72.4325,72.85
1774931100,565,14221,18.86,19.6975,21.29
1774931100,565,14215,0,0,0
1774931100,565,14211,1,1,1
1774931160,565,14223,72.15,72.15,72.15
1774931160,565,14221,18.86,18.86,18.86
1774931160,565,14215,0,0,0
1774931160,565,14211,1,1,1
1774931220,565,14223,72.15,72.15,72.15
1774931220,565,14221,18.86,18.86,18.86
1774931220,565,14215,0,0,0
1774931220,565,14211,1,1,1
1774931280,565,14223,72.15,72.15,72.15
1774931280,565,14221,18.86,18.86,18.86
1774931280,565,14215,0,0,0
1774931280,565,14211,1,1,1
1774931340,565,14223,72.57,73.0775,73.54
1774931340,565,14221,18.56,19.835,21.56
1774931340,565,14215,0,0,0
1774931340,565,14211,1,1,1
1774931400,565,14223,73.35,73.58,74.27
1774931400,565,14221,21.49,21.6525,22.14
1774931400,565,14215,0,0,0
1774931400,565,14211,1,1,1
1774931460,565,14223,72.9,73.585,74.27
1774931460,565,14221,15.66,17.2675,22
1774931460,565,14215,0,0,0
1774931460,565,14211,1,1,1
1774931520,565,14223,72.9,72.9,72.9
1774931520,565,14221,15.66,16.6667,17.17
1774931520,565,14215,0,0,0
1774931520,565,14211,1,1,1
1774931580,565,14223,72.9,73.63,74.36
1774931580,565,14221,17.17,18.215,19.26
1774931580,565,14215,0,0,0
1774931580,565,14211,1,1,1
1774931640,565,14223,74.36,74.36,74.36
1774931640,565,14221,19.26,19.26,19.26
1774931640,565,14215,0,0,0
1774931640,565,14211,1,1,1
1774931700,565,14223,74.36,74.36,74.36
1774931700,565,14221,19.26,19.26,19.26
1774931700,565,14215,0,0,0
1774931700,565,14211,1,1,1
1774931760,565,14223,74.36,74.4725,74.81
1774931760,565,14221,19.26,19.4625,20.07
1774931760,565,14215,0,0,0
1774931760,565,14211,1,1,1
1774931820,565,14223,75.34,75.34,75.34
1774931820,565,14221,16.5,20.0775,21.27
1774931820,565,14215,0,0,0
1774931820,565,14211,1,1,1
1774931880,565,14223,75.34,75.34,75.34
1774931880,565,14221,16.5,16.5,16.5
1774931880,565,14215,0,0,0
1774931880,565,14211,1,1,1
1774931940,565,14223,75.34,75.34,75.34
1774931940,565,14221,16.5,16.5,16.5
1774931940,565,14215,0,0,0
1774931940,565,14211,1,1,1
1774932000,565,14223,74.8,75.07,75.34
1774932000,565,14221,16.5,17.28,18.06
1774932000,565,14215,0,0,0
1774932000,565,14211,1,1,1
1774932060,565,14223,73.85,74.325,74.8
1774932060,565,14221,18.06,18.945,19.83
1774932060,565,14215,0,0,0
1774932060,565,14211,1,1,1
1774932120,565,14223,73.85,73.85,73.85
1774932120,565,14221,19.83,19.83,19.83
1774932120,565,14215,0,0,0
1774932120,565,14211,1,1,1
1774932180,565,14223,73.85,73.9375,74.12
1774932180,565,14221,13.7,17.75,20.19
1774932180,565,14215,0,0,0
1774932180,565,14211,1,1,1
1774932240,565,14223,73.76,73.76,73.76
1774932240,565,14221,13.7,13.7,13.7
1774932240,565,14215,0,0,0
1774932240,565,14211,1,1,1
1774932300,565,14223,73.76,73.76,73.76
1774932300,565,14221,13.7,13.7,13.7
1774932300,565,14215,0,0,0
1774932300,565,14211,1,1,1
1774932360,565,14223,73.76,73.76,73.76
1774932360,565,14221,13.7,13.7,13.7
1774932360,565,14215,0,0,0
1774932360,565,14211,1,1,1
1774932420,565,14223,73.76,73.76,73.76
1774932420,565,14221,13.7,13.7,13.7
1774932420,565,14215,0,0,0
1774932420,565,14211,1,1,1
1774932480,565,14223,73.76,73.76,73.76
1774932480,565,14221,13.7,13.7,13.7
1774932480,565,14215,0,0,0
1774932480,565,14211,1,1,1
1774932540,565,14223,73.76,73.76,73.76
1774932540,565,14221,13.7,13.7,13.7
1774932540,565,14215,0,0,0
1774932540,565,14211,1,1,1
1774932600,565,14223,73.76,73.76,73.76
1774932600,565,14221,13.7,13.7,13.7
1774932600,565,14215,0,0,0
1774932600,565,14211,1,1,1
1774932660,565,14223,73.43,73.43,73.43
1774932660,565,14221,13.44,13.44,13.44
1774932660,565,14215,0,0,0
1774932660,565,14211,1,1,1
1774932720,565,14223,73.54,74.5325,75
1774932720,565,14221,13.44,14.1475,14.92
1774932720,565,14215,0,0,0
1774932720,565,14211,1,1,1
1774932780,565,14223,73,74.2425,75.19
1774932780,565,14221,14.67,16.2575,17.24
1774932780,565,14215,0,0,0
1774932780,565,14211,1,1,1
1774932840,565,14223,74.15,74.15,74.15
1774932840,565,14221,18.87,18.87,18.87
1774932840,565,14215,0,0,0
1774932840,565,14211,1,1,1
1774932900,565,14223,74.15,74.15,74.15
1774932900,565,14221,18.87,18.87,18.87
1774932900,565,14215,0,0,0
1774932900,565,14211,1,1,1
1774932960,565,14223,74.15,74.15,74.15
1774932960,565,14221,20.08,20.08,20.08
1774932960,565,14215,0,0,0
1774932960,565,14211,1,1,1
1774933020,565,14223,74.15,74.15,74.15
1774933020,565,14221,20.08,20.08,20.08
1774933020,565,14215,0,0,0
1774933020,565,14211,1,1,1
1774933080,565,14223,74.15,74.15,74.15
1774933080,565,14221,20.08,20.08,20.08
1774933080,565,14215,0,0,0
1774933080,565,14211,1,1,1
1774933140,565,14223,74.15,74.15,74.15
1774933140,565,14221,20.08,20.08,20.08
1774933140,565,14215,0,0,0
1774933140,565,14211,1,1,1
1774933200,565,14223,74.15,74.15,74.15
1774933200,565,14221,20.08,20.08,20.08
1774933200,565,14215,0,0,0
1774933200,565,14211,1,1,1
1774933260,565,14223,74.15,74.15,74.15
1774933260,565,14221,20.08,20.08,20.08
1774933260,565,14215,0,0,0
1774933260,565,14211,1,1,1
1774933320,565,14223,74.15,74.15,74.15
1774933320,565,14221,20.08,20.08,20.08
1774933320,565,14215,0,0,0
1774933320,565,14211,1,1,1
1774933380,565,14223,74.15,74.15,74.15
1774933380,565,14221,20.08,20.08,20.08
1774933380,565,14215,0,0,0
1774933380,565,14211,1,1,1
1774933440,565,14223,74.15,74.15,74.15
1774933440,565,14221,20.08,20.08,20.08
1774933440,565,14215,0,0,0
1774933440,565,14211,1,1,1
1774933500,565,14223,74.15,74.15,74.15
1774933500,565,14221,20.08,20.08,20.08
1774933500,565,14215,0,0,0
1774933500,565,14211,1,1,1
1774933560,565,14223,74.15,74.15,74.15
1774933560,565,14221,20.08,20.08,20.08
1774933560,565,14215,0,0,0
1774933560,565,14211,1,1,1
1774933620,565,14223,74.15,74.15,74.15
1774933620,565,14221,20.08,20.08,20.08
1774933620,565,14215,0,0,0
1774933620,565,14211,1,1,1
1774933680,565,14223,74.15,74.15,74.15
1774933680,565,14221,20.08,20.08,20.08
1774933680,565,14215,0,0,0
1774933680,565,14211,1,1,1
1774933740,565,14223,74.15,74.15,74.15
1774933740,565,14221,20.08,20.08,20.08
1774933740,565,14215,0,0,0
1774933740,565,14211,1,1,1
1774933800,565,14223,73,73.79,74.58
1774933800,565,14221,17.3,18.22,20.08
1774933800,565,14215,0,0,0
1774933800,565,14211,1,1,1
1774933860,565,14223,74.58,74.58,74.58
1774933860,565,14221,17.3,17.3,17.3
1774933860,565,14215,0,0,0
1774933860,565,14211,1,1,1
1774933920,565,14223,74.58,74.58,74.58
1774933920,565,14221,17.3,17.3,17.3
1774933920,565,14215,0,0,0
1774933920,565,14211,1,1,1
1774933980,565,14223,74.58,74.58,74.58
1774933980,565,14221,17.3,17.3,17.3
1774933980,565,14215,0,0,0
1774933980,565,14211,1,1,1
1774934040,565,14223,73.97,74.2167,74.58
1774934040,565,14221,17.3,18.5533,19.18
1774934040,565,14215,0,0,0
1774934040,565,14211,1,1,1
1774934100,565,14223,73.97,73.97,73.97
1774934100,565,14221,19.18,19.18,19.18
1774934100,565,14215,0,0,0
1774934100,565,14211,1,1,1
1774934160,565,14223,73.76,73.8125,73.97
1774934160,565,14221,19.18,19.4575,19.55
1774934160,565,14215,0,0,0
1774934160,565,14211,1,1,1
1774934220,565,14223,73.76,73.76,73.76
1774934220,565,14221,19.55,19.55,19.55
1774934220,565,14215,0,0,0
1774934220,565,14211,1,1,1
1774934280,565,14223,73.76,73.76,73.76
1774934280,565,14221,19.55,19.55,19.55
1774934280,565,14215,0,0,0
1774934280,565,14211,1,1,1
1774934340,565,14223,73.76,73.76,73.76
1774934340,565,14221,19.55,19.55,19.55
1774934340,565,14215,0,0,0
1774934340,565,14211,1,1,1
1774934400,565,14223,73.32,73.65,73.76
1774934400,565,14221,19.55,19.55,19.55
1774934400,565,14215,0,0,0
1774934400,565,14211,1,1,1
1774934460,565,14223,73.32,73.32,73.32
1774934460,565,14221,19.55,19.8725,20.84
1774934460,565,14215,0,0,0
1774934460,565,14211,1,1,1
1774934520,565,14223,73.32,73.32,73.32
1774934520,565,14221,20.84,20.84,20.84
1774934520,565,14215,0,0,0
1774934520,565,14211,1,1,1
1774934580,565,14223,73.32,73.32,73.32
1774934580,565,14221,20.84,20.84,20.84
1774934580,565,14215,0,0,0
1774934580,565,14211,1,1,1
1774934640,565,14223,72.74,72.98,73.32
1774934640,565,14221,20.84,22.0475,22.57
1774934640,565,14215,0,0,0
1774934640,565,14211,1,1,1
1774934700,565,14223,72.12,72.495,73
1774934700,565,14221,17.59,18.9325,22.57
1774934700,565,14215,0,0,0
1774934700,565,14211,1,1,1
1774934760,565,14223,71.74,73.17,74.66
1774934760,565,14221,13.38,14.93,16.99
1774934760,565,14215,0,0,0
1774934760,565,14211,1,1,1
1774934820,565,14223,75.45,75.8925,76.04
1774934820,565,14221,14.34,14.69,15.14
1774934820,565,14215,0,0,0
1774934820,565,14211,1,1,1
1774934880,565,14223,76.26,76.7,77.07
1774934880,565,14221,13.01,13.5825,14.55
1774934880,565,14215,0,0,0
1774934880,565,14211,1,1,1
1774934940,565,14223,77.29,77.5675,78.07
1774934940,565,14221,13.49,14.12,14.92
1774934940,565,14215,0,0,0
1774934940,565,14211,1,1,1
1774935000,565,14223,77.45,77.7733,78.42
1774935000,565,14221,15.16,15.5733,15.78
1774935000,565,14215,0,0,0
1774935000,565,14211,1,1,1
1774935060,565,14223,77.66,77.66,77.66
1774935060,565,14221,15.08,15.08,15.08
1774935060,565,14215,0,0,0
1774935060,565,14211,1,1,1
1774935120,565,14223,77.57,77.78,78.11
1774935120,565,14221,13.2,13.925,14.72
1774935120,565,14215,0,0,0
1774935120,565,14211,1,1,1
1774935180,565,14223,77.5,77.5,77.5
1774935180,565,14221,12.76,15.5875,18.16
1774935180,565,14215,0,0,0
1774935180,565,14211,1,1,1
1774935240,565,14223,70.34,72.33,77.5
1774935240,565,14221,12.97,13.5125,14.39
1774935240,565,14215,0,0,0
1774935240,565,14211,1,1,1
1774935300,565,14223,77.4,77.4,77.4
1774935300,565,14221,12.32,14.255,17.39
1774935300,565,14215,0,0,0
1774935300,565,14211,1,1,1
1774935360,565,14223,77.29,77.29,77.29
1774935360,565,14221,11.68,12.835,14.06
1774935360,565,14215,0,0,0
1774935360,565,14211,1,1,1
1774935420,565,14223,77.21,77.2325,77.26
1774935420,565,14221,11.57,13.4,14.9
1774935420,565,14215,0,0,0
1774935420,565,14211,1,1,1
1774935480,565,14223,76.94,77.025,77.08
1774935480,565,14221,10.43,12.7175,15.78
1774935480,565,14215,0,0,0
1774935480,565,14211,1,1,1
1774935540,565,14223,76.73,76.825,76.98
1774935540,565,14221,12.72,13.6225,14.92
1774935540,565,14215,0,0,0
1774935540,565,14211,1,1,1
1774935600,565,14223,76.74,76.8625,76.93
1774935600,565,14221,11.55,12.34,13.4
1774935600,565,14215,0,0,0
1774935600,565,14211,1,1,1
1774935660,565,14223,76.74,76.8075,76.86
1774935660,565,14221,11.8,12.0075,12.32
1774935660,565,14215,0,0,0
1774935660,565,14211,1,1,1
1774935720,565,14223,76.77,76.8725,77.02
1774935720,565,14221,12.54,13.115,14.55
1774935720,565,14215,0,0,0
1774935720,565,14211,1,1,1
1774935780,565,14223,77.02,77.02,77.02
1774935780,565,14221,11.98,12.5825,13.22
1774935780,565,14215,0,0,0
1774935780,565,14211,1,1,1
1774935840,565,14223,76.61,76.7133,76.92
1774935840,565,14221,10.86,12.0733,13.56
1774935840,565,14215,0,0,0
1774935840,565,14211,1,1,1
1774935900,565,14223,76.44,76.44,76.44
1774935900,565,14221,13.95,13.95,13.95
1774935900,565,14215,0,0,0
1774935900,565,14211,1,1,1
1774935960,565,14223,74.93,75.0025,75.11
1774935960,565,14221,11.82,14.095,17.23
1774935960,565,14215,0,0,0
1774935960,565,14211,1,1,1
1774936020,565,14223,73.67,74.075,74.93
1774936020,565,14221,12.77,16.26,17.81
1774936020,565,14215,0,0,0
1774936020,565,14211,1,1,1
1774936080,565,14223,74.64,74.7125,74.93
1774936080,565,14221,12.86,13.0975,13.33
1774936080,565,14215,0,0,0
1774936080,565,14211,1,1,1
1774936140,565,14223,73.54,74.365,74.64
1774936140,565,14221,13.46,13.7125,13.93
1774936140,565,14215,0,0,0
1774936140,565,14211,1,1,1
1774936200,565,14223,74.37,74.5725,74.64
1774936200,565,14221,12.55,13.1975,13.75
1774936200,565,14215,0,0,0
1774936200,565,14211,1,1,1
1774936260,565,14223,73.93,74.5075,74.82
1774936260,565,14221,10.85,12.6475,14.64
1774936260,565,14215,0,0,0
1774936260,565,14211,1,1,1
1774936320,565,14223,72.41,73.0625,75.02
1774936320,565,14221,11.15,11.595,12.93
1774936320,565,14215,0,0,0
1774936320,565,14211,1,1,1
1774936380,565,14223,72.41,74.3383,75.02
1774936380,565,14221,11.15,15.8133,18.39
1774936380,565,14215,0,0,0
1774936380,565,14211,1,1,1
1774936440,565,14223,72.07,72.498,74.21
1774936440,565,14221,13.16,13.792,16.32
1774936440,565,14215,0,0,0
1774936440,565,14211,1,1,1
1774936500,565,14223,75.61,75.8575,75.94
1774936500,565,14221,12.98,13.0475,13.25
1774936500,565,14215,0,0,0
1774936500,565,14211,1,1,1
1774936560,565,14223,75.94,75.94,75.94
1774936560,565,14221,12.98,12.98,12.98
1774936560,565,14215,0,0,0
1774936560,565,14211,1,1,1
1774936620,565,14223,74.18,74.18,74.18
1774936620,565,14221,11.78,13.6067,15.89
1774936620,565,14215,0,0,0
1774936620,565,14211,1,1,1
1774936680,565,14223,72.66,75,80.26
1774936680,565,14221,10.02,11.785,14.81
1774936680,565,14215,0,0,0
1774936680,565,14211,1,1,1
1774936740,565,14223,72.45,72.5325,72.58
1774936740,565,14221,11.67,12.285,13.27
1774936740,565,14215,0,0,0
1774936740,565,14211,1,1,1
1774936800,565,14223,72.37,72.45,72.59
1774936800,565,14221,13.93,14.7925,16.45
1774936800,565,14215,0,0,0
1774936800,565,14211,1,1,1
1774936860,565,14223,72.63,73.0675,74.32
1774936860,565,14221,12.93,14.595,16.12
1774936860,565,14215,0,0,0
1774936860,565,14211,1,1,1
1774936920,565,14223,74.32,74.32,74.32
1774936920,565,14221,16.12,16.12,16.12
1774936920,565,14215,0,0,0
1774936920,565,14211,1,1,1
1774936980,565,14223,0,0,0
1774936980,565,14221,0,0,0
1774936980,565,14215,0,0,0
1774936980,565,14211,1,1,1
1774937040,565,14223,73.15,73.15,73.15
1774937040,565,14221,13.44,13.44,13.44
1774937040,565,14215,0,0,0
1774937040,565,14211,1,1,1
1774937100,565,14223,73.54,74.56,74.9
1774937100,565,14221,12.13,12.505,12.63
1774937100,565,14215,0,0,0
1774937100,565,14211,1,1,1
1774937160,565,14223,73.08,73.19,73.4
1774937160,565,14221,11.69,13.7875,15.63
1774937160,565,14215,0,0,0
1774937160,565,14211,1,1,1
1774937220,565,14223,73.13,73.145,73.17
1774937220,565,14221,11.13,11.9475,12.72
1774937220,565,14215,0,0,0
1774937220,565,14211,1,1,1
1774937280,565,14223,73.13,73.834,74.01
1774937280,565,14221,17.94,17.94,17.94
1774937280,565,14215,0,0,0
1774937280,565,14211,1,1,1
1774937340,565,14223,73.13,74.615,76.17
1774937340,565,14221,13.76,17.8025,20.41
1774937340,565,14215,0,0,0
1774937340,565,14211,1,1,1
1774937400,565,14223,72.56,72.8825,73.13
1774937400,565,14221,12.23,12.64,12.87
1774937400,565,14215,0,0,0
1774937400,565,14211,1,1,1
1774937460,565,14223,72.49,72.5367,72.56
1774937460,565,14221,13.39,13.6267,13.76
1774937460,565,14215,0,0,0
1774937460,565,14211,1,1,1
1774937520,565,14223,72.31,72.315,72.33
1774937520,565,14221,13.6,15.2625,16.36
1774937520,565,14215,0,0,0
1774937520,565,14211,1,1,1
1774937580,565,14223,72.31,73.615,74.19
1774937580,565,14221,16.49,16.6275,16.74
1774937580,565,14215,0,0,0
1774937580,565,14211,1,1,1
1774937640,565,14223,73.77,74.03,74.45
1774937640,565,14221,14.76,15.485,16.15
1774937640,565,14215,0,0,0
1774937640,565,14211,1,1,1
1774937700,565,14223,72.3,72.3225,72.34
1774937700,565,14221,13.72,14.175,14.53
1774937700,565,14215,0,0,0
1774937700,565,14211,1,1,1
1774937760,565,14223,72.34,72.985,73.87
1774937760,565,14221,12.53,13.9375,14.97
1774937760,565,14215,0,0,0
1774937760,565,14211,1,1,1
1774937820,565,14223,74.61,74.65,74.69
1774937820,565,14221,12.32,12.9375,14.18
1774937820,565,14215,0,0,0
1774937820,565,14211,1,1,1
1774937880,565,14223,74.19,74.5125,74.64
1774937880,565,14221,10.5,11.9525,14.5
1774937880,565,14215,0,0,0
1774937880,565,14211,1,1,1
1774937940,565,14223,73.11,73.34,73.86
1774937940,565,14221,10.96,12.1125,12.8
1774937940,565,14215,0,0,0
1774937940,565,14211,1,1,1
1774938000,565,14223,72.81,72.8425,72.94
1774938000,565,14221,13.08,14.645,15.63
1774938000,565,14215,0,0,0
1774938000,565,14211,1,1,1
1774938060,565,14223,72.8,72.83,72.85
1774938060,565,14221,14.48,15.255,16.28
1774938060,565,14215,0,0,0
1774938060,565,14211,1,1,1
1774938120,565,14223,72.41,72.5925,72.8
1774938120,565,14221,11.24,12.295,14.09
1774938120,565,14215,0,0,0
1774938120,565,14211,1,1,1
1774938180,565,14223,72.17,72.35,72.49
1774938180,565,14221,10.81,11.46,12.66
1774938180,565,14215,0,0,0
1774938180,565,14211,1,1,1
1774938240,565,14223,71.6,71.87,72.17
1774938240,565,14221,12.75,15.02,18.2
1774938240,565,14215,0,0,0
1774938240,565,14211,1,1,1
1774938300,565,14223,71.32,71.35,71.36
1774938300,565,14221,12.22,13.4375,15.07
1774938300,565,14215,0,0,0
1774938300,565,14211,1,1,1
1774938360,565,14223,71.32,71.6125,72.24
1774938360,565,14221,11.5,13.9175,18.71
1774938360,565,14215,0,0,0
1774938360,565,14211,1,1,1
1774938420,565,14223,72.24,72.39,72.54
1774938420,565,14221,13.89,14.8975,16.89
1774938420,565,14215,0,0,0
1774938420,565,14211,1,1,1
1774938480,565,14223,70.04,70.04,70.04
1774938480,565,14221,12.8,12.8,12.8
1774938480,565,14215,0,0,0
1774938480,565,14211,1,1,1
1774938540,565,14223,69.91,70.0825,70.14
1774938540,565,14221,17.26,17.3925,17.79
1774938540,565,14215,0,0,0
1774938540,565,14211,1,1,1
1774938600,565,14223,0,0,0
1774938600,565,14221,0,0,0
1774938600,565,14215,0,0,0
1774938600,565,14211,1,1,1
1774938660,565,14223,69.91,69.91,69.91
1774938660,565,14221,17.79,17.79,17.79
1774938660,565,14215,0,0,0
1774938660,565,14211,1,1,1
1774938720,565,14223,69.63,69.63,69.63
1774938720,565,14221,15.58,15.58,15.58
1774938720,565,14215,0,0,0
1774938720,565,14211,1,1,1
1774938780,565,14223,69.63,70.2375,71.19
1774938780,565,14221,15.58,15.8075,16.16
1774938780,565,14215,0,0,0
1774938780,565,14211,1,1,1
1774938840,565,14223,69.61,70.5525,72.27
1774938840,565,14221,12.7,14.375,15.67
1774938840,565,14215,0,0,0
1774938840,565,14211,1,1,1
1774938900,565,14223,71.94,72.39,72.54
1774938900,565,14221,14.02,16.9175,19.69
1774938900,565,14215,0,0,0
1774938900,565,14211,1,1,1
1774938960,565,14223,72.23,72.655,73.42
1774938960,565,14221,13.47,15.415,19.81
1774938960,565,14215,0,0,0
1774938960,565,14211,1,1,1
1774939020,565,14223,71.89,71.995,72.03
1774939020,565,14221,12.01,13.0075,16
1774939020,565,14215,0,0,0
1774939020,565,14211,1,1,1
1774939080,565,14223,71.37,71.6225,71.74
1774939080,565,14221,16.75,17.9075,20.13
1774939080,565,14215,0,0,0
1774939080,565,14211,1,1,1
1774939140,565,14223,71.69,71.69,71.69
1774939140,565,14221,16.75,16.75,16.75
1774939140,565,14215,0,0,0
1774939140,565,14211,1,1,1
1774939200,565,14223,71.13,71.41,71.69
1774939200,565,14221,16.75,16.75,16.75
1774939200,565,14215,0,0,0
1774939200,565,14211,1,1,1
1774939260,565,14223,70.56,70.9875,71.13
1774939260,565,14221,16.75,16.75,16.75
1774939260,565,14215,0,0,0
1774939260,565,14211,1,1,1
1774939320,565,14223,69.98,70.2775,70.57
1774939320,565,14221,16.16,17.82,18.78
1774939320,565,14215,0,0,0
1774939320,565,14211,1,1,1
1774939380,565,14223,70.57,70.885,71.2
1774939380,565,14221,17.59,17.59,17.59
1774939380,565,14215,0,0,0
1774939380,565,14211,1,1,1
1774939440,565,14223,71.2,72.0933,72.54
1774939440,565,14221,13.8,15.6033,17.59
1774939440,565,14215,0,0,0
1774939440,565,14211,1,1,1
1774939500,565,14223,72.54,72.645,72.75
1774939500,565,14221,13.21,14.7925,16.53
1774939500,565,14215,0,0,0
1774939500,565,14211,1,1,1
1774939560,565,14223,0,0,0
1774939560,565,14221,0,0,0
1774939560,565,14215,0,0,0
1774939560,565,14211,1,1,1
1774939620,565,14223,74.37,74.37,74.37
1774939620,565,14221,16.69,16.69,16.69
1774939620,565,14215,0,0,0
1774939620,565,14211,1,1,1
1774939680,565,14223,74.37,74.37,74.37
1774939680,565,14221,16.69,16.69,16.69
1774939680,565,14215,0,0,0
1774939680,565,14211,1,1,1
1774939740,565,14223,74.37,74.37,74.37
1774939740,565,14221,16.69,16.69,16.69
1774939740,565,14215,0,0,0
1774939740,565,14211,1,1,1
1774939800,565,14223,72.95,72.95,72.95
1774939800,565,14221,14.24,14.24,14.24
1774939800,565,14215,0,0,0
1774939800,565,14211,1,1,1
1774939860,565,14223,74.23,74.23,74.23
1774939860,565,14221,14.24,14.755,15.27
1774939860,565,14215,0,0,0
1774939860,565,14211,1,1,1
1774939920,565,14223,73.59,74.1325,74.48
1774939920,565,14221,13.32,14.615,15.27
1774939920,565,14215,0,0,0
1774939920,565,14211,1,1,1
1774939980,565,14223,74.74,74.74,74.74
1774939980,565,14221,15.72,15.72,15.72
1774939980,565,14215,0,0,0
1774939980,565,14211,1,1,1
1774940040,565,14223,74.74,74.745,74.76
1774940040,565,14221,15.72,16.0075,16.87
1774940040,565,14215,0,0,0
1774940040,565,14211,1,1,1
1774940100,565,14223,73.35,74.235,74.76
1774940100,565,14221,13.87,15.8125,16.87
1774940100,565,14215,0,0,0
1774940100,565,14211,1,1,1
1774940160,565,14223,72.36,73.1225,73.39
1774940160,565,14221,13.96,14.7425,15.74
1774940160,565,14215,0,0,0
1774940160,565,14211,1,1,1
1774940220,565,14223,72.97,72.97,72.97
1774940220,565,14221,14.68,14.68,14.68
1774940220,565,14215,0,0,0
1774940220,565,14211,1,1,1
1774940280,565,14223,72.55,72.655,72.97
1774940280,565,14221,13.04,13.45,14.68
1774940280,565,14215,0,0,0
1774940280,565,14211,1,1,1
1774940340,565,14223,73.61,73.7225,73.76
1774940340,565,14221,15.13,16.93,17.53
1774940340,565,14215,0,0,0
1774940340,565,14211,1,1,1
1774940400,565,14223,72.86,72.89,72.95
1774940400,565,14221,14.79,16.2367,16.96
1774940400,565,14215,0,0,0
1774940400,565,14211,1,1,1
1774940460,565,14223,72.86,72.89,72.95
1774940460,565,14221,14.49,16.1367,16.96
1774940460,565,14215,0,0,0
1774940460,565,14211,1,1,1
1774940520,565,14223,71.85,71.85,71.85
1774940520,565,14221,15.05,15.05,15.05
1774940520,565,14215,0,0,0
1774940520,565,14211,1,1,1
1774940580,565,14223,71.54,71.8225,71.95
1774940580,565,14221,14.89,15.35,15.73
1774940580,565,14215,0,0,0
1774940580,565,14211,1,1,1
1774940640,565,14223,71.54,71.6675,71.71
1774940640,565,14221,12.22,14.14,14.78
1774940640,565,14215,0,0,0
1774940640,565,14211,1,1,1
1774940700,565,14223,71.71,71.71,71.71
1774940700,565,14221,14.78,14.78,14.78
1774940700,565,14215,0,0,0
1774940700,565,14211,1,1,1
1774940760,565,14223,71.71,71.71,71.71
1774940760,565,14221,14.78,14.78,14.78
1774940760,565,14215,0,0,0
1774940760,565,14211,1,1,1
1774940820,565,14223,71.71,71.71,71.71
1774940820,565,14221,14.78,14.78,14.78
1774940820,565,14215,0,0,0
1774940820,565,14211,1,1,1
1774940880,565,14223,71.71,71.71,71.71
1774940880,565,14221,14.78,14.78,14.78
1774940880,565,14215,0,0,0
1774940880,565,14211,1,1,1
1774940940,565,14223,71.71,71.71,71.71
1774940940,565,14221,12.66,14.25,14.78
1774940940,565,14215,0,0,0
1774940940,565,14211,1,1,1
1774941000,565,14223,71.12,72.4725,74.14
1774941000,565,14221,13.42,15.8775,18.3
1774941000,565,14215,0,0,0
1774941000,565,14211,1,1,1
1774941060,565,14223,0,0,0
1774941060,565,14221,0,0,0
1774941060,565,14215,0,0,0
1774941060,565,14211,1,1,1
1774941120,565,14223,74.14,74.14,74.14
1774941120,565,14221,18.3,18.3,18.3
1774941120,565,14215,0,0,0
1774941120,565,14211,1,1,1
1774941180,565,14223,74.14,74.14,74.14
1774941180,565,14221,18.3,18.3,18.3
1774941180,565,14215,0,0,0
1774941180,565,14211,1,1,1
1774941240,565,14223,74.14,74.14,74.14
1774941240,565,14221,18.3,18.3,18.3
1774941240,565,14215,0,0,0
1774941240,565,14211,1,1,1
1774941300,565,14223,74.14,74.14,74.14
1774941300,565,14221,18.3,18.3,18.3
1774941300,565,14215,0,0,0
1774941300,565,14211,1,1,1
1774941360,565,14223,74.14,74.14,74.14
1774941360,565,14221,18.3,18.3,18.3
1774941360,565,14215,0,0,0
1774941360,565,14211,1,1,1
1774941420,565,14223,74.14,74.14,74.14
1774941420,565,14221,18.3,18.3,18.3
1774941420,565,14215,0,0,0
1774941420,565,14211,1,1,1
1774941480,565,14223,74.14,74.14,74.14
1774941480,565,14221,18.3,18.3,18.3
1774941480,565,14215,0,0,0
1774941480,565,14211,1,1,1
1774941540,565,14223,74.14,74.14,74.14
1774941540,565,14221,18.3,18.3,18.3
1774941540,565,14215,0,0,0
1774941540,565,14211,1,1,1
1774941600,565,14223,72.2,73.655,74.14
1774941600,565,14221,15.71,17.6525,18.3
1774941600,565,14215,0,0,0
1774941600,565,14211,1,1,1
1774941660,565,14223,72.5,72.55,72.59
1774941660,565,14221,15.82,16.175,16.57
1774941660,565,14215,0,0,0
1774941660,565,14211,1,1,1
1774941720,565,14223,72.24,72.32,72.46
1774941720,565,14221,15.01,15.8933,16.91
1774941720,565,14215,0,0,0
1774941720,565,14211,1,1,1
1774941780,565,14223,72.17,72.2267,72.26
1774941780,565,14221,14.18,14.6,15.1
1774941780,565,14215,0,0,0
1774941780,565,14211,1,1,1
1774941840,565,14223,72.25,72.2675,72.29
1774941840,565,14221,13.74,15.6425,16.87
1774941840,565,14215,0,0,0
1774941840,565,14211,1,1,1
1774941900,565,14223,72.38,72.38,72.38
1774941900,565,14221,13.48,14.325,15.25
1774941900,565,14215,0,0,0
1774941900,565,14211,1,1,1
1774941960,565,14223,71.8,72.0675,72.32
1774941960,565,14221,13.78,14.1325,14.64
1774941960,565,14215,0,0,0
1774941960,565,14211,1,1,1
1774942020,565,14223,71.87,72.0125,72.12
1774942020,565,14221,13.91,14.545,15.95
1774942020,565,14215,0,0,0
1774942020,565,14211,1,1,1
1774942080,565,14223,71.79,71.8475,72.02
1774942080,565,14221,13.51,15.31,16.19
1774942080,565,14215,0,0,0
1774942080,565,14211,1,1,1
1774942140,565,14223,71.3,71.4,71.61
1774942140,565,14221,11.29,12.35,13.44
1774942140,565,14215,0,0,0
1774942140,565,14211,1,1,1
1774942200,565,14223,71.43,71.44,71.47
1774942200,565,14221,11.3,12.02,13.55
1774942200,565,14215,0,0,0
1774942200,565,14211,1,1,1
1774942260,565,14223,71.25,71.4533,71.64
1774942260,565,14221,12.49,13.2067,13.63
1774942260,565,14215,0,0,0
1774942260,565,14211,1,1,1
1774942320,565,14223,71.25,71.39,71.67
1774942320,565,14221,12.49,13.33,15.01
1774942320,565,14215,0,0.25,1
1774942320,565,14211,1,1,1
1774942380,565,14223,71.26,71.76,71.89
1774942380,565,14221,13.34,14.5286,16.75
1774942380,565,14215,0,0,0
1774942380,565,14211,1,1,1
1774942440,565,14223,71.26,71.26,71.26
1774942440,565,14221,13.34,13.43,13.7
1774942440,565,14215,0,0,0
1774942440,565,14211,1,1,1
1774942500,565,14223,70.89,71.1325,71.86
1774942500,565,14221,14.26,14.6275,14.75
1774942500,565,14215,0,0,0
1774942500,565,14211,1,1,1
1774942560,565,14223,70.89,71.0675,71.3
1774942560,565,14221,14.75,15.3725,15.58
1774942560,565,14215,0,0,0
1774942560,565,14211,1,1,1
1774942620,565,14223,71.19,71.64,72.26
1774942620,565,14221,14,15.835,17.11
1774942620,565,14215,0,0,0
1774942620,565,14211,1,1,1
1774942680,565,14223,71.55,71.805,72.19
1774942680,565,14221,14.15,14.2175,14.24
1774942680,565,14215,0,0,0
1774942680,565,14211,1,1,1
1774942740,565,14223,71.82,72.3375,72.51
1774942740,565,14221,17.58,17.58,17.58
1774942740,565,14215,0,0,0
1774942740,565,14211,1,1,1
1774942800,565,14223,72.51,72.51,72.51
1774942800,565,14221,17.58,17.58,17.58
1774942800,565,14215,0,0,0
1774942800,565,14211,1,1,1
1774942860,565,14223,71.84,72.0933,72.51
1774942860,565,14221,16,16.5267,17.58
1774942860,565,14215,0,0,0
1774942860,565,14211,1,1,1
1774942920,565,14223,71.42,71.42,71.42
1774942920,565,14221,16.94,16.94,16.94
1774942920,565,14215,0,0,0
1774942920,565,14211,1,1,1
1774942980,565,14223,71.42,71.42,71.42
1774942980,565,14221,16.94,16.94,16.94
1774942980,565,14215,0,0,0
1774942980,565,14211,1,1,1
1774943040,565,14223,71.42,71.42,71.42
1774943040,565,14221,16.94,16.94,16.94
1774943040,565,14215,0,0,0
1774943040,565,14211,1,1,1
1774943100,565,14223,71.42,71.42,71.42
1774943100,565,14221,16.94,16.94,16.94
1774943100,565,14215,0,0,0
1774943100,565,14211,1,1,1
1774943160,565,14223,71.19,71.3625,71.42
1774943160,565,14221,13.61,16.1075,16.94
1774943160,565,14215,0,0,0
1774943160,565,14211,1,1,1
1774943220,565,14223,0,0,0
1774943220,565,14221,0,0,0
1774943220,565,14215,0,0,0
1774943220,565,14211,1,1,1
1774943280,565,14223,70.47,71.355,71.88
1774943280,565,14221,13.61,16.0825,18.07
1774943280,565,14215,0,0,0
1774943280,565,14211,1,1,1
1774943340,565,14223,70.47,70.8733,71.68
1774943340,565,14221,18.07,18.65,19.81
1774943340,565,14215,0,0,0
1774943340,565,14211,1,1,1
1774943400,565,14223,71.68,71.68,71.68
1774943400,565,14221,19.01,19.01,19.01
1774943400,565,14215,0,0,0
1774943400,565,14211,1,1,1
1774943460,565,14223,68.12,68.7975,69.44
1774943460,565,14221,16.13,19.6825,22.6
1774943460,565,14215,0,0,0
1774943460,565,14211,1,1,1
1774943520,565,14223,67.25,67.2875,67.4
1774943520,565,14221,15.46,18.6,21.29
1774943520,565,14215,0,0,0
1774943520,565,14211,1,1,1
1774943580,565,14223,67.11,68.1825,71.26
1774943580,565,14221,14.48,16.0475,18.57
1774943580,565,14215,0,0,0
1774943580,565,14211,1,1,1
1774943640,565,14223,66.84,70.4075,72.27
1774943640,565,14221,14.27,14.66,15.41
1774943640,565,14215,0,0,0
1774943640,565,14211,1,1,1
1774943700,565,14223,66.57,69.0275,71.35
1774943700,565,14221,14.87,14.885,14.93
1774943700,565,14215,0,0,0
1774943700,565,14211,1,1,1
1774943760,565,14223,71.35,71.6125,71.7
1774943760,565,14221,14.26,14.4125,14.87
1774943760,565,14215,0,0,0
1774943760,565,14211,1,1,1
1774943820,565,14223,66.57,70.4175,71.7
1774943820,565,14221,14.26,15.475,17.74
1774943820,565,14215,0,0,0
1774943820,565,14211,1,1,1
1774943880,565,14223,66.57,70.5375,71.86
1774943880,565,14221,13.5,13.865,14.36
1774943880,565,14215,0,0,0
1774943880,565,14211,1,1,1
1774943940,565,14223,71.86,71.925,71.99
1774943940,565,14221,14.36,16.445,18.53
1774943940,565,14215,0,0,0
1774943940,565,14211,1,1,1
1774944000,565,14223,71.99,71.99,71.99
1774944000,565,14221,18.53,18.53,18.53
1774944000,565,14215,0,0,0
1774944000,565,14211,1,1,1
1774944060,565,14223,71.99,71.99,71.99
1774944060,565,14221,18.53,18.53,18.53
1774944060,565,14215,0,0,0
1774944060,565,14211,1,1,1
1774944120,565,14223,71.56,71.935,72.2
1774944120,565,14221,16.32,17.6525,18.53
1774944120,565,14215,0,0,0
1774944120,565,14211,1,1,1
1774944180,565,14223,71.17,71.17,71.17
1774944180,565,14221,18.09,18.09,18.09
1774944180,565,14215,0,0,0
1774944180,565,14211,1,1,1
1774944240,565,14223,70.95,71.1525,71.22
1774944240,565,14221,15.19,15.745,17.41
1774944240,565,14215,0,0,0
1774944240,565,14211,1,1,1
1774944300,565,14223,66.69,70.0875,71.22
1774944300,565,14221,15.19,15.1975,15.22
1774944300,565,14215,0,0,0
1774944300,565,14211,1,1,1
1774944360,565,14223,66.69,67.94,69.19
1774944360,565,14221,14.65,14.795,15.23
1774944360,565,14215,0,0,0
1774944360,565,14211,1,1,1
1774944420,565,14223,69.19,69.19,69.19
1774944420,565,14221,14.65,14.65,14.65
1774944420,565,14215,0,0,0
1774944420,565,14211,1,1,1
1774944480,565,14223,69.19,69.19,69.19
1774944480,565,14221,14.65,14.65,14.65
1774944480,565,14215,0,0,0
1774944480,565,14211,1,1,1
1774944540,565,14223,68.95,69.37,69.51
1774944540,565,14221,11.86,12.5575,14.65
1774944540,565,14215,0,0,0
1774944540,565,14211,1,1,1
1774944600,565,14223,69.51,69.51,69.51
1774944600,565,14221,11.86,11.86,11.86
1774944600,565,14215,0,0,0
1774944600,565,14211,1,1,1
1774944660,565,14223,66.52,67.31,69.51
1774944660,565,14221,11.86,15.39,18.66
1774944660,565,14215,0,0,0
1774944660,565,14211,1,1,1
1774944720,565,14223,65.92,68.4725,70.89
1774944720,565,14221,19.02,19.3925,19.72
1774944720,565,14215,0,0,0
1774944720,565,14211,1,1,1
1774944780,565,14223,70.78,70.8625,70.89
1774944780,565,14221,15.21,17.7375,19.72
1774944780,565,14215,0,0,0
1774944780,565,14211,1,1,1
1774944840,565,14223,70.29,71.862,72.52
1774944840,565,14221,13.47,16.54,17.83
1774944840,565,14215,0,0,0
1774944840,565,14211,1,1,1
1774944900,565,14223,65.58,71.48,73.91
1774944900,565,14221,17.83,19.14,19.79
1774944900,565,14215,0,0,0
1774944900,565,14211,1,1,1
1774944960,565,14223,65.23,71.3675,73.91
1774944960,565,14221,18.1,18.7825,19.69
1774944960,565,14215,0,0,0
1774944960,565,14211,1,1,1
1774945020,565,14223,64.13,64.69,65.23
1774945020,565,14221,17.21,19.085,20.78
1774945020,565,14215,0,0,0
1774945020,565,14211,1,1,1
1774945080,565,14223,63.83,63.95,64.13
1774945080,565,14221,17.27,18.524,19.57
1774945080,565,14215,0,0,0
1774945080,565,14211,1,1,1
1774945140,565,14223,63.22,63.37,63.52
1774945140,565,14221,14.38,16.89,19.32
1774945140,565,14215,0,0,0
1774945140,565,14211,1,1,1
1774945200,565,14223,62.44,65.4825,73.49
1774945200,565,14221,14.6,15.48,16.42
1774945200,565,14215,0,0,0
1774945200,565,14211,1,1,1
1774945260,565,14223,73.49,73.49,73.49
1774945260,565,14221,15.45,15.45,15.45
1774945260,565,14215,0,0,0
1774945260,565,14211,1,1,1
1774945320,565,14223,73.49,73.49,73.49
1774945320,565,14221,15.45,15.45,15.45
1774945320,565,14215,0,0,0
1774945320,565,14211,1,1,1
1774945380,565,14223,73.49,74.14,74.79
1774945380,565,14221,15.45,16.78,18.11
1774945380,565,14215,0,0,0
1774945380,565,14211,1,1,1
1774945440,565,14223,74.79,74.79,74.79
1774945440,565,14221,18.11,18.11,18.11
1774945440,565,14215,0,0,0
1774945440,565,14211,1,1,1
1774945500,565,14223,74.79,74.79,74.79
1774945500,565,14221,18.11,18.11,18.11
1774945500,565,14215,0,0,0
1774945500,565,14211,1,1,1
1774945560,565,14223,62.56,65.7725,75.41
1774945560,565,14221,16.22,17.41,19.86
1774945560,565,14215,0,0,0
1774945560,565,14211,1,1,1
1774945620,565,14223,72.86,73.3675,74.63
1774945620,565,14221,15.17,16.5125,16.96
1774945620,565,14215,0,0,0
1774945620,565,14211,1,1,1
1774945680,565,14223,72.86,72.86,72.86
1774945680,565,14221,16.96,16.96,16.96
1774945680,565,14215,0,0,0
1774945680,565,14211,1,1,1
1774945740,565,14223,72.86,72.86,72.86
1774945740,565,14221,16.96,16.96,16.96
1774945740,565,14215,0,0,0
1774945740,565,14211,1,1,1
1774945800,565,14223,72.86,72.86,72.86
1774945800,565,14221,16.96,16.96,16.96
1774945800,565,14215,0,0,0
1774945800,565,14211,1,1,1
1774945860,565,14223,72.86,72.86,72.86
1774945860,565,14221,16.96,16.96,16.96
1774945860,565,14215,0,0,0
1774945860,565,14211,1,1,1
1774945920,565,14223,73.67,73.67,73.67
1774945920,565,14221,13.75,13.75,13.75
1774945920,565,14215,0,0,0
1774945920,565,14211,1,1,1
1774945980,565,14223,73.27,73.47,73.67
1774945980,565,14221,13.75,13.83,13.91
1774945980,565,14215,0,0,0
1774945980,565,14211,1,1,1
1774946040,565,14223,73.27,73.27,73.27
1774946040,565,14221,13.91,13.91,13.91
1774946040,565,14215,0,0,0
1774946040,565,14211,1,1,1
1774946100,565,14223,73.27,73.27,73.27
1774946100,565,14221,13.91,13.91,13.91
1774946100,565,14215,0,0,0
1774946100,565,14211,1,1,1
1774946160,565,14223,73.27,73.27,73.27
1774946160,565,14221,13.91,13.91,13.91
1774946160,565,14215,0,0,0
1774946160,565,14211,1,1,1
1774946220,565,14223,73.27,73.27,73.27
1774946220,565,14221,13.91,13.91,13.91
1774946220,565,14215,0,0,0
1774946220,565,14211,1,1,1
1774946280,565,14223,73.27,73.27,73.27
1774946280,565,14221,13.91,13.91,13.91
1774946280,565,14215,0,0,0
1774946280,565,14211,1,1,1
1774946340,565,14223,73.27,74.1525,75.6
1774946340,565,14221,13.91,15.1125,17.44
1774946340,565,14215,0,0,0
1774946340,565,14211,1,1,1
1774946400,565,14223,64.89,66.405,66.91
1774946400,565,14221,12.17,14.9625,17.71
1774946400,565,14215,0,0,0
1774946400,565,14211,1,1,1
1774946460,565,14223,68.63,69.525,70.42
1774946460,565,14221,15.46,15.9025,16.46
1774946460,565,14215,0,0,0
1774946460,565,14211,1,1,1
1774946520,565,14223,70.42,73.375,74.66
1774946520,565,14221,16.18,16.5925,17.13
1774946520,565,14215,0,0,0
1774946520,565,14211,1,1,1
1774946580,565,14223,74.21,74.6575,75.22
1774946580,565,14221,15.98,17.5725,19.39
1774946580,565,14215,0,0,0
1774946580,565,14211,1,1,1
1774946640,565,14223,70.42,72.3675,74.5
1774946640,565,14221,13.56,15.99,17.18
1774946640,565,14215,0,0,0
1774946640,565,14211,1,1,1
1774946700,565,14223,74.13,74.13,74.13
1774946700,565,14221,13.56,13.56,13.56
1774946700,565,14215,0,0,0
1774946700,565,14211,1,1,1
1774946760,565,14223,69.85,73.2475,74.88
1774946760,565,14221,13.56,15.495,16.65
1774946760,565,14215,0,0,0
1774946760,565,14211,1,1,1
1774946820,565,14223,68.93,70.2325,73.22
1774946820,565,14221,17.07,18.175,20.25
1774946820,565,14215,0,0,0
1774946820,565,14211,1,1,1
1774946880,565,14223,73.22,73.315,73.6
1774946880,565,14221,16.15,17.3425,17.74
1774946880,565,14215,0,0,0
1774946880,565,14211,1,1,1
1774946940,565,14223,67.8,70.01,73.76
1774946940,565,14221,16.37,16.39,16.4
1774946940,565,14215,0,0,0
1774946940,565,14211,1,1,1
1774947000,565,14223,73.76,73.76,73.76
1774947000,565,14221,16.4,16.4,16.4
1774947000,565,14215,0,0,0
1774947000,565,14211,1,1,1
1774947060,565,14223,73.76,73.76,73.76
1774947060,565,14221,16.4,16.4,16.4
1774947060,565,14215,0,0,0
1774947060,565,14211,1,1,1
1774947120,565,14223,66.43,66.915,67.4
1774947120,565,14221,14.68,17.1225,19.18
1774947120,565,14215,0,0,0
1774947120,565,14211,1,1,1
1774947180,565,14223,66.43,70.7433,72.9
1774947180,565,14221,14.58,14.7067,14.96
1774947180,565,14215,0,0,0
1774947180,565,14211,1,1,1
1774947240,565,14223,72.9,72.9,72.9
1774947240,565,14221,14.58,14.58,14.58
1774947240,565,14215,0,0,0
1774947240,565,14211,1,1,1
1774947300,565,14223,72.65,72.7125,72.9
1774947300,565,14221,14.58,16.5825,17.25
1774947300,565,14215,0,0,0
1774947300,565,14211,1,1,1
1774947360,565,14223,73.39,73.39,73.39
1774947360,565,14221,17.5,17.98,18.14
1774947360,565,14215,0,0,0
1774947360,565,14211,1,1,1
1774947420,565,14223,73.39,73.39,73.39
1774947420,565,14221,18.14,18.14,18.14
1774947420,565,14215,0,0,0
1774947420,565,14211,1,1,1
1774947480,565,14223,73.39,73.39,73.39
1774947480,565,14221,18.14,18.14,18.14
1774947480,565,14215,0,0,0
1774947480,565,14211,1,1,1
1774947540,565,14223,0,0,0
1774947540,565,14221,0,0,0
1774947540,565,14215,0,0,0
1774947540,565,14211,1,1,1
1774947600,565,14223,73.33,73.33,73.33
1774947600,565,14221,19.46,19.46,19.46
1774947600,565,14215,0,0,0
1774947600,565,14211,1,1,1
1774947660,565,14223,73.33,73.33,73.33
1774947660,565,14221,19.46,19.46,19.46
1774947660,565,14215,0,0,0
1774947660,565,14211,1,1,1
1774947720,565,14223,73.33,73.33,73.33
1774947720,565,14221,19.46,19.46,19.46
1774947720,565,14215,0,0,0
1774947720,565,14211,1,1,1
1774947780,565,14223,73.33,73.33,73.33
1774947780,565,14221,19.46,19.46,19.46
1774947780,565,14215,0,0,0
1774947780,565,14211,1,1,1
1774947840,565,14223,73.33,73.33,73.33
1774947840,565,14221,19.46,19.46,19.46
1774947840,565,14215,0,0,0
1774947840,565,14211,1,1,1
1774947900,565,14223,73.33,75.135,76.15
1774947900,565,14221,16.76,18.48,19.43
1774947900,565,14215,0,0,0
1774947900,565,14211,1,1,1
1774947960,565,14223,66.43,72.325,74.29
1774947960,565,14221,13.56,14.31,16.56
1774947960,565,14215,0,0,0
1774947960,565,14211,1,1,1
1774948020,565,14223,74.29,74.29,74.29
1774948020,565,14221,13.56,13.56,13.56
1774948020,565,14215,0,0,0
1774948020,565,14211,1,1,1
1774948080,565,14223,74.29,74.29,74.29
1774948080,565,14221,13.56,13.56,13.56
1774948080,565,14215,0,0,0
1774948080,565,14211,1,1,1
1774948140,565,14223,0,0,0
1774948140,565,14221,0,0,0
1774948140,565,14215,0,0,0
1774948140,565,14211,1,1,1
1774948200,565,14223,74.29,74.29,74.29
1774948200,565,14221,13.56,13.56,13.56
1774948200,565,14215,0,0,0
1774948200,565,14211,1,1,1
1774948260,565,14223,74.54,74.54,74.54
1774948260,565,14221,13.56,13.56,13.56
1774948260,565,14215,0,0,0
1774948260,565,14211,1,1,1
1774948320,565,14223,74.88,74.88,74.88
1774948320,565,14221,15.31,15.31,15.31
1774948320,565,14215,0,0,0
1774948320,565,14211,1,1,1
1774948380,565,14223,74.78,74.8425,74.88
1774948380,565,14221,13.68,15.385,17.24
1774948380,565,14215,0,0,0
1774948380,565,14211,1,1,1
1774948440,565,14223,74.78,74.78,74.78
1774948440,565,14221,13.68,13.68,13.68
1774948440,565,14215,0,0,0
1774948440,565,14211,1,1,1
1774948500,565,14223,74.21,74.555,74.78
1774948500,565,14221,13.68,15.0975,18.23
1774948500,565,14215,0,0,0
1774948500,565,14211,1,1,1
1774948560,565,14223,73.98,74.3325,74.45
1774948560,565,14221,13.93,16.635,18.23
1774948560,565,14215,0,0,0
1774948560,565,14211,1,1,1
1774948620,565,14223,73.98,73.98,73.98
1774948620,565,14221,13.93,13.93,13.93
1774948620,565,14215,0,0,0
1774948620,565,14211,1,1,1
1774948680,565,14223,73.98,73.98,73.98
1774948680,565,14221,13.93,13.93,13.93
1774948680,565,14215,0,0,0
1774948680,565,14211,1,1,1
1774948740,565,14223,65.47,69.835,73.98
1774948740,565,14221,13.93,14.245,15.09
1774948740,565,14215,0,0,0
1774948740,565,14211,1,1,1
1774948800,565,14223,64.75,65.025,65.15
1774948800,565,14221,13.75,16.07,20.46
1774948800,565,14215,0,0,0
1774948800,565,14211,1,1,1
1774948860,565,14223,71.52,71.52,71.52
1774948860,565,14221,20.19,20.19,20.19
1774948860,565,14215,0,0,0
1774948860,565,14211,1,1,1
1774948920,565,14223,71.52,71.52,71.52
1774948920,565,14221,20.19,20.19,20.19
1774948920,565,14215,0,0,0
1774948920,565,14211,1,1,1
1774948980,565,14223,71.52,71.52,71.52
1774948980,565,14221,20.19,20.19,20.19
1774948980,565,14215,0,0,0
1774948980,565,14211,1,1,1
1774949040,565,14223,71.25,72.285,72.99
1774949040,565,14221,14.01,14.9875,16.15
1774949040,565,14215,0,0,0
1774949040,565,14211,1,1,1
1774949100,565,14223,72.89,73.435,74.05
1774949100,565,14221,14.12,14.5875,15.04
1774949100,565,14215,0,0,0
1774949100,565,14211,1,1,1
1774949160,565,14223,73.94,74.015,74.05
1774949160,565,14221,13.33,14.0525,14.64
1774949160,565,14215,0,0,0
1774949160,565,14211,1,1,1
1774949220,565,14223,74.15,74.7025,75.27
1774949220,565,14221,12.87,13.9575,15.06
1774949220,565,14215,0,0,0
1774949220,565,14211,1,1,1
1774949280,565,14223,74.52,74.52,74.52
1774949280,565,14221,13.47,13.47,13.47
1774949280,565,14215,0,0,0
1774949280,565,14211,1,1,1
1774949340,565,14223,63.67,64.0575,64.75
1774949340,565,14221,11.21,12.55,13.55
1774949340,565,14215,0,0,0
1774949340,565,14211,1,1,1
1774949400,565,14223,63.37,63.37,63.37
1774949400,565,14221,12.47,13.6225,14.95
1774949400,565,14215,0,0,0
1774949400,565,14211,1,1,1
1774949460,565,14223,63.07,63.145,63.37
1774949460,565,14221,13.62,15.45,16.99
1774949460,565,14215,0,0,0
1774949460,565,14211,1,1,1
1774949520,565,14223,62.81,63.015,63.13
1774949520,565,14221,14.66,15.4425,16.45
1774949520,565,14215,0,0,0
1774949520,565,14211,1,1,1
1774949580,565,14223,62.58,62.695,62.81
1774949580,565,14221,12.67,13.8675,15.07
1774949580,565,14215,0,0,0
1774949580,565,14211,1,1,1
1774949640,565,14223,62.16,62.2175,62.27
1774949640,565,14221,11.54,14.8425,18.52
1774949640,565,14215,0,0,0
1774949640,565,14211,1,1,1
1774949700,565,14223,62.51,62.72,62.98
1774949700,565,14221,16.86,17.89,19.22
1774949700,565,14215,0,0,0
1774949700,565,14211,1,1,1
1774949760,565,14223,62.92,62.965,62.98
1774949760,565,14221,15.19,15.7875,16.11
1774949760,565,14215,0,0,0
1774949760,565,14211,1,1,1
1774949820,565,14223,62.92,64.0025,65.91
1774949820,565,14221,11.53,14.37,16.7
1774949820,565,14215,0,0,0
1774949820,565,14211,1,1,1
1774949880,565,14223,68.24,69.4075,70.48
1774949880,565,14221,11.6,14.11,16.63
1774949880,565,14215,0,0,0
1774949880,565,14211,1,1,1
1774949940,565,14223,70.48,70.9975,71.17
1774949940,565,14221,11.85,14.4275,17.26
1774949940,565,14215,0,0,0
1774949940,565,14211,1,1,1
1774950000,565,14223,71.57,72.59,73.59
1774950000,565,14221,12.63,14.4925,16.78
1774950000,565,14215,0,0,0
1774950000,565,14211,1,1,1
1774950060,565,14223,73.59,73.6667,73.82
1774950060,565,14221,12.31,13.4833,14.07
1774950060,565,14215,0,0,0
1774950060,565,14211,1,1,1
1774950120,565,14223,0,0,0
1774950120,565,14221,0,0,0
1774950120,565,14215,0,0,0
1774950120,565,14211,1,1,1
1774950180,565,14223,0,0,0
1774950180,565,14221,0,0,0
1774950180,565,14215,0,0,0
1774950180,565,14211,1,1,1
1774950240,565,14223,73.76,73.76,73.76
1774950240,565,14221,12.86,14.305,16.98
1774950240,565,14215,0,0,0
1774950240,565,14211,1,1,1
1774950300,565,14223,73.41,73.4425,73.54
1774950300,565,14221,15.65,16.6325,19.58
1774950300,565,14215,0,0,0
1774950300,565,14211,1,1,1
1774950360,565,14223,73.41,73.445,73.47
1774950360,565,14221,13.92,15.695,17.72
1774950360,565,14215,0,0,0
1774950360,565,14211,1,1,1
1774950420,565,14223,73.52,73.6875,73.82
1774950420,565,14221,11.94,12.69,14.1
1774950420,565,14215,0,0,0
1774950420,565,14211,1,1,1
1774950480,565,14223,73.3,73.6767,73.9
1774950480,565,14221,11.95,12.9967,14.12
1774950480,565,14215,0,0,0
1774950480,565,14211,1,1,1
1774950540,565,14223,0,0,0
1774950540,565,14221,0,0,0
1774950540,565,14215,0,0,0
1774950540,565,14211,1,1,1
1774950600,565,14223,73.3,73.3,73.3
1774950600,565,14221,12.92,12.92,12.92
1774950600,565,14215,0,0,0
1774950600,565,14211,1,1,1
1774950660,565,14223,73.3,73.3,73.3
1774950660,565,14221,12.92,12.92,12.92
1774950660,565,14215,0,0,0
1774950660,565,14211,1,1,1
1774950720,565,14223,73.3,73.7583,73.93
1774950720,565,14221,15.27,16.6283,18.82
1774950720,565,14215,0,0,0
1774950720,565,14211,1,1,1
1774950780,565,14223,73.3,73.3,73.3
1774950780,565,14221,15.27,15.27,15.27
1774950780,565,14215,0,0,0
1774950780,565,14211,1,1,1
1774950840,565,14223,73.3,73.3,73.3
1774950840,565,14221,15.27,15.27,15.27
1774950840,565,14215,0,0,0
1774950840,565,14211,1,1,1
1774950900,565,14223,75.03,75.03,75.03
1774950900,565,14221,17.3,17.3,17.3
1774950900,565,14215,0,0,0
1774950900,565,14211,1,1,1
1774950960,565,14223,73.93,73.93,73.93
1774950960,565,14221,14.62,14.8325,15.09
1774950960,565,14215,0,0,0
1774950960,565,14211,1,1,1
1774951020,565,14223,71.04,71.82,73.93
1774951020,565,14221,12.11,15.086,16.79
1774951020,565,14215,0,0,0
1774951020,565,14211,1,1,1
1774951080,565,14223,73.64,73.73,73.83
1774951080,565,14221,10.94,11.8725,13.57
1774951080,565,14215,0,0,0
1774951080,565,14211,1,1,1
1774951140,565,14223,72.28,72.28,72.28
1774951140,565,14221,11.74,11.74,11.74
1774951140,565,14215,0,0,0
1774951140,565,14211,1,1,1
1774951200,565,14223,72.28,72.28,72.28
1774951200,565,14221,11.74,11.74,11.74
1774951200,565,14215,0,0,0
1774951200,565,14211,1,1,1
1774951260,565,14223,72.19,72.235,72.28
1774951260,565,14221,11.74,12.5725,13.62
1774951260,565,14215,0,0,0
1774951260,565,14211,1,1,1
1774951320,565,14223,72.19,72.19,72.19
1774951320,565,14221,13.62,13.62,13.62
1774951320,565,14215,0,0,0
1774951320,565,14211,1,1,1
1774951380,565,14223,0,0,0
1774951380,565,14221,0,0,0
1774951380,565,14215,0,0,0
1774951380,565,14211,1,1,1
1774951440,565,14223,72.19,73.4775,73.91
1774951440,565,14221,11.84,13.715,15.62
1774951440,565,14215,0,0,0
1774951440,565,14211,1,1,1
1774951500,565,14223,73,73.4225,73.84
1774951500,565,14221,12.6,13.47,14.15
1774951500,565,14215,0,0,0
1774951500,565,14211,1,1,1
1774951560,565,14223,72.87,72.9725,73.07
1774951560,565,14221,13.09,14.305,15.76
1774951560,565,14215,0,0,0
1774951560,565,14211,1,1,1
1774951620,565,14223,73.09,73.1175,73.16
1774951620,565,14221,12,13.915,15.5
1774951620,565,14215,0,0,0
1774951620,565,14211,1,1,1
1774951680,565,14223,73.09,73.17,73.29
1774951680,565,14221,13.05,14.486,17.39
1774951680,565,14215,0,0,0
1774951680,565,14211,1,1,1
1774951740,565,14223,73.29,73.505,73.63
1774951740,565,14221,12.19,13.9575,15.48
1774951740,565,14215,0,0,0
1774951740,565,14211,1,1,1
1774951800,565,14223,73.63,73.795,74.14
1774951800,565,14221,14.18,15.57,17.21
1774951800,565,14215,0,0,0
1774951800,565,14211,1,1,1
1774951860,565,14223,69.87,73.0725,74.14
1774951860,565,14221,13.88,14.1325,14.51
1774951860,565,14215,0,0,0
1774951860,565,14211,1,1,1
1774951920,565,14223,69.87,70.9525,74.2
1774951920,565,14221,13.88,14.05,14.56
1774951920,565,14215,0,0,0
1774951920,565,14211,1,1,1
1774951980,565,14223,74.29,74.32,74.41
1774951980,565,14221,11.93,14.9225,17.04
1774951980,565,14215,0,0,0
1774951980,565,14211,1,1,1
1774952040,565,14223,74.22,74.2725,74.29
1774952040,565,14221,12.86,13.585,15
1774952040,565,14215,0,0,0
1774952040,565,14211,1,1,1
1774952100,565,14223,74.02,74.125,74.16
1774952100,565,14221,14.89,16.2575,18.56
1774952100,565,14215,0,0,0
1774952100,565,14211,1,1,1
1774952160,565,14223,73.91,73.9467,74.02
1774952160,565,14221,11.93,13.58,15.23
1774952160,565,14215,0,0,0
1774952160,565,14211,1,1,1
1774952220,565,14223,73.48,73.48,73.48
1774952220,565,14221,15.38,15.38,15.38
1774952220,565,14215,0,0,0
1774952220,565,14211,1,1,1
1774952280,565,14223,72.85,72.895,72.99
1774952280,565,14221,11.99,12.59,13.03
1774952280,565,14215,0,0,0
1774952280,565,14211,1,1,1
1774952340,565,14223,0,0,0
1774952340,565,14221,0,0,0
1774952340,565,14215,0,0,0
1774952340,565,14211,1,1,1
1774952400,565,14223,73.07,73.1125,73.16
1774952400,565,14221,11.79,12.8225,14.31
1774952400,565,14215,0,0,0
1774952400,565,14211,1,1,1
1774952460,565,14223,73.29,73.29,73.29
1774952460,565,14221,14,14.5375,14.99
1774952460,565,14215,0,0,0
1774952460,565,14211,1,1,1
1774952520,565,14223,76.66,76.66,76.66
1774952520,565,14221,13.18,13.2525,13.47
1774952520,565,14215,0,0,0
1774952520,565,14211,1,1,1
1774952580,565,14223,76.12,76.525,76.66
1774952580,565,14221,13.18,13.29,13.62
1774952580,565,14215,0,0,0
1774952580,565,14211,1,1,1
1774952640,565,14223,73.32,75.33,76
1774952640,565,14221,12.87,14.535,15.09
1774952640,565,14215,0,0,0
1774952640,565,14211,1,1,1
1774952700,565,14223,73.32,73.3825,73.42
1774952700,565,14221,12.59,15.895,18.77
1774952700,565,14215,0,0,0
1774952700,565,14211,1,1,1
1774952760,565,14223,73.34,73.37,73.42
1774952760,565,14221,12.18,15.1,17.75
1774952760,565,14215,0,0,0
1774952760,565,14211,1,1,1
1774952820,565,14223,73.47,73.5833,73.81
1774952820,565,14221,12.03,13.8233,15.28
1774952820,565,14215,0,0,0
1774952820,565,14211,1,1,1
1774952880,565,14223,73.68,73.7225,73.78
1774952880,565,14221,13.2,13.96,14.69
1774952880,565,14215,0,0,0
1774952880,565,14211,1,1,1
1774952940,565,14223,73.68,73.68,73.68
1774952940,565,14221,13.32,14.37,15.5
1774952940,565,14215,0,0,0
1774952940,565,14211,1,1,1
1774953000,565,14223,71.66,72.705,73.68
1774953000,565,14221,11.08,14.24,16.95
1774953000,565,14215,0,0,0
1774953000,565,14211,1,1,1
1774953060,565,14223,72.88,73.085,73.42
1774953060,565,14221,13.39,14.25,15.29
1774953060,565,14215,0,0,0
1774953060,565,14211,1,1,1
1774953120,565,14223,73.08,73.3025,73.64
1774953120,565,14221,13.58,14.34,15.03
1774953120,565,14215,0,0,0
1774953120,565,14211,1,1,1
1774953180,565,14223,73.82,73.8375,73.88
1774953180,565,14221,12.84,15.1625,18.04
1774953180,565,14215,0,0,0
1774953180,565,14211,1,1,1
1774953240,565,14223,73.78,73.905,74.08
1774953240,565,14221,14.04,17.9475,22.1
1774953240,565,14215,0,0,0
1774953240,565,14211,1,1,1
1774953300,565,14223,72.07,72.07,72.07
1774953300,565,14221,15.98,15.98,15.98
1774953300,565,14215,0,0,0
1774953300,565,14211,1,1,1
1774953360,565,14223,72.07,72.4975,73.78
1774953360,565,14221,15.98,17.76,20.62
1774953360,565,14215,0,0,0
1774953360,565,14211,1,1,1
1774953420,565,14223,73.59,73.6533,73.78
1774953420,565,14221,16.14,16.8333,18.22
1774953420,565,14215,0,0,0
1774953420,565,14211,1,1,1
1774953480,565,14223,73.59,73.59,73.59
1774953480,565,14221,16.14,16.14,16.14
1774953480,565,14215,0,0,0
1774953480,565,14211,1,1,1
1774953540,565,14223,73.59,73.59,73.59
1774953540,565,14221,16.14,16.14,16.14
1774953540,565,14215,0,0,0
1774953540,565,14211,1,1,1
1774953600,565,14223,73.59,73.59,73.59
1774953600,565,14221,16.14,16.14,16.14
1774953600,565,14215,0,0,0
1774953600,565,14211,1,1,1
1774953660,565,14223,72.14,73.3533,73.78
1774953660,565,14221,16.14,17.5267,20.65
1774953660,565,14215,0,0,0
1774953660,565,14211,1,1,1
1774953720,565,14223,72.14,72.14,72.14
1774953720,565,14221,20.65,20.65,20.65
1774953720,565,14215,0,0,0
1774953720,565,14211,1,1,1
1774953780,565,14223,71.87,72.235,72.71
1774953780,565,14221,14.15,16.08,17.76
1774953780,565,14215,0,0,0
1774953780,565,14211,1,1,1
1774953840,565,14223,71.06,71.24,71.78
1774953840,565,14221,13.63,13.895,14.69
1774953840,565,14215,0,0,0
1774953840,565,14211,1,1,1
1774953900,565,14223,71.06,71.31,71.78
1774953900,565,14221,13.63,14.8425,16.21
1774953900,565,14215,0,0,0
1774953900,565,14211,1,1,1
1774953960,565,14223,69.06,69.9875,70.69
1774953960,565,14221,13.16,14.52,15.89
1774953960,565,14215,0,0,0
1774953960,565,14211,1,1,1
1774954020,565,14223,67.2,68.1175,69.06
1774954020,565,14221,14.05,15.39,17.61
1774954020,565,14215,0,0,0
1774954020,565,14211,1,1,1
1774954080,565,14223,65.69,66.555,67.2
1774954080,565,14221,13.26,14.695,16.65
1774954080,565,14215,0,0,0
1774954080,565,14211,1,1,1
1774954140,565,14223,65.69,69.39,71.24
1774954140,565,14221,15.32,15.32,15.32
1774954140,565,14215,0,0,0
1774954140,565,14211,1,1,1
1774954200,565,14223,71.2,71.275,71.42
1774954200,565,14221,15.32,16.4525,17.59
1774954200,565,14215,0,0,0
1774954200,565,14211,1,1,1
1774954260,565,14223,74.94,75.2367,75.7
1774954260,565,14221,17,17.4767,17.8
1774954260,565,14215,0,0,0
1774954260,565,14211,1,1,1
1774954320,565,14223,65.69,72.0775,74.6
1774954320,565,14221,15.3,15.9425,16.68
1774954320,565,14215,0,0,0
1774954320,565,14211,1,1,1
1774954380,565,14223,65.69,67.81,74.17
1774954380,565,14221,15.6,16.3975,17.19
1774954380,565,14215,0,0,0
1774954380,565,14211,1,1,1
1774954440,565,14223,74.42,74.7875,74.94
1774954440,565,14221,15.37,15.5525,15.79
1774954440,565,14215,0,0,0
1774954440,565,14211,1,1,1
1774954500,565,14223,64.28,64.6025,65.31
1774954500,565,14221,14.81,15.5775,16.06
1774954500,565,14215,0,0,0
1774954500,565,14211,1,1,1
1774954560,565,14223,64.02,64.085,64.28
1774954560,565,14221,13.72,14.185,14.85
1774954560,565,14215,0,0,0
1774954560,565,14211,1,1,1
1774954620,565,14223,71.91,71.91,71.91
1774954620,565,14221,14.77,14.77,14.77
1774954620,565,14215,0,0,0
1774954620,565,14211,1,1,1
1774954680,565,14223,72.3,72.3,72.3
1774954680,565,14221,15.71,15.71,15.71
1774954680,565,14215,0,0,0
1774954680,565,14211,1,1,1
1774954740,565,14223,63.21,63.21,63.21
1774954740,565,14221,12.67,14,15.8
1774954740,565,14215,0,0,0
1774954740,565,14211,1,1,1
1774954800,565,14223,63,67.675,72.32
1774954800,565,14221,13.32,14.0525,14.4
1774954800,565,14215,0,0,0
1774954800,565,14211,1,1,1
1774954860,565,14223,63.64,63.64,63.64
1774954860,565,14221,12.44,13.7925,15.18
1774954860,565,14215,0,0,0
1774954860,565,14211,1,1,1
1774954920,565,14223,73.76,73.76,73.76
1774954920,565,14221,13.17,13.17,13.17
1774954920,565,14215,0,0,0
1774954920,565,14211,1,1,1
1774954980,565,14223,73.76,73.76,73.76
1774954980,565,14221,13.17,13.17,13.17
1774954980,565,14215,0,0,0
1774954980,565,14211,1,1,1
1774955040,565,14223,73.76,73.76,73.76
1774955040,565,14221,13.17,13.4675,14.36
1774955040,565,14215,0,0,0
1774955040,565,14211,1,1,1
1774955100,565,14223,73.73,73.7525,73.82
1774955100,565,14221,15.56,15.645,15.9
1774955100,565,14215,0,0,0
1774955100,565,14211,1,1,1
1774955160,565,14223,71.9,72.8375,73.15
1774955160,565,14221,14.23,15.2275,15.56
1774955160,565,14215,0,0,0
1774955160,565,14211,1,1,1
1774955220,565,14223,71.9,71.9,71.9
1774955220,565,14221,14.23,14.23,14.23
1774955220,565,14215,0,0,0
1774955220,565,14211,1,1,1
1774955280,565,14223,71.9,71.9,71.9
1774955280,565,14221,14.23,14.23,14.23
1774955280,565,14215,0,0,0
1774955280,565,14211,1,1,1
1774955340,565,14223,71.9,71.9,71.9
1774955340,565,14221,14.23,14.23,14.23
1774955340,565,14215,0,0,0
1774955340,565,14211,1,1,1
1774955400,565,14223,71.9,71.9,71.9
1774955400,565,14221,14.23,14.23,14.23
1774955400,565,14215,0,0,0
1774955400,565,14211,1,1,1
1774955460,565,14223,71.9,71.9,71.9
1774955460,565,14221,14.23,14.23,14.23
1774955460,565,14215,0,0,0
1774955460,565,14211,1,1,1
1774955520,565,14223,71.9,71.9,71.9
1774955520,565,14221,14.23,14.23,14.23
1774955520,565,14215,0,0,0
1774955520,565,14211,1,1,1
1774955580,565,14223,71.9,71.9,71.9
1774955580,565,14221,15.43,15.43,15.43
1774955580,565,14215,0,0,0
1774955580,565,14211,1,1,1
1774955640,565,14223,71.9,71.9,71.9
1774955640,565,14221,15.43,15.43,15.43
1774955640,565,14215,0,0,0
1774955640,565,14211,1,1,1
1774955700,565,14223,63.84,69.3,71.12
1774955700,565,14221,17.22,17.25,17.34
1774955700,565,14215,0,0,0
1774955700,565,14211,1,1,1
1774955760,565,14223,71.12,71.12,71.12
1774955760,565,14221,17.22,17.22,17.22
1774955760,565,14215,0,0,0
1774955760,565,14211,1,1,1
1774955820,565,14223,71.12,71.12,71.12
1774955820,565,14221,17.22,17.22,17.22
1774955820,565,14215,0,0,0
1774955820,565,14211,1,1,1
1774955880,565,14223,71.12,71.12,71.12
1774955880,565,14221,17.22,17.22,17.22
1774955880,565,14215,0,0,0
1774955880,565,14211,1,1,1
1774955940,565,14223,71.12,71.12,71.12
1774955940,565,14221,17.22,17.22,17.22
1774955940,565,14215,0,0,0
1774955940,565,14211,1,1,1
1774956000,565,14223,71.12,71.12,71.12
1774956000,565,14221,17.22,17.22,17.22
1774956000,565,14215,0,0,0
1774956000,565,14211,1,1,1
1774956060,565,14223,71.12,71.12,71.12
1774956060,565,14221,15.64,15.64,15.64
1774956060,565,14215,0,0,0
1774956060,565,14211,1,1,1
1774956120,565,14223,71.12,71.12,71.12
1774956120,565,14221,15.64,15.64,15.64
1774956120,565,14215,0,0,0
1774956120,565,14211,1,1,1
1774956180,565,14223,71.12,71.12,71.12
1774956180,565,14221,15.64,15.64,15.64
1774956180,565,14215,0,0,0
1774956180,565,14211,1,1,1
1774956240,565,14223,63.95,69.6675,72.48
1774956240,565,14221,15.64,16.11,16.64
1774956240,565,14215,0,0,0
1774956240,565,14211,1,1,1
1774956300,565,14223,72.48,72.48,72.48
1774956300,565,14221,16.52,16.52,16.52
1774956300,565,14215,0,0,0
1774956300,565,14211,1,1,1
1774956360,565,14223,72.48,72.48,72.48
1774956360,565,14221,16.52,16.52,16.52
1774956360,565,14215,0,0,0
1774956360,565,14211,1,1,1
1774956420,565,14223,72.48,72.48,72.48
1774956420,565,14221,16.52,16.52,16.52
1774956420,565,14215,0,0,0
1774956420,565,14211,1,1,1
1774956480,565,14223,72.31,72.31,72.31
1774956480,565,14221,18.44,18.44,18.44
1774956480,565,14215,0,0,0
1774956480,565,14211,1,1,1
1774956540,565,14223,72.31,72.31,72.31
1774956540,565,14221,18.44,18.44,18.44
1774956540,565,14215,0,0,0
1774956540,565,14211,1,1,1
1774956600,565,14223,72.74,72.74,72.74
1774956600,565,14221,18.01,18.59,19.17
1774956600,565,14215,0,0,0
1774956600,565,14211,1,1,1
1774956660,565,14223,72.74,73.0175,73.4
1774956660,565,14221,19.17,19.745,20.44
1774956660,565,14215,0,0,0
1774956660,565,14211,1,1,1
1774956720,565,14223,73.4,73.4,73.4
1774956720,565,14221,20.44,20.44,20.44
1774956720,565,14215,0,0,0
1774956720,565,14211,1,1,1
1774956780,565,14223,73.4,73.4,73.4
1774956780,565,14221,20.44,20.44,20.44
1774956780,565,14215,0,0,0
1774956780,565,14211,1,1,1
1774956840,565,14223,73.4,73.4,73.4
1774956840,565,14221,20.44,20.44,20.44
1774956840,565,14215,0,0,0
1774956840,565,14211,1,1,1
1774956900,565,14223,73.4,73.4,73.4
1774956900,565,14221,20.44,20.44,20.44
1774956900,565,14215,0,0,0
1774956900,565,14211,1,1,1
1774956960,565,14223,0,0,0
1774956960,565,14221,0,0,0
1774956960,565,14215,0,0,0
1774956960,565,14211,1,1,1
1774957020,565,14223,73.4,73.4,73.4
1774957020,565,14221,20.44,20.44,20.44
1774957020,565,14215,0,0,0
1774957020,565,14211,1,1,1
1774957080,565,14223,72.98,73.064,73.4
1774957080,565,14221,18.42,18.824,20.44
1774957080,565,14215,0,0,0
1774957080,565,14211,1,1,1
1774957140,565,14223,72.98,72.98,72.98
1774957140,565,14221,18.42,18.42,18.42
1774957140,565,14215,0,0,0
1774957140,565,14211,1,1,1
1774957200,565,14223,72.98,72.98,72.98
1774957200,565,14221,18.42,18.42,18.42
1774957200,565,14215,0,0,0
1774957200,565,14211,1,1,1
1774957260,565,14223,72.98,72.98,72.98
1774957260,565,14221,18.42,18.505,18.59
1774957260,565,14215,0,0,0
1774957260,565,14211,1,1,1
1774957320,565,14223,72.98,72.98,72.98
1774957320,565,14221,18.59,18.59,18.59
1774957320,565,14215,0,0,0
1774957320,565,14211,1,1,1
1774957380,565,14223,63.95,69.97,72.98
1774957380,565,14221,17.5,18.2267,18.59
1774957380,565,14215,0,0,0
1774957380,565,14211,1,1,1
1774957440,565,14223,72.91,72.91,72.91
1774957440,565,14221,19.51,19.51,19.51
1774957440,565,14215,0,0,0
1774957440,565,14211,1,1,1
1774957500,565,14223,72.91,72.91,72.91
1774957500,565,14221,19.51,19.51,19.51
1774957500,565,14215,0,0,0
1774957500,565,14211,1,1,1
1774957560,565,14223,72.91,73.06,73.66
1774957560,565,14221,19.51,19.626,20.09
1774957560,565,14215,0,0,0
1774957560,565,14211,1,1,1
1774957620,565,14223,73.66,73.66,73.66
1774957620,565,14221,20.09,20.09,20.09
1774957620,565,14215,0,0,0
1774957620,565,14211,1,1,1
1774957680,565,14223,73.66,73.66,73.66
1774957680,565,14221,20.09,20.09,20.09
1774957680,565,14215,0,0,0
1774957680,565,14211,1,1,1
1774957740,565,14223,73.4,73.465,73.66
1774957740,565,14221,19.42,19.5875,20.09
1774957740,565,14215,0,0,0
1774957740,565,14211,1,1,1
1774957800,565,14223,73.4,73.4,73.4
1774957800,565,14221,19.42,19.42,19.42
1774957800,565,14215,0,0,0
1774957800,565,14211,1,1,1
1774957860,565,14223,0,0,0
1774957860,565,14221,0,0,0
1774957860,565,14215,0,0,0
1774957860,565,14211,1,1,1
1774957920,565,14223,73.4,73.4,73.4
1774957920,565,14221,19.42,19.42,19.42
1774957920,565,14215,0,0,0
1774957920,565,14211,1,1,1
1774957980,565,14223,72.65,72.8375,73.4
1774957980,565,14221,19.33,19.3525,19.42
1774957980,565,14215,0,0,0
1774957980,565,14211,1,1,1
1774958040,565,14223,72.65,72.65,72.65
1774958040,565,14221,19.33,19.33,19.33
1774958040,565,14215,0,0,0
1774958040,565,14211,1,1,1
1774958100,565,14223,71.51,71.51,71.51
1774958100,565,14221,19.95,19.95,19.95
1774958100,565,14215,0,0,0
1774958100,565,14211,1,1,1
1774958160,565,14223,71.51,71.51,71.51
1774958160,565,14221,19.63,19.63,19.63
1774958160,565,14215,0,0,0
1774958160,565,14211,1,1,1
1774958220,565,14223,71.51,71.5475,71.56
1774958220,565,14221,19.63,20.1925,20.38
1774958220,565,14215,0,0,0
1774958220,565,14211,1,1,1
1774958280,565,14223,63.99,67.775,71.56
1774958280,565,14221,19.14,19.765,20.38
1774958280,565,14215,0,0,0
1774958280,565,14211,1,1,1
1774958340,565,14223,63.91,68.9967,71.54
1774958340,565,14221,15.14,16.67,19.73
1774958340,565,14215,0,0,0
1774958340,565,14211,1,1,1
1774958400,565,14223,71.54,71.54,71.54
1774958400,565,14221,15.14,15.14,15.14
1774958400,565,14215,0,0,0
1774958400,565,14211,1,1,1
1774958460,565,14223,70.07,70.07,70.07
1774958460,565,14221,18.8,18.8,18.8
1774958460,565,14215,0,0,0
1774958460,565,14211,1,1,1
1774958520,565,14223,70.07,70.07,70.07
1774958520,565,14221,18.8,18.8,18.8
1774958520,565,14215,0,0,0
1774958520,565,14211,1,1,1
1774958580,565,14223,70.07,70.07,70.07
1774958580,565,14221,18.8,18.8,18.8
1774958580,565,14215,0,0,0
1774958580,565,14211,1,1,1
1774958640,565,14223,63.91,67.7467,70.07
1774958640,565,14221,18.8,19.5533,19.93
1774958640,565,14215,0,0,0
1774958640,565,14211,1,1,1
1774958700,565,14223,69.26,69.26,69.26
1774958700,565,14221,19.93,19.93,19.93
1774958700,565,14215,0,0,0
1774958700,565,14211,1,1,1
1774958760,565,14223,70.62,70.62,70.62
1774958760,565,14221,15.95,17.45,17.95
1774958760,565,14215,0,0,0
1774958760,565,14211,1,1,1
1774958820,565,14223,71.54,72.0375,72.44
1774958820,565,14221,14.38,17.34,19.39
1774958820,565,14215,0,0,0
1774958820,565,14211,1,1,1
1774958880,565,14223,71.54,71.54,71.54
1774958880,565,14221,14.38,14.38,14.38
1774958880,565,14215,0,0,0
1774958880,565,14211,1,1,1
1774958940,565,14223,71.54,71.54,71.54
1774958940,565,14221,14.38,14.38,14.38
1774958940,565,14215,0,0,0
1774958940,565,14211,1,1,1
1774959000,565,14223,63.91,69.7,71.63
1774959000,565,14221,17.45,17.45,17.45
1774959000,565,14215,0,0,0
1774959000,565,14211,1,1,1
1774959060,565,14223,63.91,69.31,71.11
1774959060,565,14221,11.12,12.4325,16.37
1774959060,565,14215,0,0,0
1774959060,565,14211,1,1,1
1774959120,565,14223,71.11,71.11,71.11
1774959120,565,14221,11.12,11.12,11.12
1774959120,565,14215,0,0,0
1774959120,565,14211,1,1,1
1774959180,565,14223,71.11,71.11,71.11
1774959180,565,14221,11.12,11.12,11.12
1774959180,565,14215,0,0,0
1774959180,565,14211,1,1,1
1774959240,565,14223,71.11,72.04,72.6
1774959240,565,14221,11.12,14.5225,17.78
1774959240,565,14215,0,0,0
1774959240,565,14211,1,1,1
1774959300,565,14223,72.63,73.015,73.4
1774959300,565,14221,10.4,11.37,11.97
1774959300,565,14215,0,0,0
1774959300,565,14211,1,1,1
1774959360,565,14223,63.8,70.4975,73.16
1774959360,565,14221,11.97,14.6275,16.59
1774959360,565,14215,0,0,0
1774959360,565,14211,1,1,1
1774959420,565,14223,63.8,63.8,63.8
1774959420,565,14221,12.83,15.6133,18.49
1774959420,565,14215,0,0,0
1774959420,565,14211,1,1,1
1774959480,565,14223,74.96,74.96,74.96
1774959480,565,14221,14.72,14.72,14.72
1774959480,565,14215,0,0,0
1774959480,565,14211,1,1,1
1774959540,565,14223,62.85,62.9475,63.03
1774959540,565,14221,12.54,14.3725,15.75
1774959540,565,14215,0,0,0
1774959540,565,14211,1,1,1
1774959600,565,14223,63.14,63.205,63.27
1774959600,565,14221,15.54,16.79,19.7
1774959600,565,14215,0,0,0
1774959600,565,14211,1,1,1
1774959660,565,14223,64.14,71.214,75.93
1774959660,565,14221,14.75,15.278,15.41
1774959660,565,14215,0,0,0
1774959660,565,14211,1,1,1
1774959720,565,14223,64.17,64.23,64.31
1774959720,565,14221,11.43,13.53,15.26
1774959720,565,14215,0,0,0
1774959720,565,14211,1,1,1
1774959780,565,14223,63.69,64.0225,64.18
1774959780,565,14221,14.9,15.92,17.4
1774959780,565,14215,0,0,0
1774959780,565,14211,1,1,1
1774959840,565,14223,63.43,66.044,76.23
1774959840,565,14221,14.12,15.792,17.06
1774959840,565,14215,0,0,0
1774959840,565,14211,1,1,1
1774959900,565,14223,76.17,76.21,76.23
1774959900,565,14221,16.74,16.9533,17.06
1774959900,565,14215,0,0,0
1774959900,565,14211,1,1,1
1774959960,565,14223,76.17,76.17,76.17
1774959960,565,14221,16.74,16.74,16.74
1774959960,565,14215,0,0,0
1774959960,565,14211,1,1,1
1774960020,565,14223,76.64,76.64,76.64
1774960020,565,14221,18.24,18.8475,20.08
1774960020,565,14215,0,0,0
1774960020,565,14211,1,1,1
1774960080,565,14223,76.64,76.64,76.64
1774960080,565,14221,18.24,18.24,18.24
1774960080,565,14215,0,0,0
1774960080,565,14211,1,1,1
1774960140,565,14223,76.02,76.0725,76.09
1774960140,565,14221,16.49,16.51,16.57
1774960140,565,14215,0,0,0
1774960140,565,14211,1,1,1
1774960200,565,14223,63.27,63.3125,63.43
1774960200,565,14221,13.7,15.775,17.29
1774960200,565,14215,0,0,0
1774960200,565,14211,1,1,1
1774960260,565,14223,63.23,63.255,63.28
1774960260,565,14221,13.16,14.5225,15.17
1774960260,565,14215,0,0,0
1774960260,565,14211,1,1,1
1774960320,565,14223,63.12,63.275,63.37
1774960320,565,14221,13.44,15.205,16.24
1774960320,565,14215,0,0,0
1774960320,565,14211,1,1,1
1774960380,565,14223,63.49,63.6325,63.9
1774960380,565,14221,14.92,16.245,17.51
1774960380,565,14215,0,0,0
1774960380,565,14211,1,1,1
1774960440,565,14223,63.9,64.1025,64.17
1774960440,565,14221,15.19,16.2075,17.55
1774960440,565,14215,0,0,0
1774960440,565,14211,1,1,1
1774960500,565,14223,64.96,68.7833,75.6
1774960500,565,14221,13.4,15.1233,17.28
1774960500,565,14215,0,0,0
1774960500,565,14211,1,1,1
1774960560,565,14223,75.35,75.53,75.6
1774960560,565,14221,14.69,15.465,17.52
1774960560,565,14215,0,0,0
1774960560,565,14211,1,1,1
1774960620,565,14223,65.02,67.7525,74.17
1774960620,565,14221,16.67,17.8075,18.96
1774960620,565,14215,0,0,0
1774960620,565,14211,1,1,1
1774960680,565,14223,64.45,64.7925,65.02
1774960680,565,14221,15.31,15.655,16.47
1774960680,565,14215,0,0,0
1774960680,565,14211,1,1,1
1774960740,565,14223,63.9,63.9775,64.21
1774960740,565,14221,13.63,16.015,17.93
1774960740,565,14215,0,0,0
1774960740,565,14211,1,1,1
1774960800,565,14223,63.9,68.73,73.67
1774960800,565,14221,16.78,18.5375,20.6
1774960800,565,14215,0,0,0
1774960800,565,14211,1,1,1
1774960860,565,14223,73.49,74.455,75.01
1774960860,565,14221,16.02,17,17.43
1774960860,565,14215,0,0,0
1774960860,565,14211,1,1,1
1774960920,565,14223,72.27,72.855,73.56
1774960920,565,14221,14.46,14.905,16.11
1774960920,565,14215,0,0,0
1774960920,565,14211,1,1,1
1774960980,565,14223,71.99,72.4125,73.23
1774960980,565,14221,16.26,16.53,17.27
1774960980,565,14215,0,0,0
1774960980,565,14211,1,1,1
1774961040,565,14223,72.92,73.265,73.61
1774961040,565,14221,17.42,18.03,19.31
1774961040,565,14215,0,0,0
1774961040,565,14211,1,1,1
1774961100,565,14223,63.9,67.1233,73.52
1774961100,565,14221,14.05,14.7467,15.18
1774961100,565,14215,0,0,0
1774961100,565,14211,1,1,1
1774961160,565,14223,63.95,63.95,63.95
1774961160,565,14221,14.64,14.64,14.64
1774961160,565,14215,0,0,0
1774961160,565,14211,1,1,1
1774961220,565,14223,63.6,65.65,70.92
1774961220,565,14221,14.67,15.19,15.98
1774961220,565,14215,0,0,0
1774961220,565,14211,1,1,1
1774961280,565,14223,64.48,69.116,74.85
1774961280,565,14221,14.21,14.758,15.1
1774961280,565,14215,0,0,0
1774961280,565,14211,1,1,1
1774961340,565,14223,69.47,71.45,74.85
1774961340,565,14221,14.2,14.81,15.16
1774961340,565,14215,0,0,0
1774961340,565,14211,1,1,1
1774961400,565,14223,75.62,75.62,75.62
1774961400,565,14221,13.22,13.22,13.22
1774961400,565,14215,0,0,0
1774961400,565,14211,1,1,1
1774961460,565,14223,75.62,75.62,75.62
1774961460,565,14221,13.22,13.22,13.22
1774961460,565,14215,0,0,0
1774961460,565,14211,1,1,1
1774961520,565,14223,74.54,75.35,75.62
1774961520,565,14221,13.22,13.8075,15.57
1774961520,565,14215,0,0,0
1774961520,565,14211,1,1,1
1774961580,565,14223,75.53,76.5975,77.49
1774961580,565,14221,14.23,14.6725,15.11
1774961580,565,14215,0,0,0
1774961580,565,14211,1,1,1
1774961640,565,14223,78.07,78.3067,78.62
1774961640,565,14221,13.11,13.85,14.62
1774961640,565,14215,0,0,0
1774961640,565,14211,1,1,1
1774961700,565,14223,78.96,78.96,78.96
1774961700,565,14221,14.2,14.2,14.2
1774961700,565,14215,0,0,0
1774961700,565,14211,1,1,1
1774961760,565,14223,78.52,78.52,78.52
1774961760,565,14221,13.89,13.89,13.89
1774961760,565,14215,0,0,0
1774961760,565,14211,1,1,1
1774961820,565,14223,78.93,79.5225,79.72
1774961820,565,14221,13.41,14.255,15.1
1774961820,565,14215,0,0,0
1774961820,565,14211,1,1,1
1774961880,565,14223,78.93,78.93,78.93
1774961880,565,14221,15.2,15.6325,16.25
1774961880,565,14215,0,0,0
1774961880,565,14211,1,1,1
1774961940,565,14223,74.65,74.9775,75.31
1774961940,565,14221,12.53,13.885,15.26
1774961940,565,14215,0,0,0
1774961940,565,14211,1,1,1
1774962000,565,14223,72.29,73.35,75.26
1774962000,565,14221,14.95,15.15,15.23
1774962000,565,14215,0,0,0
1774962000,565,14211,1,1,1
1774962060,565,14223,72.29,73.736,79.12
1774962060,565,14221,13.66,14.3,14.79
1774962060,565,14215,0,0,0
1774962060,565,14211,1,1,1
1774962120,565,14223,72.85,76.75,79.35
1774962120,565,14221,14.09,14.346,14.66
1774962120,565,14215,0,0,0
1774962120,565,14211,1,1,1
1774962180,565,14223,72.49,73.5925,73.96
1774962180,565,14221,13.38,13.7975,15.05
1774962180,565,14215,0,0,0
1774962180,565,14211,1,1,1
1774962240,565,14223,73.96,77.98,79.34
1774962240,565,14221,13.38,14.5925,15.43
1774962240,565,14215,0,0,0
1774962240,565,14211,1,1,1
1774962300,565,14223,73.61,74.7625,75.55
1774962300,565,14221,12.51,13.4475,13.79
1774962300,565,14215,0,0,0
1774962300,565,14211,1,1,1
1774962360,565,14223,73.04,76.2825,79.24
1774962360,565,14221,13.75,15.0425,16.52
1774962360,565,14215,0,0,0
1774962360,565,14211,1,1,1
1774962420,565,14223,72.86,74.455,79.24
1774962420,565,14221,13.98,14.805,15.08
1774962420,565,14215,0,0,0
1774962420,565,14211,1,1,1
1774962480,565,14223,79.54,79.665,79.73
1774962480,565,14221,12.99,13.46,14.33
1774962480,565,14215,0,0,0
1774962480,565,14211,1,1,1
1774962540,565,14223,78.96,79.195,79.57
1774962540,565,14221,14.13,15.23,15.97
1774962540,565,14215,0,0,0
1774962540,565,14211,1,1,1
1774962600,565,14223,77.81,77.81,77.81
1774962600,565,14221,15.4,15.4,15.4
1774962600,565,14215,0,0,0
1774962600,565,14211,1,1,1
1774962660,565,14223,79.18,79.18,79.18
1774962660,565,14221,15.57,15.57,15.57
1774962660,565,14215,0,0,0
1774962660,565,14211,1,1,1
1774962720,565,14223,80.33,80.4567,80.61
1774962720,565,14221,13.57,14.3667,14.81
1774962720,565,14215,0,0,0
1774962720,565,14211,1,1,1
1774962780,565,14223,79.86,80.258,80.88
1774962780,565,14221,12.81,14.018,16.96
1774962780,565,14215,0,0,0
1774962780,565,14211,1,1,1
1774962840,565,14223,79.86,80.385,80.8
1774962840,565,14221,13.44,14.1525,15.03
1774962840,565,14215,0,0,0
1774962840,565,14211,1,1,1
1774962900,565,14223,79.51,79.665,79.73
1774962900,565,14221,13.29,13.625,14.45
1774962900,565,14215,0,0,0
1774962900,565,14211,1,1,1
1774962960,565,14223,79.51,79.6867,79.84
1774962960,565,14221,13.13,13.6433,14.42
1774962960,565,14215,0,0,0
1774962960,565,14211,1,1,1
1774963020,565,14223,80.37,80.37,80.37
1774963020,565,14221,13.08,13.08,13.08
1774963020,565,14215,0,0,0
1774963020,565,14211,1,1,1
1774963080,565,14223,78.98,79.08,79.18
1774963080,565,14221,11.97,12.9,14.18
1774963080,565,14215,0,0,0
1774963080,565,14211,1,1,1
1774963140,565,14223,78.33,78.45,78.7
1774963140,565,14221,12.86,13.8925,15.31
1774963140,565,14215,0,0,0
1774963140,565,14211,1,1,1
1774963200,565,14223,77.32,77.92,78.28
1774963200,565,14221,11.43,14.21,15.84
1774963200,565,14215,0,0,0
1774963200,565,14211,1,1,1
1774963260,565,14223,77.23,77.3325,77.43
1774963260,565,14221,12.23,12.675,13.25
1774963260,565,14215,0,0,0
1774963260,565,14211,1,1,1
1774963320,565,14223,76.94,77.14,77.32
1774963320,565,14221,10.91,11.9575,12.72
1774963320,565,14215,0,0,0
1774963320,565,14211,1,1,1
1774963380,565,14223,76.81,77.17,77.53
1774963380,565,14221,13.14,13.265,13.39
1774963380,565,14215,0,0,0
1774963380,565,14211,1,1,1
1774963440,565,14223,76.81,76.81,76.81
1774963440,565,14221,13.14,13.7525,15.59
1774963440,565,14215,0,0,0
1774963440,565,14211,1,1,1
1774963500,565,14223,76.32,77.0325,77.54
1774963500,565,14221,14.3,17.1575,19.07
1774963500,565,14215,0,0,0
1774963500,565,14211,1,1,1
1774963560,565,14223,76.35,76.35,76.35
1774963560,565,14221,13.6,13.6,13.6
1774963560,565,14215,0,0,0
1774963560,565,14211,1,1,1
1774963620,565,14223,75.75,76.145,76.35
1774963620,565,14221,13.36,14.9425,16.64
1774963620,565,14215,0,0,0
1774963620,565,14211,1,1,1
1774963680,565,14223,74.98,75.365,75.75
1774963680,565,14221,14.41,15.525,16.64
1774963680,565,14215,0,0,0
1774963680,565,14211,1,1,1
1774963740,565,14223,74.98,74.98,74.98
1774963740,565,14221,14.41,14.41,14.41
1774963740,565,14215,0,0,0
1774963740,565,14211,1,1,1
1774963800,565,14223,74.98,74.98,74.98
1774963800,565,14221,14.41,14.41,14.41
1774963800,565,14215,0,0,0
1774963800,565,14211,1,1,1
1774963860,565,14223,74.98,74.98,74.98
1774963860,565,14221,14.41,14.41,14.41
1774963860,565,14215,0,0,0
1774963860,565,14211,1,1,1
1774963920,565,14223,74.23,75.02,75.85
1774963920,565,14221,14.65,15.1975,15.57
1774963920,565,14215,0,0,0
1774963920,565,14211,1,1,1
1774963980,565,14223,74.56,77.3675,78.32
1774963980,565,14221,13.49,14.1,14.52
1774963980,565,14215,0,0,0
1774963980,565,14211,1,1,1
1774964040,565,14223,73.5,75.91,78.32
1774964040,565,14221,13.6,13.795,13.92
1774964040,565,14215,0,0,0
1774964040,565,14211,1,1,1
1774964100,565,14223,73.05,73.2,73.5
1774964100,565,14221,13.83,14.6133,15.98
1774964100,565,14215,0,0,0
1774964100,565,14211,1,1,1
1774964160,565,14223,73.05,73.05,73.05
1774964160,565,14221,15.02,15.02,15.02
1774964160,565,14215,0,0,0
1774964160,565,14211,1,1,1
1774964220,565,14223,78.08,78.18,78.28
1774964220,565,14221,12.03,13.2775,15.43
1774964220,565,14215,0,0,0
1774964220,565,14211,1,1,1
1774964280,565,14223,77.92,77.92,77.92
1774964280,565,14221,12.4,13.1475,13.96
1774964280,565,14215,0,0,0
1774964280,565,14211,1,1,1
1774964340,565,14223,77.95,78,78.07
1774964340,565,14221,12.21,13.3125,14.45
1774964340,565,14215,0,0,0
1774964340,565,14211,1,1,1
1774964400,565,14223,74.49,74.82,74.93
1774964400,565,14221,13.1,13.1325,13.23
1774964400,565,14215,0,0,0
1774964400,565,14211,1,1,1
1774964460,565,14223,74.49,74.49,74.49
1774964460,565,14221,13.23,13.23,13.23
1774964460,565,14215,0,0,0
1774964460,565,14211,1,1,1
1774964520,565,14223,74.49,76.4175,78.19
1774964520,565,14221,12.35,13.125,13.77
1774964520,565,14215,0,0,0
1774964520,565,14211,1,1,1
1774964580,565,14223,75.93,76.495,78.19
1774964580,565,14221,12.37,12.565,12.63
1774964580,565,14215,0,0,0
1774964580,565,14211,1,1,1
1774964640,565,14223,75.93,76.495,78.19
1774964640,565,14221,12.63,13.9675,17.98
1774964640,565,14215,0,0,0
1774964640,565,14211,1,1,1
1774964700,565,14223,73.43,75.47,78.19
1774964700,565,14221,12.22,14.9057,20.77
1774964700,565,14215,0,0.222222,1
1774964700,565,14211,1,1,1
1774964760,565,14223,73.43,73.43,73.43
1774964760,565,14221,14.27,14.27,14.27
1774964760,565,14215,0,0,0
1774964760,565,14211,1,1,1
1774964820,565,14223,73.43,73.43,73.43
1774964820,565,14221,14.27,14.27,14.27
1774964820,565,14215,0,0,0
1774964820,565,14211,1,1,1
1774964880,565,14223,72.73,75.4525,78.07
1774964880,565,14221,12.36,12.9825,14.27
1774964880,565,14215,0,0,0
1774964880,565,14211,1,1,1
1774964940,565,14223,73.53,74.475,77.31
1774964940,565,14221,11.56,12.52,12.84
1774964940,565,14215,0,0,0
1774964940,565,14211,1,1,1
1774965000,565,14223,76.3,76.595,76.91
1774965000,565,14221,13.1,13.5625,13.92
1774965000,565,14215,0,0,0
1774965000,565,14211,1,1,1
1774965060,565,14223,73.69,73.69,73.69
1774965060,565,14221,12.23,12.23,12.23
1774965060,565,14215,0,0,0
1774965060,565,14211,1,1,1
1774965120,565,14223,75.06,75.635,76.13
1774965120,565,14221,12.37,12.745,13.29
1774965120,565,14215,0,0,0
1774965120,565,14211,1,1,1
1774965180,565,14223,74.08,74.08,74.08
1774965180,565,14221,15.51,15.51,15.51
1774965180,565,14215,0,0,0
1774965180,565,14211,1,1,1
1774965240,565,14223,74.08,74.1586,74.19
1774965240,565,14221,15.51,16.9886,17.58
1774965240,565,14215,0,0,0
1774965240,565,14211,1,1,1
1774965300,565,14223,72.25,73.1475,73.96
1774965300,565,14221,14.65,16.85,18.45
1774965300,565,14215,0,0,0
1774965300,565,14211,1,1,1
1774965360,565,14223,73.96,73.96,73.96
1774965360,565,14221,16.04,16.04,16.04
1774965360,565,14215,0,0,0
1774965360,565,14211,1,1,1
1774965420,565,14223,73.84,73.87,73.96
1774965420,565,14221,16.36,17.695,18.14
1774965420,565,14215,0,0,0
1774965420,565,14211,1,1,1
1774965480,565,14223,72.72,73.42,74.99
1774965480,565,14221,14.13,15.475,16.69
1774965480,565,14215,0,0,0
1774965480,565,14211,1,1,1
1774965540,565,14223,72.72,72.87,72.92
1774965540,565,14221,13.63,15.1925,15.8
1774965540,565,14215,0,0,0
1774965540,565,14211,1,1,1
1774965600,565,14223,72.92,74.2875,76.58
1774965600,565,14221,15.8,16.4575,17.39
1774965600,565,14215,0,0,0
1774965600,565,14211,1,1,1
1774965660,565,14223,74.14,74.14,74.14
1774965660,565,14221,16.97,17.57,18.95
1774965660,565,14215,0,0,0
1774965660,565,14211,1,1,1
1774965720,565,14223,77.87,77.9075,77.92
1774965720,565,14221,15.31,16.6075,17.04
1774965720,565,14215,0,0,0
1774965720,565,14211,1,1,1
1774965780,565,14223,76.95,77.19,77.67
1774965780,565,14221,15.46,15.6833,16.13
1774965780,565,14215,0,0,0
1774965780,565,14211,1,1,1
1774965840,565,14223,76.95,76.95,76.95
1774965840,565,14221,15.46,15.46,15.46
1774965840,565,14215,0,0,0
1774965840,565,14211,1,1,1
1774965900,565,14223,73.52,74.01,75.48
1774965900,565,14221,15.15,16.87,18.59
1774965900,565,14215,0,0,0
1774965900,565,14211,1,1,1
1774965960,565,14223,75.12,75.39,75.48
1774965960,565,14221,13.16,14.6525,15.15
1774965960,565,14215,0,0,0
1774965960,565,14211,1,1,1
1774966020,565,14223,72.86,73.18,73.52
1774966020,565,14221,13.22,14.17,15.75
1774966020,565,14215,0,0,0
1774966020,565,14211,1,1,1
1774966080,565,14223,72.6,72.6,72.6
1774966080,565,14221,11.85,11.85,11.85
1774966080,565,14215,0,0,0
1774966080,565,14211,1,1,1
1774966140,565,14223,72.22,72.295,72.37
1774966140,565,14221,14.55,14.76,15.06
1774966140,565,14215,0,0,0
1774966140,565,14211,1,1,1
1774966200,565,14223,72.23,72.44,72.55
1774966200,565,14221,13.01,15.45,17.6
1774966200,565,14215,0,0,0
1774966200,565,14211,1,1,1
1774966260,565,14223,72.41,72.495,72.58
1774966260,565,14221,12.54,13.0925,13.77
1774966260,565,14215,0,0,0
1774966260,565,14211,1,1,1
1774966320,565,14223,71.74,71.865,72.09
1774966320,565,14221,12.34,12.9383,13.39
1774966320,565,14215,0,0,0
1774966320,565,14211,1,1,1
1774966380,565,14223,72.12,72.12,72.12
1774966380,565,14221,12.63,12.9275,13.15
1774966380,565,14215,0,0,0
1774966380,565,14211,1,1,1
1774966440,565,14223,72.17,73.9167,74.79
1774966440,565,14221,12.92,12.9333,12.96
1774966440,565,14215,0,0,0
1774966440,565,14211,1,1,1
1774966500,565,14223,73.11,73.6275,74.79
1774966500,565,14221,12.92,14.2175,14.65
1774966500,565,14215,0,0,0
1774966500,565,14211,1,1,1
1774966560,565,14223,73.11,73.33,73.99
1774966560,565,14221,14.65,14.935,15.79
1774966560,565,14215,0,0,0
1774966560,565,14211,1,1,1
1774966620,565,14223,74.04,74.04,74.04
1774966620,565,14221,17.21,18.1775,18.5
1774966620,565,14215,0,0.333333,1
1774966620,565,14211,1,1,1
1774966680,565,14223,72.09,73.4575,74.04
1774966680,565,14221,14.3,15.35,18.5
1774966680,565,14215,0,0,0
1774966680,565,14211,1,1,1
1774966740,565,14223,72.09,73.0467,73.85
1774966740,565,14221,10.85,15.1078,17.67
1774966740,565,14215,0,0,0
1774966740,565,14211,1,1,1
1774966800,565,14223,72.79,72.79,72.79
1774966800,565,14221,17.67,17.67,17.67
1774966800,565,14215,0,0,0
1774966800,565,14211,1,1,1
1774966860,565,14223,72.79,73,73.42
1774966860,565,14221,17.67,18.0367,18.77
1774966860,565,14215,0,0,0
1774966860,565,14211,1,1,1
1774966920,565,14223,72.64,73.08,73.33
1774966920,565,14221,15.07,15.5,16.28
1774966920,565,14215,0,0,0
1774966920,565,14211,1,1,1
1774966980,565,14223,73.08,74.1133,74.63
1774966980,565,14221,13.17,14.2767,14.83
1774966980,565,14215,0,0,0
1774966980,565,14211,1,1,1
1774967040,565,14223,74.63,74.63,74.63
1774967040,565,14221,14.83,14.83,14.83
1774967040,565,14215,0,0,0
1774967040,565,14211,1,1,1
1774967100,565,14223,74.47,74.51,74.63
1774967100,565,14221,14.83,14.83,14.83
1774967100,565,14215,0,0,0
1774967100,565,14211,1,1,1
1774967160,565,14223,0,0,0
1774967160,565,14221,0,0,0
1774967160,565,14215,0,0,0
1774967160,565,14211,1,1,1
1774967220,565,14223,73.58,73.58,73.58
1774967220,565,14221,17.37,17.37,17.37
1774967220,565,14215,0,0,0
1774967220,565,14211,1,1,1
1774967280,565,14223,73.13,73.2425,73.58
1774967280,565,14221,13.72,14.6325,17.37
1774967280,565,14215,0,0,0
1774967280,565,14211,1,1,1
1774967340,565,14223,72.54,72.6875,73.13
1774967340,565,14221,13.72,14.1325,14.27
1774967340,565,14215,0,0,0
1774967340,565,14211,1,1,1
1774967400,565,14223,72.19,72.2967,72.54
1774967400,565,14221,14.27,14.9422,15.92
1774967400,565,14215,0,0,0
1774967400,565,14211,1,1,1
1774967460,565,14223,72.29,72.29,72.29
1774967460,565,14221,14.82,14.82,14.82
1774967460,565,14215,0,0,0
1774967460,565,14211,1,1,1
1774967520,565,14223,72.19,72.265,72.29
1774967520,565,14221,12.68,14.285,14.82
1774967520,565,14215,0,0,0
1774967520,565,14211,1,1,1
1774967580,565,14223,71.15,71.555,71.78
1774967580,565,14221,11.78,12.2925,12.79
1774967580,565,14215,0,0,0
1774967580,565,14211,1,1,1
1774967640,565,14223,69,70.1425,71.78
1774967640,565,14221,16.49,17.165,18.15
1774967640,565,14215,0,0,0
1774967640,565,14211,1,1,1
1774967700,565,14223,67.43,67.67,67.91
1774967700,565,14221,13.37,14.9425,16.69
1774967700,565,14215,0,0,0
1774967700,565,14211,1,1,1
1774967760,565,14223,67.43,67.866,69.61
1774967760,565,14221,14.25,15.44,16.87
1774967760,565,14215,0,0,0
1774967760,565,14211,1,1,1
1774967820,565,14223,67.43,70.595,72.58
1774967820,565,14221,9.85,11.6425,12.87
1774967820,565,14215,0,0,0
1774967820,565,14211,1,1,1
1774967880,565,14223,66.62,66.9125,67.43
1774967880,565,14221,12.9,13.44,14.43
1774967880,565,14215,0,0,0
1774967880,565,14211,1,1,1
1774967940,565,14223,66.62,69.32,72.02
1774967940,565,14221,11.55,12.975,14.55
1774967940,565,14215,0,0,0
1774967940,565,14211,1,1,1
1774968000,565,14223,66.08,66.29,66.62
1774968000,565,14221,11.85,13.045,14.85
1774968000,565,14215,0,0,0
1774968000,565,14211,1,1,1
1774968060,565,14223,65.9,65.9,65.9
1774968060,565,14221,11.47,14.34,17.23
1774968060,565,14215,0,0,0
1774968060,565,14211,1,1,1
1774968120,565,14223,65.37,69.3275,73.14
1774968120,565,14221,15.93,16.425,17.91
1774968120,565,14215,0,0,0
1774968120,565,14211,1,1,1
1774968180,565,14223,73.14,73.14,73.14
1774968180,565,14221,15.93,15.93,15.93
1774968180,565,14215,0,0,0
1774968180,565,14211,1,1,1
1774968240,565,14223,0,0,0
1774968240,565,14221,0,0,0
1774968240,565,14215,0,0,0
1774968240,565,14211,1,1,1
1774968300,565,14223,0,0,0
1774968300,565,14221,0,0,0
1774968300,565,14215,0,0,0
1774968300,565,14211,1,1,1
1774968360,565,14223,73.13,73.1367,73.14
1774968360,565,14221,15.93,16.19,16.71
1774968360,565,14215,0,0,0
1774968360,565,14211,1,1,1
1774968420,565,14223,73.13,73.13,73.13
1774968420,565,14221,16.71,16.71,16.71
1774968420,565,14215,0,0,0
1774968420,565,14211,1,1,1
1774968480,565,14223,72.39,72.39,72.39
1774968480,565,14221,14.43,14.43,14.43
1774968480,565,14215,0,0,0
1774968480,565,14211,1,1,1
1774968540,565,14223,72.39,72.39,72.39
1774968540,565,14221,14.43,14.43,14.43
1774968540,565,14215,0,0,0
1774968540,565,14211,1,1,1
1774968600,565,14223,72.39,72.39,72.39
1774968600,565,14221,14.43,14.43,14.43
1774968600,565,14215,0,0,0
1774968600,565,14211,1,1,1
1774968660,565,14223,72.39,72.895,73.69
1774968660,565,14221,14.43,16.4325,18.84
1774968660,565,14215,0,0,0
1774968660,565,14211,1,1,1
1774968720,565,14223,73.11,73.11,73.11
1774968720,565,14221,18.84,19.055,19.7
1774968720,565,14215,0,0,0
1774968720,565,14211,1,1,1
1774968780,565,14223,73.11,73.11,73.11
1774968780,565,14221,19.7,19.7,19.7
1774968780,565,14215,0,0,0
1774968780,565,14211,1,1,1
1774968840,565,14223,73.11,73.11,73.11
1774968840,565,14221,19.7,19.7,19.7
1774968840,565,14215,0,0.125,1
1774968840,565,14211,1,1,1
1774968900,565,14223,73.11,73.11,73.11
1774968900,565,14221,19.7,19.7,19.7
1774968900,565,14215,0,0,0
1774968900,565,14211,1,1,1
1774968960,565,14223,65.23,69.175,73.11
1774968960,565,14221,14.75,18.73,20.77
1774968960,565,14215,0,0,0
1774968960,565,14211,1,1,1
1774969020,565,14223,65.25,67.02,72.33
1774969020,565,14221,15.94,16.885,17.31
1774969020,565,14215,0,0,0
1774969020,565,14211,1,1,1
1774969080,565,14223,71.28,72.0675,72.33
1774969080,565,14221,17.29,19.2125,21.23
1774969080,565,14215,0,0,0
1774969080,565,14211,1,1,1
1774969140,565,14223,70.25,70.7,71.03
1774969140,565,14221,18.83,19.4567,19.85
1774969140,565,14215,0,0,0
1774969140,565,14211,1,1,1
1774969200,565,14223,70.25,70.25,70.25
1774969200,565,14221,19.85,19.85,19.85
1774969200,565,14215,0,0,0
1774969200,565,14211,1,1,1
1774969260,565,14223,70.25,70.415,70.91
1774969260,565,14221,18.3,19.4625,19.85
1774969260,565,14215,0,0,0
1774969260,565,14211,1,1,1
1774969320,565,14223,65.64,69.5625,71.2
1774969320,565,14221,13.14,13.705,15.12
1774969320,565,14215,0,0,0
1774969320,565,14211,1,1,1
1774969380,565,14223,65.99,66.645,67.22
1774969380,565,14221,11.49,12.0575,13.16
1774969380,565,14215,0,0,0
1774969380,565,14211,1,1,1
1774969440,565,14223,67.01,67.4275,67.67
1774969440,565,14221,10.06,10.715,11.41
1774969440,565,14215,0,0,0
1774969440,565,14211,1,1,1
1774969500,565,14223,66.29,68.93,69.81
1774969500,565,14221,10.76,12.605,13.22
1774969500,565,14215,0,0,0
1774969500,565,14211,1,1,1
1774969560,565,14223,65.76,67.1933,69.98
1774969560,565,14221,12.17,12.5033,13
1774969560,565,14215,0,0,0
1774969560,565,14211,1,1,1
1774969620,565,14223,69.31,69.31,69.31
1774969620,565,14221,12.04,12.04,12.04
1774969620,565,14215,0,0,0
1774969620,565,14211,1,1,1
1774969680,565,14223,65.89,66.0425,66.23
1774969680,565,14221,12.18,14.58,16.7
1774969680,565,14215,0,0,0
1774969680,565,14211,1,1,1
1774969740,565,14223,68.42,68.8625,69.87
1774969740,565,14221,12.53,12.655,12.85
1774969740,565,14215,0,0,0
1774969740,565,14211,1,1,1
1774969800,565,14223,69.53,69.675,70.11
1774969800,565,14221,11.13,11.79,12.01
1774969800,565,14215,0,0,0
1774969800,565,14211,1,1,1
1774969860,565,14223,66.8,67.5,68.83
1774969860,565,14221,11.97,12.6125,13.39
1774969860,565,14215,0,0,0
1774969860,565,14211,1,1,1
1774969920,565,14223,67.5,68.1825,68.83
1774969920,565,14221,12.37,12.755,13.46
1774969920,565,14215,0,0,0
1774969920,565,14211,1,1,1
1774969980,565,14223,67.54,67.8125,68.46
1774969980,565,14221,11.74,12.2175,12.96
1774969980,565,14215,0,0,0
1774969980,565,14211,1,1,1
1774970040,565,14223,67.84,68.15,68.46
1774970040,565,14221,12.62,13.2675,14.53
1774970040,565,14215,0,0,0
1774970040,565,14211,1,1,1
1774970100,565,14223,68.04,68.17,68.26
1774970100,565,14221,12.14,12.4725,13.12
1774970100,565,14215,0,0,0
1774970100,565,14211,1,1,1
1774970160,565,14223,67.73,68.0925,68.26
1774970160,565,14221,11.79,13.4425,15.85
1774970160,565,14215,0,0,0
1774970160,565,14211,1,1,1
1774970220,565,14223,67.17,67.8075,68.02
1774970220,565,14221,13.18,13.2625,13.51
1774970220,565,14215,0,0,0
1774970220,565,14211,1,1,1
1774970280,565,14223,67.04,67.6867,68.01
1774970280,565,14221,13.04,13.34,13.49
1774970280,565,14215,0,0,0
1774970280,565,14211,1,1,1
1774970340,565,14223,68.01,68.535,68.71
1774970340,565,14221,13.49,13.49,13.49
1774970340,565,14215,0,0,0
1774970340,565,14211,1,1,1
1774970400,565,14223,67.1,67.9225,68.71
1774970400,565,14221,14.48,15.315,16.23
1774970400,565,14215,0,0,0
1774970400,565,14211,1,1,1
1774970460,565,14223,68.71,68.71,68.71
1774970460,565,14221,14.48,14.48,14.48
1774970460,565,14215,0,0,0
1774970460,565,14211,1,1,1
1774970520,565,14223,69.73,70.4225,71.02
1774970520,565,14221,14.05,14.7625,15.69
1774970520,565,14215,0,0,0
1774970520,565,14211,1,1,1
1774970580,565,14223,71.01,71.01,71.01
1774970580,565,14221,15.14,15.14,15.14
1774970580,565,14215,0,0,0
1774970580,565,14211,1,1,1
1774970640,565,14223,71.01,71.01,71.01
1774970640,565,14221,15.14,15.14,15.14
1774970640,565,14215,0,0,0
1774970640,565,14211,1,1,1
1774970700,565,14223,71.01,71.01,71.01
1774970700,565,14221,15.14,15.14,15.14
1774970700,565,14215,0,0,0
1774970700,565,14211,1,1,1
1774970760,565,14223,70.68,70.845,71.01
1774970760,565,14221,12.84,13.99,15.14
1774970760,565,14215,0,0,0
1774970760,565,14211,1,1,1
1774970820,565,14223,70.68,71.3075,72.22
1774970820,565,14221,12.84,14.94,18.11
1774970820,565,14215,0,0,0
1774970820,565,14211,1,1,1
1774970880,565,14223,70.93,70.93,70.93
1774970880,565,14221,13.9,13.9,13.9
1774970880,565,14215,0,0,0
1774970880,565,14211,1,1,1
1774970940,565,14223,0,0,0
1774970940,565,14221,0,0,0
1774970940,565,14215,0,0,0
1774970940,565,14211,1,1,1
1774971000,565,14223,70.93,73.96,75.36
1774971000,565,14221,14.98,17.58,19.12
1774971000,565,14215,0,0,0
1774971000,565,14211,1,1,1
1774971060,565,14223,75.36,75.36,75.36
1774971060,565,14221,19.12,19.12,19.12
1774971060,565,14215,0,0,0
1774971060,565,14211,1,1,1
1774971120,565,14223,75.34,75.34,75.34
1774971120,565,14221,19.12,19.12,19.12
1774971120,565,14215,0,0,0
1774971120,565,14211,1,1,1
1774971180,565,14223,67.41,71.77,76.44
1774971180,565,14221,11.44,14.455,20.11
1774971180,565,14215,0,0,0
1774971180,565,14211,1,1,1
1774971240,565,14223,67.83,71.615,75.4
1774971240,565,14221,12.16,13.26,16.21
1774971240,565,14215,0,0,0
1774971240,565,14211,1,1,1
1774971300,565,14223,68.25,69.41,72.89
1774971300,565,14221,16.35,18.435,19.77
1774971300,565,14215,0,0,0
1774971300,565,14211,1,1,1
1774971360,565,14223,72.82,72.8667,72.89
1774971360,565,14221,17.41,18.41,18.91
1774971360,565,14215,0,0,0
1774971360,565,14211,1,1,1
1774971420,565,14223,72.32,72.6025,72.82
1774971420,565,14221,10.87,14.3825,17.41
1774971420,565,14215,0,0,0
1774971420,565,14211,1,1,1
1774971480,565,14223,68.72,71.5175,72.45
1774971480,565,14221,10.96,11.3725,11.51
1774971480,565,14215,0,0,0
1774971480,565,14211,1,1,1
1774971540,565,14223,68.87,69.1775,69.31
1774971540,565,14221,10.75,11.7925,12.65
1774971540,565,14215,0,0,0
1774971540,565,14211,1,1,1
1774971600,565,14223,70.93,71.0425,71.38
1774971600,565,14221,10.19,11.0675,13.7
1774971600,565,14215,0,0,0
1774971600,565,14211,1,1,1
1774971660,565,14223,68.11,68.3175,68.94
1774971660,565,14221,14.15,16.1175,18.29
1774971660,565,14215,0,0,0
1774971660,565,14211,1,1,1
1774971720,565,14223,0,0,0
1774971720,565,14221,0,0,0
1774971720,565,14215,0,0,0
1774971720,565,14211,1,1,1
1774971780,565,14223,70.56,71.4125,72.6
1774971780,565,14221,11.6,14.0375,17.4
1774971780,565,14215,0,0,0
1774971780,565,14211,1,1,1
1774971840,565,14223,73.69,73.9775,74.23
1774971840,565,14221,9.89,12.2675,14.31
1774971840,565,14215,0,0,0
1774971840,565,14211,1,1,1
1774971900,565,14223,72.15,72.99,74.14
1774971900,565,14221,13.08,14.22,15.46
1774971900,565,14215,0,0,0
1774971900,565,14211,1,1,1
1774971960,565,14223,72.15,72.15,72.15
1774971960,565,14221,14.12,14.12,14.12
1774971960,565,14215,0,0,0
1774971960,565,14211,1,1,1
1774972020,565,14223,0,0,0
1774972020,565,14221,0,0,0
1774972020,565,14215,0,0,0
1774972020,565,14211,1,1,1
1774972080,565,14223,71.96,71.96,71.96
1774972080,565,14221,14.11,14.11,14.11
1774972080,565,14215,0,0,0
1774972080,565,14211,1,1,1
1774972140,565,14223,71.96,71.96,71.96
1774972140,565,14221,14.11,14.25,14.67
1774972140,565,14215,0,0,0
1774972140,565,14211,1,1,1
1774972200,565,14223,71.96,71.96,71.96
1774972200,565,14221,14.67,14.67,14.67
1774972200,565,14215,0,0,0
1774972200,565,14211,1,1,1
1774972260,565,14223,71.96,71.96,71.96
1774972260,565,14221,14.67,14.67,14.67
1774972260,565,14215,0,0,0
1774972260,565,14211,1,1,1
1774972320,565,14223,71.74,71.905,71.96
1774972320,565,14221,14.67,15.27,17.07
1774972320,565,14215,0,0,0
1774972320,565,14211,1,1,1
1774972380,565,14223,71.74,71.74,71.74
1774972380,565,14221,17.07,17.07,17.07
1774972380,565,14215,0,0,0
1774972380,565,14211,1,1,1
1774972440,565,14223,71.37,71.37,71.37
1774972440,565,14221,16.1,16.1,16.1
1774972440,565,14215,0,0,0
1774972440,565,14211,1,1,1
1774972500,565,14223,71.37,71.37,71.37
1774972500,565,14221,16.1,16.1,16.1
1774972500,565,14215,0,0,0
1774972500,565,14211,1,1,1
1774972560,565,14223,71.37,71.37,71.37
1774972560,565,14221,16.1,16.1,16.1
1774972560,565,14215,0,0,0
1774972560,565,14211,1,1,1
1774972620,565,14223,71.37,71.37,71.37
1774972620,565,14221,16.1,16.1,16.1
1774972620,565,14215,0,0,0
1774972620,565,14211,1,1,1
1774972680,565,14223,72.38,72.38,72.38
1774972680,565,14221,15.46,15.46,15.46
1774972680,565,14215,0,0,0
1774972680,565,14211,1,1,1
1774972740,565,14223,72.63,72.63,72.63
1774972740,565,14221,15.46,15.46,15.46
1774972740,565,14215,0,0,0
1774972740,565,14211,1,1,1
1774972800,565,14223,67.72,70.798,73
1774972800,565,14221,15.46,16.118,17.18
1774972800,565,14215,0,0,0
1774972800,565,14211,1,1,1
1774972860,565,14223,0,0,0
1774972860,565,14221,0,0,0
1774972860,565,14215,0,0,0
1774972860,565,14211,1,1,1
1774972920,565,14223,72.92,72.92,72.92
1774972920,565,14221,15.8,15.8,15.8
1774972920,565,14215,0,0,0
1774972920,565,14211,1,1,1
1774972980,565,14223,72.38,72.515,72.92
1774972980,565,14221,15.52,15.59,15.8
1774972980,565,14215,0,0,0
1774972980,565,14211,1,1,1
1774973040,565,14223,72.38,72.38,72.38
1774973040,565,14221,15.52,15.52,15.52
1774973040,565,14215,0,0,0
1774973040,565,14211,1,1,1
1774973100,565,14223,72.38,72.38,72.38
1774973100,565,14221,15.52,15.52,15.52
1774973100,565,14215,0,0,0
1774973100,565,14211,1,1,1
1774973160,565,14223,72.38,72.38,72.38
1774973160,565,14221,15.52,15.52,15.52
1774973160,565,14215,0,0,0
1774973160,565,14211,1,1,1
1774973220,565,14223,0,0,0
1774973220,565,14221,0,0,0
1774973220,565,14215,0,0,0
1774973220,565,14211,1,1,1
1774973280,565,14223,72.29,72.6175,72.79
1774973280,565,14221,13.55,15.55,19.04
1774973280,565,14215,0,0,0
1774973280,565,14211,1,1,1
1774973340,565,14223,67.42,67.51,67.72
1774973340,565,14221,15.61,17.355,19.2
1774973340,565,14215,0,0,0
1774973340,565,14211,1,1,1
1774973400,565,14223,67.48,67.48,67.48
1774973400,565,14221,13.91,15.9575,17.35
1774973400,565,14215,0,0,0
1774973400,565,14211,1,1,1
1774973460,565,14223,73.01,73.17,73.49
1774973460,565,14221,15.15,16.29,18.57
1774973460,565,14215,0,0,0
1774973460,565,14211,1,1,1
1774973520,565,14223,73.01,73.01,73.01
1774973520,565,14221,15.15,15.15,15.15
1774973520,565,14215,0,0,0
1774973520,565,14211,1,1,1
1774973580,565,14223,73.01,73.91,74.81
1774973580,565,14221,13.75,14.6625,15.15
1774973580,565,14215,0,0,0
1774973580,565,14211,1,1,1
1774973640,565,14223,74.17,74.86,75.65
1774973640,565,14221,13.19,13.795,14.49
1774973640,565,14215,0,0,0
1774973640,565,14211,1,1,1
1774973700,565,14223,74.98,75.78,77.54
1774973700,565,14221,14.86,16.4175,17.42
1774973700,565,14215,0,0,0
1774973700,565,14211,1,1,1
1774973760,565,14223,76.59,76.94,77.22
1774973760,565,14221,13.34,15.3925,17.42
1774973760,565,14215,0,0,0
1774973760,565,14211,1,1,1
1774973820,565,14223,75.54,75.9067,76.64
1774973820,565,14221,16.24,16.9067,17.24
1774973820,565,14215,0,0,0
1774973820,565,14211,1,1,1
1774973880,565,14223,75.54,76.1175,76.65
1774973880,565,14221,14.55,15.62,17.24
1774973880,565,14215,0,0,0
1774973880,565,14211,1,1,1
1774973940,565,14223,76.74,76.85,77.18
1774973940,565,14221,14.81,14.9225,15.26
1774973940,565,14215,0,0,0
1774973940,565,14211,1,1,1
1774974000,565,14223,76.75,76.8967,77.19
1774974000,565,14221,17.29,17.3833,17.43
1774974000,565,14215,0,0,0
1774974000,565,14211,1,1,1
1774974060,565,14223,76.75,76.75,76.75
1774974060,565,14221,17.43,17.43,17.43
1774974060,565,14215,0,0,0
1774974060,565,14211,1,1,1
1774974120,565,14223,76.8,77.505,77.74
1774974120,565,14221,17.27,17.345,17.42
1774974120,565,14215,0,0,0
1774974120,565,14211,1,1,1
1774974180,565,14223,76.12,76.3125,76.89
1774974180,565,14221,16.42,17.3,19.94
1774974180,565,14215,0,0,0
1774974180,565,14211,1,1,1
1774974240,565,14223,78.29,78.29,78.29
1774974240,565,14221,18,18,18
1774974240,565,14215,0,0,0
1774974240,565,14211,1,1,1
1774974300,565,14223,78.29,78.29,78.29
1774974300,565,14221,18,18,18
1774974300,565,14215,0,0,0
1774974300,565,14211,1,1,1
1774974360,565,14223,78.29,78.29,78.29
1774974360,565,14221,18,18.16,18.64
1774974360,565,14215,0,0,0
1774974360,565,14211,1,1,1
1774974420,565,14223,77.6,77.6,77.6
1774974420,565,14221,19.11,19.3475,20.06
1774974420,565,14215,0,0,0
1774974420,565,14211,1,1,1
1774974480,565,14223,67.39,67.435,67.48
1774974480,565,14221,16.04,17.765,21.43
1774974480,565,14215,0,0,0
1774974480,565,14211,1,1,1
1774974540,565,14223,67.39,70.1575,78.46
1774974540,565,14221,11.71,15.8875,18.59
1774974540,565,14215,0,0,0
1774974540,565,14211,1,1,1
1774974600,565,14223,76.66,77.0067,77.7
1774974600,565,14221,14.72,16.25,19.31
1774974600,565,14215,0,0,0
1774974600,565,14211,1,1,1
1774974660,565,14223,76.66,76.66,76.66
1774974660,565,14221,14.72,14.72,14.72
1774974660,565,14215,0,0,0
1774974660,565,14211,1,1,1
1774974720,565,14223,76.66,76.7175,76.89
1774974720,565,14221,14.72,15.0775,16.15
1774974720,565,14215,0,0,0
1774974720,565,14211,1,1,1
1774974780,565,14223,74.73,75.8175,76.18
1774974780,565,14221,17.94,18.19,18.94
1774974780,565,14215,0,0,0
1774974780,565,14211,1,1,1
1774974840,565,14223,67.39,67.39,67.39
1774974840,565,14221,15.84,18.17,21.18
1774974840,565,14215,0,0,0
1774974840,565,14211,1,1,1
1774974900,565,14223,66.89,72.1925,73.96
1774974900,565,14221,13.99,13.99,13.99
1774974900,565,14215,0,0,0
1774974900,565,14211,1,1,1
1774974960,565,14223,73.96,73.96,73.96
1774974960,565,14221,13.99,13.99,13.99
1774974960,565,14215,0,0,0
1774974960,565,14211,1,1,1
1774975020,565,14223,73.96,73.96,73.96
1774975020,565,14221,13.99,13.99,13.99
1774975020,565,14215,0,0,0
1774975020,565,14211,1,1,1
1774975080,565,14223,73.96,73.96,73.96
1774975080,565,14221,13.99,13.99,13.99
1774975080,565,14215,0,0,0
1774975080,565,14211,1,1,1
1774975140,565,14223,73.96,73.96,73.96
1774975140,565,14221,13.99,13.99,13.99
1774975140,565,14215,0,0,0
1774975140,565,14211,1,1,1
1774975200,565,14223,73.96,73.96,73.96
1774975200,565,14221,13.99,13.99,13.99
1774975200,565,14215,0,0,0
1774975200,565,14211,1,1,1
1774975260,565,14223,73.96,73.96,73.96
1774975260,565,14221,13.99,13.99,13.99
1774975260,565,14215,0,0,0
1774975260,565,14211,1,1,1
1774975320,565,14223,73.96,73.96,73.96
1774975320,565,14221,13.99,13.99,13.99
1774975320,565,14215,0,0,0
1774975320,565,14211,1,1,1
1774975380,565,14223,73.96,73.96,73.96
1774975380,565,14221,12.87,12.87,12.87
1774975380,565,14215,0,0,0
1774975380,565,14211,1,1,1
1774975440,565,14223,0,0,0
1774975440,565,14221,0,0,0
1774975440,565,14215,0,0,0
1774975440,565,14211,1,1,1
1774975500,565,14223,73.89,73.89,73.89
1774975500,565,14221,14.11,14.11,14.11
1774975500,565,14215,0,0,0
1774975500,565,14211,1,1,1
1774975560,565,14223,73.13,73.51,73.89
1774975560,565,14221,15.26,16.685,18.11
1774975560,565,14215,0,0,0
1774975560,565,14211,1,1,1
1774975620,565,14223,73.13,73.13,73.13
1774975620,565,14221,18.11,18.11,18.11
1774975620,565,14215,0,0,0
1774975620,565,14211,1,1,1
1774975680,565,14223,72.69,72.8,73.13
1774975680,565,14221,15.11,16.1925,19.44
1774975680,565,14215,0,0,0
1774975680,565,14211,1,1,1
1774975740,565,14223,72.52,72.52,72.52
1774975740,565,14221,15.17,15.17,15.17
1774975740,565,14215,0,0,0
1774975740,565,14211,1,1,1
1774975800,565,14223,72.52,72.52,72.52
1774975800,565,14221,15.17,15.6575,17.12
1774975800,565,14215,0,0,0
1774975800,565,14211,1,1,1
1774975860,565,14223,65.42,68.9,72.21
1774975860,565,14221,16.23,17.9825,20.11
1774975860,565,14215,0,0,0
1774975860,565,14211,1,1,1
1774975920,565,14223,63.96,64.5125,65.02
1774975920,565,14221,12.48,14.8675,16.32
1774975920,565,14215,0,0,0
1774975920,565,14211,1,1,1
1774975980,565,14223,63.68,66.005,72.7
1774975980,565,14221,15.62,18.515,20.7
1774975980,565,14215,0,0,0
1774975980,565,14211,1,1,1
1774976040,565,14223,72.47,72.6233,72.7
1774976040,565,14221,17.97,19.79,20.7
1774976040,565,14215,0,0,0
1774976040,565,14211,1,1,1
1774976100,565,14223,72.47,72.47,72.47
1774976100,565,14221,17.97,17.97,17.97
1774976100,565,14215,0,0,0
1774976100,565,14211,1,1,1
1774976160,565,14223,63.55,65.5975,71.47
1774976160,565,14221,15.72,18.25,19.65
1774976160,565,14215,0,0,0
1774976160,565,14211,1,1,1
1774976220,565,14223,71.47,71.47,71.47
1774976220,565,14221,19.65,19.65,19.65
1774976220,565,14215,0,0,0
1774976220,565,14211,1,1,1
1774976280,565,14223,71.47,71.47,71.47
1774976280,565,14221,19.65,19.65,19.65
1774976280,565,14215,0,0,0
1774976280,565,14211,1,1,1
1774976340,565,14223,0,0,0
1774976340,565,14221,0,0,0
1774976340,565,14215,0,0,0
1774976340,565,14211,1,1,1
1774976400,565,14223,63.69,69.26,71.47
1774976400,565,14221,16.34,18.775,19.65
1774976400,565,14215,0,0,0
1774976400,565,14211,1,1,1
1774976460,565,14223,64.02,67.585,71.15
1774976460,565,14221,16.5,17.465,18.93
1774976460,565,14215,0,0,0
1774976460,565,14211,1,1,1
1774976520,565,14223,70.49,70.655,71.15
1774976520,565,14221,16.39,16.4175,16.5
1774976520,565,14215,0,0,0
1774976520,565,14211,1,1,1
1774976580,565,14223,69.82,69.82,69.82
1774976580,565,14221,16.99,16.99,16.99
1774976580,565,14215,0,0,0
1774976580,565,14211,1,1,1
1774976640,565,14223,64.02,66.92,69.82
1774976640,565,14221,16.53,17.005,17.51
1774976640,565,14215,0,0,0
1774976640,565,14211,1,1,1
1774976700,565,14223,69.63,69.63,69.63
1774976700,565,14221,18.4,18.4,18.4
1774976700,565,14215,0,0,0
1774976700,565,14211,1,1,1
1774976760,565,14223,64.15,66.89,69.63
1774976760,565,14221,15.91,17.6675,18.4
1774976760,565,14215,0,0,0
1774976760,565,14211,1,1,1
1774976820,565,14223,64.31,68.782,69.9
1774976820,565,14221,15.26,15.968,18.8
1774976820,565,14215,0,0,0
1774976820,565,14211,1,1,1
1774976880,565,14223,69.9,69.9,69.9
1774976880,565,14221,15.26,15.26,15.26
1774976880,565,14215,0,0,0
1774976880,565,14211,1,1,1
1774976940,565,14223,64.03,65.6175,69.9
1774976940,565,14221,15.26,16.2225,17.73
1774976940,565,14215,0,0,0
1774976940,565,14211,1,1,1
1774977000,565,14223,68.69,68.9075,69.56
1774977000,565,14221,18.75,18.7575,18.76
1774977000,565,14215,0,0,0
1774977000,565,14211,1,1,1
1774977060,565,14223,69.56,69.995,71.3
1774977060,565,14221,18.75,18.9275,19.46
1774977060,565,14215,0,0,0
1774977060,565,14211,1,1,1
1774977120,565,14223,70.78,71.04,71.3
1774977120,565,14221,17.35,18.405,19.46
1774977120,565,14215,0,0,0
1774977120,565,14211,1,1,1
1774977180,565,14223,0,0,0
1774977180,565,14221,0,0,0
1774977180,565,14215,0,0,0
1774977180,565,14211,1,1,1
1774977240,565,14223,0,0,0
1774977240,565,14221,0,0,0
1774977240,565,14215,0,0,0
1774977240,565,14211,1,1,1
1774977300,565,14223,69.92,70.4025,70.78
1774977300,565,14221,15.37,16.6025,17.9
1774977300,565,14215,0,0,0
1774977300,565,14211,1,1,1
1774977360,565,14223,70.42,71.26,71.54
1774977360,565,14221,13.81,14.6125,14.88
1774977360,565,14215,0,0,0
1774977360,565,14211,1,1,1
1774977420,565,14223,64.08,67.81,71.54
1774977420,565,14221,13.5,14.355,14.88
1774977420,565,14215,0,0,0
1774977420,565,14211,1,1,1
1774977480,565,14223,64.25,64.25,64.25
1774977480,565,14221,13.26,14.265,15.34
1774977480,565,14215,0,0,0
1774977480,565,14211,1,1,1
1774977540,565,14223,64.73,64.87,65.01
1774977540,565,14221,13.94,15.3375,16.59
1774977540,565,14215,0,0,0
1774977540,565,14211,1,1,1
1774977600,565,14223,65.01,65.1,65.19
1774977600,565,14221,12.34,12.9025,13.24
1774977600,565,14215,0,0,0
1774977600,565,14211,1,1,1
1774977660,565,14223,65.53,65.53,65.53
1774977660,565,14221,13.99,14.88,15.45
1774977660,565,14215,0,0,0
1774977660,565,14211,1,1,1
1774977720,565,14223,74.65,75.355,76.3
1774977720,565,14221,12.14,14.0625,16.14
1774977720,565,14215,0,0,0
1774977720,565,14211,1,1,1
1774977780,565,14223,65.53,68.75,76.29
1774977780,565,14221,11.26,13.4275,16.96
1774977780,565,14215,0,0,0
1774977780,565,14211,1,1,1
1774977840,565,14223,73.37,73.7025,74.7
1774977840,565,14221,16.11,16.7475,16.96
1774977840,565,14215,0,0,0
1774977840,565,14211,1,1,1
1774977900,565,14223,74.37,75.2475,75.88
1774977900,565,14221,11.85,13.295,14.73
1774977900,565,14215,0,0,0
1774977900,565,14211,1,1,1
1774977960,565,14223,67.53,73.4325,75.4
1774977960,565,14221,15.28,15.28,15.28
1774977960,565,14215,0,0,0
1774977960,565,14211,1,1,1
1774978020,565,14223,67.89,71.7475,75.75
1774978020,565,14221,12.32,15.3575,17.04
1774978020,565,14215,0,0,0
1774978020,565,14211,1,1,1
1774978080,565,14223,67.89,69.895,74.87
1774978080,565,14221,16.19,17.26,19.06
1774978080,565,14215,0,0,0
1774978080,565,14211,1,1,1
1774978140,565,14223,74.06,74.6675,74.87
1774978140,565,14221,16.19,16.2175,16.3
1774978140,565,14215,0,0,0
1774978140,565,14211,1,1,1
1774978200,565,14223,73.55,74.795,75.57
1774978200,565,14221,13.35,14.1425,15.07
1774978200,565,14215,0,0,0
1774978200,565,14211,1,1,1
1774978260,565,14223,69.86,71.5025,75.67
1774978260,565,14221,15.93,18.055,19.53
1774978260,565,14215,0,0,0
1774978260,565,14211,1,1,1
1774978320,565,14223,75.67,75.97,76.87
1774978320,565,14221,19.53,19.53,19.53
1774978320,565,14215,0,0,0
1774978320,565,14211,1,1,1
1774978380,565,14223,70.62,70.6933,70.73
1774978380,565,14221,17.17,19.3633,20.64
1774978380,565,14215,0,0,0
1774978380,565,14211,1,1,1
1774978440,565,14223,70.84,70.84,70.84
1774978440,565,14221,16.3,16.3,16.3
1774978440,565,14215,0,0,0
1774978440,565,14211,1,1,1
1774978500,565,14223,70.98,73.035,75.09
1774978500,565,14221,13.74,15.3225,17.91
1774978500,565,14215,0,0,0
1774978500,565,14211,1,1,1
1774978560,565,14223,71.2,71.935,72.18
1774978560,565,14221,13.56,14.4075,14.69
1774978560,565,14215,0,0,0
1774978560,565,14211,1,1,1
1774978620,565,14223,72.18,72.4,72.77
1774978620,565,14221,13.93,14.4725,14.69
1774978620,565,14215,0,0,0
1774978620,565,14211,1,1,1
1774978680,565,14223,72.77,72.77,72.77
1774978680,565,14221,14.58,14.58,14.58
1774978680,565,14215,0,0,0
1774978680,565,14211,1,1,1
1774978740,565,14223,72.67,72.67,72.67
1774978740,565,14221,13.69,13.69,13.69
1774978740,565,14215,0,0,0
1774978740,565,14211,1,1,1
1774978800,565,14223,71.54,73.2775,74.42
1774978800,565,14221,17.09,17.5,17.97
1774978800,565,14215,0,0,0
1774978800,565,14211,1,1,1
1774978860,565,14223,74.42,74.42,74.42
1774978860,565,14221,17.75,17.75,17.75
1774978860,565,14215,0,0,0
1774978860,565,14211,1,1,1
1774978920,565,14223,74.41,74.41,74.41
1774978920,565,14221,14.69,14.69,14.69
1774978920,565,14215,0,0,0
1774978920,565,14211,1,1,1
1774978980,565,14223,71.54,71.9125,72.42
1774978980,565,14221,14.53,16.7325,18.91
1774978980,565,14215,0,0,0
1774978980,565,14211,1,1,1
1774979040,565,14223,72.42,73.404,74.06
1774979040,565,14221,15.17,16.722,19.79
1774979040,565,14215,0,0,0
1774979040,565,14211,1,1,1
1774979100,565,14223,74.06,74.06,74.06
1774979100,565,14221,15.17,15.17,15.17
1774979100,565,14215,0,0,0
1774979100,565,14211,1,1,1
1774979160,565,14223,73.29,73.8675,74.06
1774979160,565,14221,13.44,14.07,15.96
1774979160,565,14215,0,0,0
1774979160,565,14211,1,1,1
1774979220,565,14223,72.85,73.135,73.23
1774979220,565,14221,12.67,13.5575,15.75
1774979220,565,14215,0,0,0
1774979220,565,14211,1,1,1
1774979280,565,14223,73.23,73.4775,73.56
1774979280,565,14221,14.29,15.8175,17.39
1774979280,565,14215,0,0,0
1774979280,565,14211,1,1,1
1774979340,565,14223,70.54,71.785,73.56
1774979340,565,14221,10.17,13.3225,18.07
1774979340,565,14215,0,0,0
1774979340,565,14211,1,1,1
1774979400,565,14223,70.54,71.4967,73.41
1774979400,565,14221,13.47,13.83,14.01
1774979400,565,14215,0,0,0
1774979400,565,14211,1,1,1
1774979460,565,14223,73.41,73.41,73.41
1774979460,565,14221,13.03,13.03,13.03
1774979460,565,14215,0,0,0
1774979460,565,14211,1,1,1
1774979520,565,14223,73.15,73.15,73.15
1774979520,565,14221,13.46,13.46,13.46
1774979520,565,14215,0,0,0
1774979520,565,14211,1,1,1
1774979580,565,14223,71.74,72.854,73.37
1774979580,565,14221,13.33,13.764,14.06
1774979580,565,14215,0,0,0
1774979580,565,14211,1,1,1
1774979640,565,14223,71.74,71.74,71.74
1774979640,565,14221,12.12,12.9267,13.33
1774979640,565,14215,0,0,0
1774979640,565,14211,1,1,1
1774979700,565,14223,73.37,73.37,73.37
1774979700,565,14221,13.38,13.38,13.38
1774979700,565,14215,0,0,0
1774979700,565,14211,1,1,1
1774979760,565,14223,73.42,73.445,73.47
1774979760,565,14221,13,13.22,13.51
1774979760,565,14215,0,0,0
1774979760,565,14211,1,1,1
1774979820,565,14223,68.39,69.6475,73.42
1774979820,565,14221,12.86,13.0975,13.81
1774979820,565,14215,0,0,0
1774979820,565,14211,1,1,1
1774979880,565,14223,73.41,73.485,73.51
1774979880,565,14221,10.25,12.815,14.3
1774979880,565,14215,0,0,0
1774979880,565,14211,1,1,1
1774979940,565,14223,71.15,71.765,73.61
1774979940,565,14221,13.36,14.065,14.3
1774979940,565,14215,0,0,0
1774979940,565,14211,1,1,1
1774980000,565,14223,73.65,73.6725,73.69
1774980000,565,14221,12.18,12.7425,13.3
1774980000,565,14215,0,0,0
1774980000,565,14211,1,1,1
1774980060,565,14223,70.9,71.83,73.69
1774980060,565,14221,13.09,13.1533,13.28
1774980060,565,14215,0,0,0
1774980060,565,14211,1,1,1
1774980120,565,14223,70.9,72.935,73.63
1774980120,565,14221,11.3,13.135,14.32
1774980120,565,14215,0,0,0
1774980120,565,14211,1,1,1
1774980180,565,14223,73.27,73.31,73.39
1774980180,565,14221,13.11,13.5675,14.42
1774980180,565,14215,0,0,0
1774980180,565,14211,1,1,1
1774980240,565,14223,73.29,73.3675,73.44
1774980240,565,14221,13.16,14.09,15.59
1774980240,565,14215,0,0,0
1774980240,565,14211,1,1,1
1774980300,565,14223,73.12,73.12,73.12
1774980300,565,14221,12.66,13.915,16.23
1774980300,565,14215,0,0,0
1774980300,565,14211,1,1,1
1774980360,565,14223,73.11,73.18,73.24
1774980360,565,14221,12.58,13.575,16.32
1774980360,565,14215,0,0,0
1774980360,565,14211,1,1,1
1774980420,565,14223,73.24,73.2725,73.29
1774980420,565,14221,11.2,12.1675,12.81
1774980420,565,14215,0,0,0
1774980420,565,14211,1,1,1
1774980480,565,14223,72.91,72.91,72.91
1774980480,565,14221,12.38,12.38,12.38
1774980480,565,14215,0,0,0
1774980480,565,14211,1,1,1
1774980540,565,14223,72.64,72.82,72.91
1774980540,565,14221,12.38,13.44,15.56
1774980540,565,14215,0,0,0
1774980540,565,14211,1,1,1
1774980600,565,14223,71.95,72.1275,72.66
1774980600,565,14221,15.56,15.755,16.34
1774980600,565,14215,0,0,0
1774980600,565,14211,1,1,1
1774980660,565,14223,71.93,72.7325,73.29
1774980660,565,14221,13.57,16.6125,20
1774980660,565,14215,0,0,0
1774980660,565,14211,1,1,1
1774980720,565,14223,73.29,73.478,73.6
1774980720,565,14221,13.42,16.028,17.84
1774980720,565,14215,0,0,0
1774980720,565,14211,1,1,1
1774980780,565,14223,71.13,72.6167,73.36
1774980780,565,14221,18.45,19.6533,20.61
1774980780,565,14215,0,0,0
1774980780,565,14211,1,1,1
1774980840,565,14223,71.13,71.13,71.13
1774980840,565,14221,15.6,19.845,22.56
1774980840,565,14215,0,0,0
1774980840,565,14211,1,1,1
1774980900,565,14223,71.64,73.1025,73.97
1774980900,565,14221,11.78,13.17,15.13
1774980900,565,14215,0,0,0
1774980900,565,14211,1,1,1
1774980960,565,14223,73.97,74.01,74.09
1774980960,565,14221,11.94,13.4825,15.3
1774980960,565,14215,0,0,0
1774980960,565,14211,1,1,1
1774981020,565,14223,73.09,73.33,73.73
1774981020,565,14221,10.75,11.69,12.61
1774981020,565,14215,0,0,0
1774981020,565,14211,1,1,1
1774981080,565,14223,72.88,72.965,73.04
1774981080,565,14221,11.8,13.49,16.41
1774981080,565,14215,0,0,0
1774981080,565,14211,1,1,1
1774981140,565,14223,72.55,72.835,73.12
1774981140,565,14221,12.89,13.135,13.48
1774981140,565,14215,0,0,0
1774981140,565,14211,1,1,1
1774981200,565,14223,73.12,73.1825,73.27
1774981200,565,14221,11.97,14.0375,16.2
1774981200,565,14215,0,0,0
1774981200,565,14211,1,1,1
1774981260,565,14223,73.17,73.17,73.17
1774981260,565,14221,10.77,11.44,12.31
1774981260,565,14215,0,0,0
1774981260,565,14211,1,1,1
1774981320,565,14223,72.95,73.0575,73.25
1774981320,565,14221,10.89,12.14,13.87
1774981320,565,14215,0,0,0
1774981320,565,14211,1,1,1
1774981380,565,14223,72.76,73.2675,73.67
1774981380,565,14221,11.45,13.0375,14.89
1774981380,565,14215,0,0,0
1774981380,565,14211,1,1,1
1774981440,565,14223,71.89,72.0875,72.43
1774981440,565,14221,12.02,14.3325,16.5
1774981440,565,14215,0,0,0
1774981440,565,14211,1,1,1
1774981500,565,14223,70.86,70.86,70.86
1774981500,565,14221,12.68,12.68,12.68
1774981500,565,14215,0,0,0
1774981500,565,14211,1,1,1
1774981560,565,14223,70.25,70.7075,70.86
1774981560,565,14221,12.68,13.515,16.02
1774981560,565,14215,0,0,0
1774981560,565,14211,1,1,1
1774981620,565,14223,70.25,70.25,70.25
1774981620,565,14221,16.02,16.02,16.02
1774981620,565,14215,0,0,0
1774981620,565,14211,1,1,1
1774981680,565,14223,70.25,70.25,70.25
1774981680,565,14221,16.02,16.02,16.02
1774981680,565,14215,0,0,0
1774981680,565,14211,1,1,1
1774981740,565,14223,0,0,0
1774981740,565,14221,0,0,0
1774981740,565,14215,0,0,0
1774981740,565,14211,1,1,1
1774981800,565,14223,70.25,70.25,70.25
1774981800,565,14221,16.02,16.02,16.02
1774981800,565,14215,0,0,0
1774981800,565,14211,1,1,1
1774981860,565,14223,0,0,0
1774981860,565,14221,0,0,0
1774981860,565,14215,0,0,0
1774981860,565,14211,1,1,1
1774981920,565,14223,70.25,70.25,70.25
1774981920,565,14221,16.02,16.02,16.02
1774981920,565,14215,0,0,0
1774981920,565,14211,1,1,1
1774981980,565,14223,0,0,0
1774981980,565,14221,0,0,0
1774981980,565,14215,0,0,0
1774981980,565,14211,1,1,1
1774982040,565,14223,70.25,70.25,70.25
1774982040,565,14221,16.02,16.02,16.02
1774982040,565,14215,0,0,0
1774982040,565,14211,1,1,1
1774982100,565,14223,70.25,70.25,70.25
1774982100,565,14221,16.02,16.02,16.02
1774982100,565,14215,0,0,0
1774982100,565,14211,1,1,1
1774982160,565,14223,70.25,70.25,70.25
1774982160,565,14221,16.02,16.02,16.02
1774982160,565,14215,0,0,0
1774982160,565,14211,1,1,1
1774982220,565,14223,70.25,70.25,70.25
1774982220,565,14221,16.02,16.02,16.02
1774982220,565,14215,0,0,0
1774982220,565,14211,1,1,1
1774982280,565,14223,70.25,70.25,70.25
1774982280,565,14221,16.02,16.02,16.02
1774982280,565,14215,0,0,0
1774982280,565,14211,1,1,1
1774982340,565,14223,70.25,70.25,70.25
1774982340,565,14221,16.02,16.02,16.02
1774982340,565,14215,0,0,0
1774982340,565,14211,1,1,1
1774982400,565,14223,70.25,70.25,70.25
1774982400,565,14221,16.02,16.02,16.02
1774982400,565,14215,0,0,0
1774982400,565,14211,1,1,1
1774982460,565,14223,70.25,70.25,70.25
1774982460,565,14221,16.02,16.02,16.02
1774982460,565,14215,0,0,0
1774982460,565,14211,1,1,1
1774982520,565,14223,70.25,70.805,71.89
1774982520,565,14221,15.04,15.395,16.02
1774982520,565,14215,0,0,0
1774982520,565,14211,1,1,1
1774982580,565,14223,70.37,70.37,70.37
1774982580,565,14221,17.64,17.64,17.64
1774982580,565,14215,0,0,0
1774982580,565,14211,1,1,1
1774982640,565,14223,70.37,70.37,70.37
1774982640,565,14221,17.64,17.64,17.64
1774982640,565,14215,0,0,0
1774982640,565,14211,1,1,1
1774982700,565,14223,70.37,70.37,70.37
1774982700,565,14221,17.64,17.64,17.64
1774982700,565,14215,0,0,0
1774982700,565,14211,1,1,1
1774982760,565,14223,70.37,70.37,70.37
1774982760,565,14221,17.64,17.64,17.64
1774982760,565,14215,0,0,0
1774982760,565,14211,1,1,1
1774982820,565,14223,70.37,70.37,70.37
1774982820,565,14221,17.64,17.64,17.64
1774982820,565,14215,0,0,0
1774982820,565,14211,1,1,1
1774982880,565,14223,70.37,70.37,70.37
1774982880,565,14221,17.64,17.64,17.64
1774982880,565,14215,0,0,0
1774982880,565,14211,1,1,1
1774982940,565,14223,70.37,70.37,70.37
1774982940,565,14221,17.64,17.64,17.64
1774982940,565,14215,0,0,0
1774982940,565,14211,1,1,1
1774983000,565,14223,70.37,70.37,70.37
1774983000,565,14221,17.64,17.64,17.64
1774983000,565,14215,0,0,0
1774983000,565,14211,1,1,1
1774983060,565,14223,70.37,70.37,70.37
1774983060,565,14221,17.64,17.64,17.64
1774983060,565,14215,0,0,0
1774983060,565,14211,1,1,1
1774983120,565,14223,70.52,70.52,70.52
1774983120,565,14221,19.39,19.39,19.39
1774983120,565,14215,0,0,0
1774983120,565,14211,1,1,1
1774983180,565,14223,70.52,70.52,70.52
1774983180,565,14221,19.39,19.39,19.39
1774983180,565,14215,0,0,0
1774983180,565,14211,1,1,1
1774983240,565,14223,70.52,70.52,70.52
1774983240,565,14221,19.39,19.39,19.39
1774983240,565,14215,0,0,0
1774983240,565,14211,1,1,1
1774983300,565,14223,70.52,70.52,70.52
1774983300,565,14221,19.39,19.39,19.39
1774983300,565,14215,0,0,0
1774983300,565,14211,1,1,1
1774983360,565,14223,70.52,70.52,70.52
1774983360,565,14221,19.39,19.39,19.39
1774983360,565,14215,0,0,0
1774983360,565,14211,1,1,1
1774983420,565,14223,70.52,70.52,70.52
1774983420,565,14221,19.39,19.39,19.39
1774983420,565,14215,0,0,0
1774983420,565,14211,1,1,1
1774983480,565,14223,70.78,70.79,70.8
1774983480,565,14221,18.48,18.935,19.39
1774983480,565,14215,0,0,0
1774983480,565,14211,1,1,1
1774983540,565,14223,70.78,70.78,70.78
1774983540,565,14221,18.48,18.48,18.48
1774983540,565,14215,0,0,0
1774983540,565,14211,1,1,1
1774983600,565,14223,70.78,72.1675,72.63
1774983600,565,14221,18.1,18.195,18.48
1774983600,565,14215,0,0,0
1774983600,565,14211,1,1,1
1774983660,565,14223,72.63,72.63,72.63
1774983660,565,14221,18.1,18.1,18.1
1774983660,565,14215,0,0,0
1774983660,565,14211,1,1,1
1774983720,565,14223,72.63,72.63,72.63
1774983720,565,14221,18.1,18.1,18.1
1774983720,565,14215,0,0,0
1774983720,565,14211,1,1,1
1774983780,565,14223,72.63,72.63,72.63
1774983780,565,14221,18.1,18.1,18.1
1774983780,565,14215,0,0,0
1774983780,565,14211,1,1,1
1774983840,565,14223,72.63,72.63,72.63
1774983840,565,14221,18.1,18.1,18.1
1774983840,565,14215,0,0,0
1774983840,565,14211,1,1,1
1774983900,565,14223,72.63,72.63,72.63
1774983900,565,14221,18.1,18.1,18.1
1774983900,565,14215,0,0,0
1774983900,565,14211,1,1,1
1774983960,565,14223,72.63,73.8375,74.24
1774983960,565,14221,18.1,18.8275,19.07
1774983960,565,14215,0,0,0
1774983960,565,14211,1,1,1
1774984020,565,14223,74.24,74.24,74.24
1774984020,565,14221,19.07,19.07,19.07
1774984020,565,14215,0,0,0
1774984020,565,14211,1,1,1
1774984080,565,14223,71.89,73.6525,74.24
1774984080,565,14221,16.57,18.445,19.07
1774984080,565,14215,0,0,0
1774984080,565,14211,1,1,1
1774984140,565,14223,73.38,73.38,73.38
1774984140,565,14221,15.24,15.24,15.24
1774984140,565,14215,0,0,0
1774984140,565,14211,1,1,1
1774984200,565,14223,72.64,73.1333,73.38
1774984200,565,14221,15.24,17.2833,19.61
1774984200,565,14215,0,0,0
1774984200,565,14211,1,1,1
1774984260,565,14223,71.37,71.6775,71.78
1774984260,565,14221,18.14,19.805,20.36
1774984260,565,14215,0,0,0
1774984260,565,14211,1,1,1
1774984320,565,14223,72.24,72.24,72.24
1774984320,565,14221,18.75,18.75,18.75
1774984320,565,14215,0,0,0
1774984320,565,14211,1,1,1
1774984380,565,14223,71.8,72.0525,72.49
1774984380,565,14221,13.08,15.475,16.5
1774984380,565,14215,0,0,0
1774984380,565,14211,1,1,1
1774984440,565,14223,71.63,71.6725,71.8
1774984440,565,14221,16.5,17.01,17.18
1774984440,565,14215,0,0,0
1774984440,565,14211,1,1,1
1774984500,565,14223,71.63,71.935,72.24
1774984500,565,14221,13.28,15.23,17.18
1774984500,565,14215,0,0,0
1774984500,565,14211,1,1,1
1774984560,565,14223,72.24,72.24,72.24
1774984560,565,14221,13.28,13.28,13.28
1774984560,565,14215,0,0,0
1774984560,565,14211,1,1,1
1774984620,565,14223,72.24,72.3433,72.55
1774984620,565,14221,13.28,14.08,15.68
1774984620,565,14215,0,0,0
1774984620,565,14211,1,1,1
1774984680,565,14223,0,0,0
1774984680,565,14221,0,0,0
1774984680,565,14215,0,0,0
1774984680,565,14211,1,1,1
1774984740,565,14223,72.55,72.55,72.55
1774984740,565,14221,15.68,15.68,15.68
1774984740,565,14215,0,0,0
1774984740,565,14211,1,1,1
1774984800,565,14223,72.55,72.55,72.55
1774984800,565,14221,15.68,15.68,15.68
1774984800,565,14215,0,0,0
1774984800,565,14211,1,1,1
1774984860,565,14223,72.55,72.55,72.55
1774984860,565,14221,15.68,15.68,15.68
1774984860,565,14215,0,0,0
1774984860,565,14211,1,1,1
1774984920,565,14223,70.85,72.3425,73.51
1774984920,565,14221,13.32,14.59,15.68
1774984920,565,14215,0,0,0
1774984920,565,14211,1,1,1
1774984980,565,14223,69.77,71.27,72.02
1774984980,565,14221,14.92,15.8133,17.6
1774984980,565,14215,0,0,0
1774984980,565,14211,1,1,1
1774985040,565,14223,72.02,73.0725,73.65
1774985040,565,14221,12.87,14.8525,15.81
1774985040,565,14215,0,0,0
1774985040,565,14211,1,1,1
1774985100,565,14223,68.73,72.666,73.65
1774985100,565,14221,15.81,15.81,15.81
1774985100,565,14215,0,0,0
1774985100,565,14211,1,1,1
1774985160,565,14223,68.73,72.1425,73.28
1774985160,565,14221,17.65,17.705,17.87
1774985160,565,14215,0,0,0
1774985160,565,14211,1,1,1
1774985220,565,14223,67.94,71.785,73.28
1774985220,565,14221,17.65,17.9075,18.2
1774985220,565,14215,0,0,0
1774985220,565,14211,1,1,1
1774985280,565,14223,72.96,72.96,72.96
1774985280,565,14221,17.89,17.89,17.89
1774985280,565,14215,0,0,0
1774985280,565,14211,1,1,1
1774985340,565,14223,72.96,72.96,72.96
1774985340,565,14221,17.89,17.89,17.89
1774985340,565,14215,0,0,0
1774985340,565,14211,1,1,1
1774985400,565,14223,72.96,72.96,72.96
1774985400,565,14221,17.89,17.89,17.89
1774985400,565,14215,0,0,0
1774985400,565,14211,1,1,1
1774985460,565,14223,72.96,72.96,72.96
1774985460,565,14221,17.89,17.89,17.89
1774985460,565,14215,0,0,0
1774985460,565,14211,1,1,1
1774985520,565,14223,72.96,73.0575,73.35
1774985520,565,14221,17.89,17.955,18.15
1774985520,565,14215,0,0,0
1774985520,565,14211,1,1,1
1774985580,565,14223,67.94,71.6625,73.26
1774985580,565,14221,12.29,14.46,18.6
1774985580,565,14215,0,0,0
1774985580,565,14211,1,1,1
1774985640,565,14223,67.94,72.41,73.9
1774985640,565,14221,14.1,15.4125,15.85
1774985640,565,14215,0,0,0
1774985640,565,14211,1,1,1
1774985700,565,14223,73.9,73.9,73.9
1774985700,565,14221,15.85,15.85,15.85
1774985700,565,14215,0,0,0
1774985700,565,14211,1,1,1
1774985760,565,14223,67.34,68.98,73.9
1774985760,565,14221,13.34,16.735,19.38
1774985760,565,14215,0,0,0
1774985760,565,14211,1,1,1
1774985820,565,14223,66.15,66.3667,66.8
1774985820,565,14221,17.69,18.16,18.51
1774985820,565,14215,0,0,0
1774985820,565,14211,1,1,1
1774985880,565,14223,73.43,73.67,74.39
1774985880,565,14221,18.64,18.66,18.72
1774985880,565,14215,0,0,0
1774985880,565,14211,1,1,1
1774985940,565,14223,74.39,74.6325,75.36
1774985940,565,14221,18.72,18.8975,19.43
1774985940,565,14215,0,0,0
1774985940,565,14211,1,1,1
1774986000,565,14223,75.36,75.36,75.36
1774986000,565,14221,19.43,19.43,19.43
1774986000,565,14215,0,0,0
1774986000,565,14211,1,1,1
1774986060,565,14223,75.36,75.36,75.36
1774986060,565,14221,19.43,19.43,19.43
1774986060,565,14215,0,0,0
1774986060,565,14211,1,1,1
1774986120,565,14223,65.82,70.6975,75.46
1774986120,565,14221,18.6,19.1525,19.43
1774986120,565,14215,0,0,0
1774986120,565,14211,1,1,1
1774986180,565,14223,65.14,65.2567,65.49
1774986180,565,14221,13.67,16.9867,20.47
1774986180,565,14215,0,0,0
1774986180,565,14211,1,1,1
1774986240,565,14223,74.92,74.92,74.92
1774986240,565,14221,14.79,14.79,14.79
1774986240,565,14215,0,0,0
1774986240,565,14211,1,1,1
1774986300,565,14223,73.53,73.53,73.53
1774986300,565,14221,16.31,16.31,16.31
1774986300,565,14215,0,0,0
1774986300,565,14211,1,1,1
1774986360,565,14223,64.26,64.305,64.34
1774986360,565,14221,18.67,19.115,19.53
1774986360,565,14215,0,0,0
1774986360,565,14211,1,1,1
1774986420,565,14223,64.26,64.305,64.34
1774986420,565,14221,13.56,15.38,17.85
1774986420,565,14215,0,0,0
1774986420,565,14211,1,1,1
1774986480,565,14223,64.16,64.295,64.34
1774986480,565,14221,13.37,15.2575,16.97
1774986480,565,14215,0,0,0
1774986480,565,14211,1,1,1
1774986540,565,14223,74.87,75.2375,75.6
1774986540,565,14221,13.93,15.5,17.31
1774986540,565,14215,0,0,0
1774986540,565,14211,1,1,1
1774986600,565,14223,74.65,74.65,74.65
1774986600,565,14221,13.93,13.93,13.93
1774986600,565,14215,0,0,0
1774986600,565,14211,1,1,1
1774986660,565,14223,74.65,74.65,74.65
1774986660,565,14221,13.93,13.93,13.93
1774986660,565,14215,0,0,0
1774986660,565,14211,1,1,1
1774986720,565,14223,74.65,74.65,74.65
1774986720,565,14221,13.93,13.93,13.93
1774986720,565,14215,0,0,0
1774986720,565,14211,1,1,1
1774986780,565,14223,74.65,74.98,75.31
1774986780,565,14221,13.93,13.965,14
1774986780,565,14215,0,0,0
1774986780,565,14211,1,1,1
1774986840,565,14223,75.31,75.36,75.44
1774986840,565,14221,12.45,13.3,14
1774986840,565,14215,0,0,0
1774986840,565,14211,1,1,1
1774986900,565,14223,64.16,69.9325,75.92
1774986900,565,14221,13.59,14.275,14.74
1774986900,565,14215,0,0,0
1774986900,565,14211,1,1,1
1774986960,565,14223,64.16,67.8567,75.25
1774986960,565,14221,14.69,16.3367,18.05
1774986960,565,14215,0,0,0
1774986960,565,14211,1,1,1
1774987020,565,14223,66.08,66.966,67.33
1774987020,565,14221,14.25,15.542,17.43
1774987020,565,14215,0,0,0
1774987020,565,14211,1,1,1
1774987080,565,14223,67.51,68.518,72.31
1774987080,565,14221,13.98,15.036,15.74
1774987080,565,14215,0,0,0
1774987080,565,14211,1,1,1
1774987140,565,14223,72.31,72.31,72.31
1774987140,565,14221,13.98,13.98,13.98
1774987140,565,14215,0,0,0
1774987140,565,14211,1,1,1
1774987200,565,14223,68.16,68.2533,68.44
1774987200,565,14221,12.32,14.18,17.62
1774987200,565,14215,0,0,0
1774987200,565,14211,1,1,1
1774987260,565,14223,68.76,69.415,69.95
1774987260,565,14221,12.4,12.4875,12.56
1774987260,565,14215,0,0,0
1774987260,565,14211,1,1,1
1774987320,565,14223,69.95,70.84,71.23
1774987320,565,14221,14.44,14.545,14.84
1774987320,565,14215,0,0,0
1774987320,565,14211,1,1,1
1774987380,565,14223,71.23,71.33,71.43
1774987380,565,14221,14.3,14.73,15.72
1774987380,565,14215,0,0,0
1774987380,565,14211,1,1,1
1774987440,565,14223,72.08,72.33,72.53
1774987440,565,14221,12.9,13.155,13.77
1774987440,565,14215,0,0,0
1774987440,565,14211,1,1,1
1774987500,565,14223,71.34,71.562,72.45
1774987500,565,14221,12.82,15.436,16.09
1774987500,565,14215,0,0,0
1774987500,565,14211,1,1,1
1774987560,565,14223,69.97,70.8425,71.34
1774987560,565,14221,12.21,13.805,16.09
1774987560,565,14215,0,0,0
1774987560,565,14211,1,1,1
1774987620,565,14223,71.9,72.1625,72.31
1774987620,565,14221,11.81,13.6425,15.93
1774987620,565,14215,0,0,0
1774987620,565,14211,1,1,1
1774987680,565,14223,71.59,71.6875,71.72
1774987680,565,14221,11.29,12.7025,13.35
1774987680,565,14215,0,0,0
1774987680,565,14211,1,1,1
1774987740,565,14223,69.43,69.455,69.53
1774987740,565,14221,14.88,15.6275,17.87
1774987740,565,14215,0,0,0
1774987740,565,14211,1,1,1
1774987800,565,14223,71.27,71.27,71.27
1774987800,565,14221,18.89,18.89,18.89
1774987800,565,14215,0,0,0
1774987800,565,14211,1,1,1
1774987860,565,14223,71.27,71.58,71.72
1774987860,565,14221,14.1,16.62,18.89
1774987860,565,14215,0,0,0
1774987860,565,14211,1,1,1
1774987920,565,14223,71.91,72.2625,72.38
1774987920,565,14221,16.37,16.61,16.69
1774987920,565,14215,0,0,0
1774987920,565,14211,1,1,1
1774987980,565,14223,71.77,72.048,72.38
1774987980,565,14221,16.69,17.806,18.22
1774987980,565,14215,0,0.285714,1
1774987980,565,14211,1,1,1
1774988040,565,14223,72.03,72.142,72.17
1774988040,565,14221,18.22,21.052,21.76
1774988040,565,14215,0,0,0
1774988040,565,14211,1,1,1
1774988100,565,14223,71.08,71.625,72.17
1774988100,565,14221,15.69,18.725,21.76
1774988100,565,14215,0,0,0
1774988100,565,14211,1,1,1
1774988160,565,14223,71.08,71.5575,72.05
1774988160,565,14221,15.69,16.4825,17.87
1774988160,565,14215,0,0,0
1774988160,565,14211,1,1,1
1774988220,565,14223,71.58,73.492,74.8
1774988220,565,14221,16.26,19.29,20.49
1774988220,565,14215,0,0,0
1774988220,565,14211,1,1,1
1774988280,565,14223,71.2,73.24,73.92
1774988280,565,14221,17.86,17.86,17.86
1774988280,565,14215,0,0,0
1774988280,565,14211,1,1,1
1774988340,565,14223,71.07,71.1675,71.2
1774988340,565,14221,14.47,15.88,18.31
1774988340,565,14215,0,0,0
1774988340,565,14211,1,1,1
1774988400,565,14223,70.28,70.5225,70.8
1774988400,565,14221,10.38,11.425,13.08
1774988400,565,14215,0,0,0
1774988400,565,14211,1,1,1
1774988460,565,14223,70.08,71.525,72.92
1774988460,565,14221,10.97,13.1725,15
1774988460,565,14215,0,0,0
1774988460,565,14211,1,1,1
1774988520,565,14223,69.67,71.3325,72.92
1774988520,565,14221,12.81,13.385,14.01
1774988520,565,14215,0,0,0
1774988520,565,14211,1,1,1
1774988580,565,14223,71.81,71.81,71.81
1774988580,565,14221,11.68,11.68,11.68
1774988580,565,14215,0,0,0
1774988580,565,14211,1,1,1
1774988640,565,14223,69.69,70.9125,71.32
1774988640,565,14221,11.68,11.695,11.7
1774988640,565,14215,0,0,0
1774988640,565,14211,1,1,1
1774988700,565,14223,69.32,69.9,71.32
1774988700,565,14221,11.12,14.33,17.42
1774988700,565,14215,0,0,0
1774988700,565,14211,1,1,1
1774988760,565,14223,69.32,69.3533,69.37
1774988760,565,14221,14.19,14.93,15.3
1774988760,565,14215,0,0,0
1774988760,565,14211,1,1,1
1774988820,565,14223,69.22,69.22,69.22
1774988820,565,14221,11.73,11.73,11.73
1774988820,565,14215,0,0,0
1774988820,565,14211,1,1,1
1774988880,565,14223,0,0,0
1774988880,565,14221,0,0,0
1774988880,565,14215,0,0,0
1774988880,565,14211,1,1,1
1774988940,565,14223,68.86,68.86,68.86
1774988940,565,14221,10.55,10.55,10.55
1774988940,565,14215,0,0,0
1774988940,565,14211,1,1,1
1774989000,565,14223,68.86,68.93,69.14
1774989000,565,14221,10.55,11.2525,13.36
1774989000,565,14215,0,0,0
1774989000,565,14211,1,1,1
1774989060,565,14223,68.87,69.08,69.15
1774989060,565,14221,14.88,15.8925,16.23
1774989060,565,14215,0,0,0
1774989060,565,14211,1,1,1
1774989120,565,14223,68.47,68.75,69.08
1774989120,565,14221,15.33,16.6875,17.77
1774989120,565,14215,0,0,0
1774989120,565,14211,1,1,1
1774989180,565,14223,68.87,68.975,69.08
1774989180,565,14221,15.33,16.775,19.13
1774989180,565,14215,0,0,0
1774989180,565,14211,1,1,1
1774989240,565,14223,67.26,68.04,68.9
1774989240,565,14221,10.64,13.18,16.01
1774989240,565,14215,0,0,0
1774989240,565,14211,1,1,1
1774989300,565,14223,68.9,68.9,68.9
1774989300,565,14221,13.96,13.96,13.96
1774989300,565,14215,0,0,0
1774989300,565,14211,1,1,1
1774989360,565,14223,69.08,69.08,69.08
1774989360,565,14221,16.94,16.94,16.94
1774989360,565,14215,0,0,0
1774989360,565,14211,1,1,1
1774989420,565,14223,64.7,65.3825,65.85
1774989420,565,14221,15.43,17.0975,19.35
1774989420,565,14215,0,0,0
1774989420,565,14211,1,1,1
1774989480,565,14223,64.7,69.1325,70.61
1774989480,565,14221,11.5,12.6175,15.97
1774989480,565,14215,0,0,0
1774989480,565,14211,1,1,1
1774989540,565,14223,64.51,64.6075,64.7
1774989540,565,14221,12.19,13.2,14.02
1774989540,565,14215,0,0,0
1774989540,565,14211,1,1,1
1774989600,565,14223,70.14,70.14,70.14
1774989600,565,14221,14.79,14.79,14.79
1774989600,565,14215,0,0,0
1774989600,565,14211,1,1,1
1774989660,565,14223,70.14,70.14,70.14
1774989660,565,14221,14.79,14.79,14.79
1774989660,565,14215,0,0,0
1774989660,565,14211,1,1,1
1774989720,565,14223,64.37,69.0275,70.58
1774989720,565,14221,14.01,14.04,14.05
1774989720,565,14215,0,0,0
1774989720,565,14211,1,1,1
1774989780,565,14223,64.99,66.6125,70.58
1774989780,565,14221,12.3,13.2575,14.05
1774989780,565,14215,0,0,0
1774989780,565,14211,1,1,1
1774989840,565,14223,65.44,67.31,69.75
1774989840,565,14221,10.89,12.075,13.03
1774989840,565,14215,0,0,0
1774989840,565,14211,1,1,1
1774989900,565,14223,65.44,68.1867,69.75
1774989900,565,14221,10.91,11.66,12.31
1774989900,565,14215,0,0,0
1774989900,565,14211,1,1,1
1774989960,565,14223,65.44,65.44,65.44
1774989960,565,14221,11.52,11.52,11.52
1774989960,565,14215,0,0,0
1774989960,565,14211,1,1,1
1774990020,565,14223,65.44,67.685,69.93
1774990020,565,14221,11.4,12.6025,13.14
1774990020,565,14215,0,0,0
1774990020,565,14211,1,1,1
1774990080,565,14223,65.5,68.8225,69.93
1774990080,565,14221,12.07,12.8725,13.14
1774990080,565,14215,0,0,0
1774990080,565,14211,1,1,1
1774990140,565,14223,64.2,64.9125,65.35
1774990140,565,14221,11.8,11.99,12.32
1774990140,565,14215,0,0,0
1774990140,565,14211,1,1,1
1774990200,565,14223,63.76,68.62,70.24
1774990200,565,14221,14.72,14.915,14.98
1774990200,565,14215,0,0,0
1774990200,565,14211,1,1,1
1774990260,565,14223,63.76,67,70.24
1774990260,565,14221,12.58,14.4275,15.17
1774990260,565,14215,0,0,0
1774990260,565,14211,1,1,1
1774990320,565,14223,63.76,70.495,72.74
1774990320,565,14221,11.93,12.8425,15.58
1774990320,565,14215,0,0,0
1774990320,565,14211,1,1,1
1774990380,565,14223,63.76,70.8175,73.17
1774990380,565,14221,15.43,16.1625,18.36
1774990380,565,14215,0,0,0
1774990380,565,14211,1,1,1
1774990440,565,14223,63.76,70.0333,73.17
1774990440,565,14221,12.33,14.3967,15.43
1774990440,565,14215,0,0,0
1774990440,565,14211,1,1,1
1774990500,565,14223,63.61,63.61,63.61
1774990500,565,14221,13.34,13.34,13.34
1774990500,565,14215,0,0,0
1774990500,565,14211,1,1,1
1774990560,565,14223,63,68.37,70.16
1774990560,565,14221,11.38,11.38,11.38
1774990560,565,14215,0,0,0
1774990560,565,14211,1,1,1
1774990620,565,14223,63,66.59,70.18
1774990620,565,14221,11.97,14.0725,15.18
1774990620,565,14215,0,0,0
1774990620,565,14211,1,1,1
1774990680,565,14223,70.18,70.18,70.18
1774990680,565,14221,15.18,15.18,15.18
1774990680,565,14215,0,0,0
1774990680,565,14211,1,1,1
1774990740,565,14223,70.18,70.18,70.18
1774990740,565,14221,15.18,15.18,15.18
1774990740,565,14215,0,0,0
1774990740,565,14211,1,1,1
1774990800,565,14223,70.18,70.18,70.18
1774990800,565,14221,15.18,15.18,15.18
1774990800,565,14215,0,0,0
1774990800,565,14211,1,1,1
1774990860,565,14223,62.75,66.465,70.18
1774990860,565,14221,14.45,15.395,16.77
1774990860,565,14215,0,0,0
1774990860,565,14211,1,1,1
1774990920,565,14223,62.51,67.83,70.49
1774990920,565,14221,12.09,13.2367,15.53
1774990920,565,14215,0,0,0
1774990920,565,14211,1,1,1
1774990980,565,14223,70.6,71.0533,71.44
1774990980,565,14221,14.24,16.66,17.92
1774990980,565,14215,0,0,0
1774990980,565,14211,1,1,1
1774991040,565,14223,63.29,70.03,71.82
1774991040,565,14221,14.36,15.23,17
1774991040,565,14215,0,0,0
1774991040,565,14211,1,1,1
1774991100,565,14223,63.29,64.1575,64.63
1774991100,565,14221,13.81,15.4775,16.87
1774991100,565,14215,0,0,0
1774991100,565,14211,1,1,1
1774991160,565,14223,65.22,65.6067,65.8
1774991160,565,14221,15.64,17.9267,19.6
1774991160,565,14215,0,0,0
1774991160,565,14211,1,1,1
1774991220,565,14223,67.1,67.1,67.1
1774991220,565,14221,15.86,15.86,15.86
1774991220,565,14215,0,0,0
1774991220,565,14211,1,1,1
1774991280,565,14223,73.33,73.33,73.33
1774991280,565,14221,19.56,19.56,19.56
1774991280,565,14215,0,0,0
1774991280,565,14211,1,1,1
1774991340,565,14223,73.33,73.33,73.33
1774991340,565,14221,19.56,19.56,19.56
1774991340,565,14215,0,0,0
1774991340,565,14211,1,1,1
1774991400,565,14223,73.33,73.33,73.33
1774991400,565,14221,19.56,19.56,19.56
1774991400,565,14215,0,0,0
1774991400,565,14211,1,1,1
1774991460,565,14223,67.1,70.1125,73.33
1774991460,565,14221,14.47,16.035,19.56
1774991460,565,14215,0,0,0
1774991460,565,14211,1,1,1
1774991520,565,14223,67.69,67.9767,68.12
1774991520,565,14221,15.58,16.7433,18.73
1774991520,565,14215,0,0,0
1774991520,565,14211,1,1,1
1774991580,565,14223,68.53,68.53,68.53
1774991580,565,14221,19.26,19.26,19.26
1774991580,565,14215,0,0,0
1774991580,565,14211,1,1,1
1774991640,565,14223,69.92,69.975,70.14
1774991640,565,14221,13.95,17.1975,18.28
1774991640,565,14215,0,0,0
1774991640,565,14211,1,1,1
1774991700,565,14223,68.13,69.7525,70.46
1774991700,565,14221,11.54,12.755,13.45
1774991700,565,14215,0,0,0
1774991700,565,14211,1,1,1
1774991760,565,14223,67.99,68.005,68.01
1774991760,565,14221,12.7,14.8175,16.94
1774991760,565,14215,0,0,0
1774991760,565,14211,1,1,1
1774991820,565,14223,68.16,68.3925,68.47
1774991820,565,14221,13.76,14.7075,17.55
1774991820,565,14215,0,0,0
1774991820,565,14211,1,1,1
1774991880,565,14223,68.24,68.465,68.56
1774991880,565,14221,15.21,15.815,16.46
1774991880,565,14215,0,0,0
1774991880,565,14211,1,1,1
1774991940,565,14223,68.19,68.2125,68.22
1774991940,565,14221,16.38,17.8825,18.98
1774991940,565,14215,0,0,0
1774991940,565,14211,1,1,1
1774992000,565,14223,70.38,70.38,70.38
1774992000,565,14221,16.26,16.26,16.26
1774992000,565,14215,0,0,0
1774992000,565,14211,1,1,1
1774992060,565,14223,70.38,71.8425,73.47
1774992060,565,14221,13.31,14.7,16.26
1774992060,565,14215,0,0,0
1774992060,565,14211,1,1,1
1774992120,565,14223,72.58,73.3425,74.41
1774992120,565,14221,16.14,16.99,17.92
1774992120,565,14215,0,0,0
1774992120,565,14211,1,1,1
1774992180,565,14223,68.4,70.3,72.2
1774992180,565,14221,18.42,19.7075,21.28
1774992180,565,14215,0,0,0
1774992180,565,14211,1,1,1
1774992240,565,14223,68.39,68.5275,68.72
1774992240,565,14221,14.24,16.4425,18.45
1774992240,565,14215,0,0,0
1774992240,565,14211,1,1,1
1774992300,565,14223,68.59,68.59,68.59
1774992300,565,14221,14.59,16.7975,18.53
1774992300,565,14215,0,0,0
1774992300,565,14211,1,1,1
1774992360,565,14223,68.59,70.8925,71.96
1774992360,565,14221,16.65,17.115,18.07
1774992360,565,14215,0,0,0
1774992360,565,14211,1,1,1
1774992420,565,14223,68.59,70.612,71.96
1774992420,565,14221,16.65,17.504,19.72
1774992420,565,14215,0,0,0
1774992420,565,14211,1,1,1
1774992480,565,14223,68.59,70.5025,72.38
1774992480,565,14221,13.3,17.755,19.24
1774992480,565,14215,0,0,0
1774992480,565,14211,1,1,1
1774992540,565,14223,68.51,69.2283,72.8
1774992540,565,14221,12.7,13.545,14.31
1774992540,565,14215,0,0,0
1774992540,565,14211,1,1,1
1774992600,565,14223,72.42,72.648,72.8
1774992600,565,14221,12.95,13.406,14.09
1774992600,565,14215,0,0.285714,1
1774992600,565,14211,1,1,1
1774992660,565,14223,72.42,72.67,73.04
1774992660,565,14221,13.33,15.2617,17.51
1774992660,565,14215,0,0,0
1774992660,565,14211,1,1,1
1774992720,565,14223,72.55,72.55,72.55
1774992720,565,14221,17.51,17.51,17.51
1774992720,565,14215,0,0,0
1774992720,565,14211,1,1,1
1774992780,565,14223,68.31,70.854,72.55
1774992780,565,14221,14.04,15.714,17.51
1774992780,565,14215,0,0,0
1774992780,565,14211,1,1,1
1774992840,565,14223,67.5,67.642,68.15
1774992840,565,14221,14.26,15.388,18.35
1774992840,565,14215,0,0,0
1774992840,565,14211,1,1,1
1774992900,565,14223,67.69,67.69,67.69
1774992900,565,14221,14.35,14.35,14.35
1774992900,565,14215,0,0,0
1774992900,565,14211,1,1,1
1774992960,565,14223,67.28,68.81,69.83
1774992960,565,14221,12.6,16.552,17.54
1774992960,565,14215,0,0,0
1774992960,565,14211,1,1,1
1774993020,565,14223,69.83,69.9567,70.02
1774993020,565,14221,15.52,18.0867,19.7
1774993020,565,14215,0,0,0
1774993020,565,14211,1,1,1
1774993080,565,14223,70.21,70.245,70.35
1774993080,565,14221,14.01,14.13,14.49
1774993080,565,14215,0,0,0
1774993080,565,14211,1,1,1
1774993140,565,14223,67.28,70.75,72.92
1774993140,565,14221,12.86,15.925,18.73
1774993140,565,14215,0,0,0
1774993140,565,14211,1,1,1
1774993200,565,14223,67.4,69.715,72.03
1774993200,565,14221,17.1,17.8375,18.25
1774993200,565,14215,0,0,0
1774993200,565,14211,1,1,1
1774993260,565,14223,72.03,72.03,72.03
1774993260,565,14221,18.25,18.25,18.25
1774993260,565,14215,0,0,0
1774993260,565,14211,1,1,1
1774993320,565,14223,67.39,70.87,72.03
1774993320,565,14221,17.33,18.02,18.25
1774993320,565,14215,0,0,0
1774993320,565,14211,1,1,1
1774993380,565,14223,66.79,66.8825,67.16
1774993380,565,14221,13.55,15.225,16.69
1774993380,565,14215,0,0,0
1774993380,565,14211,1,1,1
1774993440,565,14223,70.1,70.1,70.1
1774993440,565,14221,14.22,14.22,14.22
1774993440,565,14215,0,0,0
1774993440,565,14211,1,1,1
1774993500,565,14223,66.6,66.6475,66.71
1774993500,565,14221,12.24,13.1725,14
1774993500,565,14215,0,0,0
1774993500,565,14211,1,1,1
1774993560,565,14223,66.82,66.8333,66.84
1774993560,565,14221,10.69,11.38,11.75
1774993560,565,14215,0,0,0
1774993560,565,14211,1,1,1
1774993620,565,14223,66.9,66.9,66.9
1774993620,565,14221,12.31,12.31,12.31
1774993620,565,14215,0,0,0
1774993620,565,14211,1,1,1
1774993680,565,14223,65.98,66.4725,67
1774993680,565,14221,10.77,12.0025,13.93
1774993680,565,14215,0,0,0
1774993680,565,14211,1,1,1
1774993740,565,14223,65.92,66.0775,66.35
1774993740,565,14221,11.75,13.02,15.7
1774993740,565,14215,0,0,0
1774993740,565,14211,1,1,1
1774993800,565,14223,66.38,66.44,66.46
1774993800,565,14221,10.75,12.5275,13.44
1774993800,565,14215,0,0,0
1774993800,565,14211,1,1,1
1774993860,565,14223,65.62,65.9675,66.17
1774993860,565,14221,11.12,11.305,11.65
1774993860,565,14215,0,0,0
1774993860,565,14211,1,1,1
1774993920,565,14223,65.49,66.555,67.61
1774993920,565,14221,11.3,11.6775,12.39
1774993920,565,14215,0,0,0
1774993920,565,14211,1,1,1
1774993980,565,14223,67.61,67.61,67.61
1774993980,565,14221,11.51,11.51,11.51
1774993980,565,14215,0,0,0
1774993980,565,14211,1,1,1
1774994040,565,14223,67.24,67.24,67.24
1774994040,565,14221,16.35,16.35,16.35
1774994040,565,14215,0,0,0
1774994040,565,14211,1,1,1
1774994100,565,14223,65.18,66.5525,67.91
1774994100,565,14221,12.29,14.4925,17.64
1774994100,565,14215,0,0,0
1774994100,565,14211,1,1,1
1774994160,565,14223,63.69,64.0925,64.63
1774994160,565,14221,14.34,16.3425,17.16
1774994160,565,14215,0,0,0
1774994160,565,14211,1,1,1
1774994220,565,14223,63.39,63.54,63.69
1774994220,565,14221,16.07,19.4325,21.09
1774994220,565,14215,0,0,0
1774994220,565,14211,1,1,1
1774994280,565,14223,63.39,64.5975,68.22
1774994280,565,14221,13.84,16.9525,20.51
1774994280,565,14215,0,0,0
1774994280,565,14211,1,1,1
1774994340,565,14223,63.39,64.065,64.47
1774994340,565,14221,14.04,16.395,17.53
1774994340,565,14215,0,0,0
1774994340,565,14211,1,1,1
1774994400,565,14223,68.83,68.83,68.83
1774994400,565,14221,13.86,13.86,13.86
1774994400,565,14215,0,0,0
1774994400,565,14211,1,1,1
1774994460,565,14223,69.51,69.51,69.51
1774994460,565,14221,14.55,14.55,14.55
1774994460,565,14215,0,0,0
1774994460,565,14211,1,1,1
1774994520,565,14223,64.94,65.62,66.31
1774994520,565,14221,15.06,16.35,17.8
1774994520,565,14215,0,0,0
1774994520,565,14211,1,1,1
1774994580,565,14223,66.31,67.0625,67.54
1774994580,565,14221,15.76,17.795,19.69
1774994580,565,14215,0,0,0
1774994580,565,14211,1,1,1
1774994640,565,14223,67.76,68.15,68.37
1774994640,565,14221,13.25,16.355,19.69
1774994640,565,14215,0,0,0
1774994640,565,14211,1,1,1
1774994700,565,14223,68.37,68.505,68.64
1774994700,565,14221,11.27,15.1725,17.59
1774994700,565,14215,0,0,0
1774994700,565,14211,1,1,1
1774994760,565,14223,68.91,69.4475,69.95
1774994760,565,14221,15.79,17.325,18.45
1774994760,565,14215,0,0,0
1774994760,565,14211,1,1,1
1774994820,565,14223,70.1,70.1,70.1
1774994820,565,14221,12.82,16.805,19.67
1774994820,565,14215,0,0,0
1774994820,565,14211,1,1,1
1774994880,565,14223,68.78,68.9525,69.01
1774994880,565,14221,13.93,18.5275,20.06
1774994880,565,14215,0,0,0
1774994880,565,14211,1,1,1
1774994940,565,14223,67.97,68.2425,68.78
1774994940,565,14221,15.49,18.0625,20.14
1774994940,565,14215,0,0,0
1774994940,565,14211,1,1,1
1774995000,565,14223,68.45,69.3225,70.12
1774995000,565,14221,17.2,18.0675,18.94
1774995000,565,14215,0,0,0
1774995000,565,14211,1,1,1
1774995060,565,14223,67.76,68.7575,69.59
1774995060,565,14221,19.39,21.285,22.44
1774995060,565,14215,0,0,0
1774995060,565,14211,1,1,1
1774995120,565,14223,67.76,68.11,68.71
1774995120,565,14221,14.4,17.21,22.44
1774995120,565,14215,0,0,0
1774995120,565,14211,1,1,1
1774995180,565,14223,68.71,68.71,68.71
1774995180,565,14221,17.69,17.69,17.69
1774995180,565,14215,0,0,0
1774995180,565,14211,1,1,1
1774995240,565,14223,65.89,67.124,69.67
1774995240,565,14221,17.15,19.418,21.53
1774995240,565,14215,0,0,0
1774995240,565,14211,1,1,1
1774995300,565,14223,69.52,69.635,69.68
1774995300,565,14221,15.98,18.0175,19.02
1774995300,565,14215,0,0,0
1774995300,565,14211,1,1,1
1774995360,565,14223,69.01,69.1225,69.4
1774995360,565,14221,16.64,18.87,19.99
1774995360,565,14215,0,0,0
1774995360,565,14211,1,1,1
1774995420,565,14223,69.01,69.01,69.01
1774995420,565,14221,19.99,19.99,19.99
1774995420,565,14215,0,0,0
1774995420,565,14211,1,1,1
1774995480,565,14223,69.77,69.86,70.13
1774995480,565,14221,20.51,21,22.47
1774995480,565,14215,0,0,0
1774995480,565,14211,1,1,1
1774995540,565,14223,70.5,70.756,70.82
1774995540,565,14221,19.6,19.6,19.6
1774995540,565,14215,0,0,0
1774995540,565,14211,1,1,1
1774995600,565,14223,66.15,69.5275,70.96
1774995600,565,14221,16.54,17.5125,18.67
1774995600,565,14215,0,0,0
1774995600,565,14211,1,1,1
1774995660,565,14223,66.42,66.46,66.5
1774995660,565,14221,14.19,17.005,18.41
1774995660,565,14215,0,0,0
1774995660,565,14211,1,1,1
1774995720,565,14223,66.5,68.1167,71.35
1774995720,565,14221,15.04,16.5633,17.82
1774995720,565,14215,0,0,0
1774995720,565,14211,1,1,1
1774995780,565,14223,71.35,71.35,71.35
1774995780,565,14221,17.82,17.82,17.82
1774995780,565,14215,0,0,0
1774995780,565,14211,1,1,1
1774995840,565,14223,71.35,71.35,71.35
1774995840,565,14221,17.82,17.82,17.82
1774995840,565,14215,0,0,0
1774995840,565,14211,1,1,1
1774995900,565,14223,0,0,0
1774995900,565,14221,0,0,0
1774995900,565,14215,0,0,0
1774995900,565,14211,1,1,1
1774995960,565,14223,71.29,71.29,71.29
1774995960,565,14221,17.01,17.01,17.01
1774995960,565,14215,0,0,0
1774995960,565,14211,1,1,1
1774996020,565,14223,0,0,0
1774996020,565,14221,0,0,0
1774996020,565,14215,0,0,0
1774996020,565,14211,1,1,1
1774996080,565,14223,66.5,71.1575,73.42
1774996080,565,14221,15.51,15.885,17.01
1774996080,565,14215,0,0,0
1774996080,565,14211,1,1,1
1774996140,565,14223,73.42,73.42,73.42
1774996140,565,14221,15.51,15.51,15.51
1774996140,565,14215,0,0,0
1774996140,565,14211,1,1,1
1774996200,565,14223,73.42,73.42,73.42
1774996200,565,14221,15.51,15.51,15.51
1774996200,565,14215,0,0,0
1774996200,565,14211,1,1,1
1774996260,565,14223,73.42,74.14,74.82
1774996260,565,14221,16.77,18.005,18.5
1774996260,565,14215,0,0,0
1774996260,565,14211,1,1,1
1774996320,565,14223,66.5,72.8275,75.44
1774996320,565,14221,18.48,18.7625,19.21
1774996320,565,14215,0,0,0
1774996320,565,14211,1,1,1
1774996380,565,14223,66.17,66.335,66.5
1774996380,565,14221,17.32,18.145,18.95
1774996380,565,14215,0,0,0
1774996380,565,14211,1,1,1
1774996440,565,14223,66.17,69.58,76.4
1774996440,565,14221,18.21,18.39,18.64
1774996440,565,14215,0,0,0
1774996440,565,14211,1,1,1
1774996500,565,14223,66.02,71.2125,76.4
1774996500,565,14221,16.76,17.97,18.64
1774996500,565,14215,0,0,0
1774996500,565,14211,1,1,1
1774996560,565,14223,66.02,68.1425,74.51
1774996560,565,14221,14.15,16.605,17.63
1774996560,565,14215,0,0,0
1774996560,565,14211,1,1,1
1774996620,565,14223,74.51,74.51,74.51
1774996620,565,14221,17.63,17.63,17.63
1774996620,565,14215,0,0,0
1774996620,565,14211,1,1,1
1774996680,565,14223,74.03,74.4,75.14
1774996680,565,14221,14.94,15.3533,15.87
1774996680,565,14215,0,0,0
1774996680,565,14211,1,1,1
1774996740,565,14223,74.68,74.864,75.14
1774996740,565,14221,15.87,17.37,18.37
1774996740,565,14215,0,0,0
1774996740,565,14211,1,1,1
1774996800,565,14223,74.68,75.2475,75.76
1774996800,565,14221,17.89,18.7075,19.38
1774996800,565,14215,0,0,0
1774996800,565,14211,1,1,1
1774996860,565,14223,66.02,70.7025,75.38
1774996860,565,14221,12.89,17.2275,20.84
1774996860,565,14215,0,0,0
1774996860,565,14211,1,1,1
1774996920,565,14223,66.29,66.29,66.29
1774996920,565,14221,15.23,17.23,18.88
1774996920,565,14215,0,0,0
1774996920,565,14211,1,1,1
1774996980,565,14223,66.29,66.29,66.29
1774996980,565,14221,19.21,19.21,19.21
1774996980,565,14215,0,0,0
1774996980,565,14211,1,1,1
1774997040,565,14223,75.41,76.2475,76.89
1774997040,565,14221,11.25,11.25,11.25
1774997040,565,14215,0,0,0
1774997040,565,14211,1,1,1
1774997100,565,14223,66.29,73.79,77.14
1774997100,565,14221,11.25,13.725,15.32
1774997100,565,14215,0,0,0
1774997100,565,14211,1,1,1
1774997160,565,14223,66.29,75.7625,78.92
1774997160,565,14221,15.25,15.25,15.25
1774997160,565,14215,0,0,0
1774997160,565,14211,1,1,1
1774997220,565,14223,66.29,72.49,78.92
1774997220,565,14221,15.25,17.2775,18.48
1774997220,565,14215,0,0,0
1774997220,565,14211,1,1,1
1774997280,565,14223,66.29,71.185,76.08
1774997280,565,14221,14.18,15.5825,17.33
1774997280,565,14215,0,0,0
1774997280,565,14211,1,1,1
1774997340,565,14223,66.8,69.2575,76.08
1774997340,565,14221,13.93,15.3625,17.14
1774997340,565,14215,0,0,0
1774997340,565,14211,1,1,1
1774997400,565,14223,67.91,71.8833,73.87
1774997400,565,14221,19.03,19.33,19.48
1774997400,565,14215,0,0,0
1774997400,565,14211,1,1,1
1774997460,565,14223,73.87,73.87,73.87
1774997460,565,14221,19.48,19.48,19.48
1774997460,565,14215,0,0,0
1774997460,565,14211,1,1,1
1774997520,565,14223,68.4,68.4,68.4
1774997520,565,14221,14.36,14.36,14.36
1774997520,565,14215,0,0,0
1774997520,565,14211,1,1,1
1774997580,565,14223,68.14,68.305,68.44
1774997580,565,14221,12.3,13.125,14.43
1774997580,565,14215,0,0,0
1774997580,565,14211,1,1,1
1774997640,565,14223,68.08,68.125,68.14
1774997640,565,14221,12.5,17.07,20.64
1774997640,565,14215,0,0,0
1774997640,565,14211,1,1,1
1774997700,565,14223,67.59,67.9125,68.08
1774997700,565,14221,12.5,15.09,17.25
1774997700,565,14215,0,0,0
1774997700,565,14211,1,1,1
1774997760,565,14223,67.23,72.9467,74.09
1774997760,565,14221,18.47,19.2367,19.39
1774997760,565,14215,0,0,0
1774997760,565,14211,1,1,1
1774997820,565,14223,74.78,74.78,74.78
1774997820,565,14221,16.72,16.72,16.72
1774997820,565,14215,0,0,0
1774997820,565,14211,1,1,1
1774997880,565,14223,67.23,71.005,74.78
1774997880,565,14221,14.81,15.5575,16.73
1774997880,565,14215,0,0,0
1774997880,565,14211,1,1,1
1774997940,565,14223,73.28,73.28,73.28
1774997940,565,14221,14.22,14.22,14.22
1774997940,565,14215,0,0,0
1774997940,565,14211,1,1,1
1774998000,565,14223,73.28,73.65,73.9
1774998000,565,14221,12.47,13.4875,14.22
1774998000,565,14215,0,0,0
1774998000,565,14211,1,1,1
1774998060,565,14223,73.28,73.6475,74.01
1774998060,565,14221,12.91,13.2875,13.65
1774998060,565,14215,0,0,0
1774998060,565,14211,1,1,1
1774998120,565,14223,74.03,74.18,74.41
1774998120,565,14221,12.31,12.71,13.36
1774998120,565,14215,0,0,0
1774998120,565,14211,1,1,1
1774998180,565,14223,67.03,67.18,67.23
1774998180,565,14221,12.05,13.895,15.48
1774998180,565,14215,0,0,0
1774998180,565,14211,1,1,1
1774998240,565,14223,66.24,66.57,66.68
1774998240,565,14221,11.83,12.545,13.44
1774998240,565,14215,0,0,0
1774998240,565,14211,1,1,1
1774998300,565,14223,66.24,66.295,66.46
1774998300,565,14221,13.04,13.725,14.49
1774998300,565,14215,0,0,0
1774998300,565,14211,1,1,1
1774998360,565,14223,66.38,66.4075,66.46
1774998360,565,14221,14.66,15.785,17.64
1774998360,565,14215,0,0,0
1774998360,565,14211,1,1,1
1774998420,565,14223,66.25,66.4875,66.59
1774998420,565,14221,14.08,14.46,15.35
1774998420,565,14215,0,0,0
1774998420,565,14211,1,1,1
1774998480,565,14223,65.87,66.005,66.05
1774998480,565,14221,12.77,14.7475,18.04
1774998480,565,14215,0,0,0
1774998480,565,14211,1,1,1
1774998540,565,14223,65.81,65.855,65.87
1774998540,565,14221,15.19,18.0725,21.14
1774998540,565,14215,0,0,0
1774998540,565,14211,1,1,1
1774998600,565,14223,65.1,65.28,65.53
1774998600,565,14221,13.23,15.88,18.93
1774998600,565,14215,0,0,0
1774998600,565,14211,1,1,1
1774998660,565,14223,64.11,64.2033,64.39
1774998660,565,14221,12.47,12.99,13.28
1774998660,565,14215,0,0,0
1774998660,565,14211,1,1,1
1774998720,565,14223,63.48,63.48,63.48
1774998720,565,14221,13.28,13.28,13.28
1774998720,565,14215,0,0,0
1774998720,565,14211,1,1,1
1774998780,565,14223,62.64,62.7867,62.89
1774998780,565,14221,12.95,13.2067,13.55
1774998780,565,14215,0,0,0
1774998780,565,14211,1,1,1
1774998840,565,14223,62.64,68.655,70.66
1774998840,565,14221,12.16,12.4375,12.53
1774998840,565,14215,0,0,0
1774998840,565,14211,1,1,1
1774998900,565,14223,70.35,70.61,71.39
1774998900,565,14221,15.05,15.925,18.55
1774998900,565,14215,0,0,0
1774998900,565,14211,1,1,1
1774998960,565,14223,62.64,64.7725,71.17
1774998960,565,14221,12.52,13.5625,15.14
1774998960,565,14215,0,0,0
1774998960,565,14211,1,1,1
1774999020,565,14223,63.11,63.795,64.34
1774999020,565,14221,11.16,11.8775,12.55
1774999020,565,14215,0,0,0
1774999020,565,14211,1,1,1
1774999080,565,14223,64.07,64.16,64.25
1774999080,565,14221,12.56,13.355,14.33
1774999080,565,14215,0,0,0
1774999080,565,14211,1,1,1
1774999140,565,14223,64.01,64.055,64.07
1774999140,565,14221,11.08,11.64,12.73
1774999140,565,14215,0,0,0
1774999140,565,14211,1,1,1
1774999200,565,14223,64.06,64.3375,64.49
1774999200,565,14221,11.89,12.75,13.57
1774999200,565,14215,0,0,0
1774999200,565,14211,1,1,1
1774999260,565,14223,64.69,65.1375,65.37
1774999260,565,14221,10.59,12.04,13.87
1774999260,565,14215,0,0,0
1774999260,565,14211,1,1,1
1774999320,565,14223,65.47,65.5225,65.54
1774999320,565,14221,13.05,14.365,16.21
1774999320,565,14215,0,0,0
1774999320,565,14211,1,1,1
1774999380,565,14223,65.41,65.6275,66.11
1774999380,565,14221,15.01,16.6675,19.08
1774999380,565,14215,0,0,0
1774999380,565,14211,1,1,1
1774999440,565,14223,70.84,70.84,70.84
1774999440,565,14221,13.36,13.36,13.36
1774999440,565,14215,0,0,0
1774999440,565,14211,1,1,1
1774999500,565,14223,69.46,70.2,70.84
1774999500,565,14221,13.36,15.07,18.21
1774999500,565,14215,0,0,0
1774999500,565,14211,1,1,1
1774999560,565,14223,69.76,70.8133,71.68
1774999560,565,14221,16.71,17.22,18.07
1774999560,565,14215,0,0,0
1774999560,565,14211,1,1,1
1774999620,565,14223,71.25,71.5725,71.68
1774999620,565,14221,18.07,18.6875,20.54
1774999620,565,14215,0,0,0
1774999620,565,14211,1,1,1
1774999680,565,14223,71.93,71.9525,72.02
1774999680,565,14221,16.63,16.9775,18.02
1774999680,565,14215,0,0,0
1774999680,565,14211,1,1,1
1774999740,565,14223,66.11,69.5275,72.56
1774999740,565,14221,16.33,17.0075,18.11
1774999740,565,14215,0,0,0
1774999740,565,14211,1,1,1
1774999800,565,14223,67.02,69.8175,72.56
1774999800,565,14221,16.33,17.5675,19.87
1774999800,565,14215,0,0,0
1774999800,565,14211,1,1,1
1774999860,565,14223,67.13,72.5675,74.38
1774999860,565,14221,19.87,19.8925,19.9
1774999860,565,14215,0,0,0
1774999860,565,14211,1,1,1
1774999920,565,14223,67.35,67.4,67.45
1774999920,565,14221,17.57,18.9225,20.08
1774999920,565,14215,0,0,0
1774999920,565,14211,1,1,1
1774999980,565,14223,67.46,69.93,72.4
1774999980,565,14221,17.53,19.845,22.16
1774999980,565,14215,0,0,0
1774999980,565,14211,1,1,1
1775000040,565,14223,72.4,72.4,72.4
1775000040,565,14221,17.53,17.53,17.53
1775000040,565,14215,0,0,0
1775000040,565,14211,1,1,1
1775000100,565,14223,72.4,72.4,72.4
1775000100,565,14221,17.53,17.53,17.53
1775000100,565,14215,0,0,0
1775000100,565,14211,1,1,1
1775000160,565,14223,72.4,72.4,72.4
1775000160,565,14221,17.53,17.53,17.53
1775000160,565,14215,0,0,0
1775000160,565,14211,1,1,1
1775000220,565,14223,71.91,73.0175,74.8
1775000220,565,14221,17.53,18.31,19.66
1775000220,565,14215,0,0,0
1775000220,565,14211,1,1,1
1775000280,565,14223,73.85,73.85,73.85
1775000280,565,14221,18.63,18.63,18.63
1775000280,565,14215,0,0,0
1775000280,565,14211,1,1,1
1775000340,565,14223,73.85,73.85,73.85
1775000340,565,14221,18.63,18.63,18.63
1775000340,565,14215,0,0,0
1775000340,565,14211,1,1,1
1775000400,565,14223,73.85,73.85,73.85
1775000400,565,14221,18.63,18.63,18.63
1775000400,565,14215,0,0,0
1775000400,565,14211,1,1,1
1775000460,565,14223,73.85,73.85,73.85
1775000460,565,14221,18.63,18.63,18.63
1775000460,565,14215,0,0,0
1775000460,565,14211,1,1,1
1775000520,565,14223,73.85,73.85,73.85
1775000520,565,14221,18.63,18.63,18.63
1775000520,565,14215,0,0,0
1775000520,565,14211,1,1,1
1775000580,565,14223,67.43,71.718,72.79
1775000580,565,14221,19.01,19.01,19.01
1775000580,565,14215,0,0,0
1775000580,565,14211,1,1,1
1775000640,565,14223,72.79,72.79,72.79
1775000640,565,14221,19.01,19.01,19.01
1775000640,565,14215,0,0,0
1775000640,565,14211,1,1,1
1775000700,565,14223,0,0,0
1775000700,565,14221,0,0,0
1775000700,565,14215,0,0,0
1775000700,565,14211,1,1,1
1775000760,565,14223,72.79,72.79,72.79
1775000760,565,14221,17.71,18.5767,19.01
1775000760,565,14215,0,0,0
1775000760,565,14211,1,1,1
1775000820,565,14223,72.84,72.84,72.84
1775000820,565,14221,17.25,17.25,17.25
1775000820,565,14215,0,0,0
1775000820,565,14211,1,1,1
1775000880,565,14223,67.43,67.43,67.43
1775000880,565,14221,18.78,18.78,18.78
1775000880,565,14215,0,0,0
1775000880,565,14211,1,1,1
1775000940,565,14223,67.43,73.07,75.47
1775000940,565,14221,12.72,15.37,18.47
1775000940,565,14215,0,0,0
1775000940,565,14211,1,1,1
1775001000,565,14223,74.79,74.79,74.79
1775001000,565,14221,14.9,14.9,14.9
1775001000,565,14215,0,0,0
1775001000,565,14211,1,1,1
1775001060,565,14223,74.79,74.79,74.79
1775001060,565,14221,14.9,14.9,14.9
1775001060,565,14215,0,0,0
1775001060,565,14211,1,1,1
1775001120,565,14223,74.79,74.79,74.79
1775001120,565,14221,14.9,14.9,14.9
1775001120,565,14215,0,0,0
1775001120,565,14211,1,1,1
1775001180,565,14223,74.04,74.2275,74.79
1775001180,565,14221,14.9,16.4525,16.97
1775001180,565,14215,0,0,0
1775001180,565,14211,1,1,1
1775001240,565,14223,74.04,74.04,74.04
1775001240,565,14221,16.97,16.97,16.97
1775001240,565,14215,0,0,0
1775001240,565,14211,1,1,1
1775001300,565,14223,73.73,73.8333,74.04
1775001300,565,14221,16.97,17.5633,17.86
1775001300,565,14215,0,0,0
1775001300,565,14211,1,1,1
1775001360,565,14223,73.73,73.73,73.73
1775001360,565,14221,17.86,17.86,17.86
1775001360,565,14215,0,0,0
1775001360,565,14211,1,1,1
1775001420,565,14223,73.73,73.73,73.73
1775001420,565,14221,17.86,17.86,17.86
1775001420,565,14215,0,0,0
1775001420,565,14211,1,1,1
1775001480,565,14223,67.66,71.9725,73.41
1775001480,565,14221,16.88,17.29,18.52
1775001480,565,14215,0,0,0
1775001480,565,14211,1,1,1
1775001540,565,14223,0,0,0
1775001540,565,14221,0,0,0
1775001540,565,14215,0,0,0
1775001540,565,14211,1,1,1
1775001600,565,14223,74.19,74.19,74.19
1775001600,565,14221,16.88,16.88,16.88
1775001600,565,14215,0,0,0
1775001600,565,14211,1,1,1
1775001660,565,14223,67.66,72.405,74.19
1775001660,565,14221,16.36,17.6575,18.39
1775001660,565,14215,0,0,0
1775001660,565,14211,1,1,1
1775001720,565,14223,67.66,69.0567,71.7
1775001720,565,14221,15.67,17.24,18.66
1775001720,565,14215,0,0,0
1775001720,565,14211,1,1,1
1775001780,565,14223,71.7,71.7,71.7
1775001780,565,14221,18.66,18.66,18.66
1775001780,565,14215,0,0,0
1775001780,565,14211,1,1,1
1775001840,565,14223,71.7,71.7,71.7
1775001840,565,14221,18.66,18.66,18.66
1775001840,565,14215,0,0,0
1775001840,565,14211,1,1,1
1775001900,565,14223,71.7,71.7,71.7
1775001900,565,14221,18.66,18.66,18.66
1775001900,565,14215,0,0,0
1775001900,565,14211,1,1,1
1775001960,565,14223,68,70.9425,72.11
1775001960,565,14221,16.48,17.7825,19.37
1775001960,565,14215,0,0,0
1775001960,565,14211,1,1,1
1775002020,565,14223,73.06,73.06,73.06
1775002020,565,14221,15.27,15.27,15.27
1775002020,565,14215,0,0,0
1775002020,565,14211,1,1,1
1775002080,565,14223,0,0,0
1775002080,565,14221,0,0,0
1775002080,565,14215,0,0,0
1775002080,565,14211,1,1,1
1775002140,565,14223,68,71.2133,72.82
1775002140,565,14221,16.42,16.8067,17
1775002140,565,14215,0,0,0
1775002140,565,14211,1,1,1
1775002200,565,14223,72.82,72.82,72.82
1775002200,565,14221,17,17,17
1775002200,565,14215,0,0,0
1775002200,565,14211,1,1,1
1775002260,565,14223,72.82,72.82,72.82
1775002260,565,14221,17,17,17
1775002260,565,14215,0,0,0
1775002260,565,14211,1,1,1
1775002320,565,14223,68.26,70.8,73.57
1775002320,565,14221,14.87,16.0275,17
1775002320,565,14215,0,0,0
1775002320,565,14211,1,1,1
1775002380,565,14223,68.35,71.4625,72.5
1775002380,565,14221,17.24,17.24,17.24
1775002380,565,14215,0,0,0
1775002380,565,14211,1,1,1
1775002440,565,14223,72.5,72.5,72.5
1775002440,565,14221,17.24,17.24,17.24
1775002440,565,14215,0,0,0
1775002440,565,14211,1,1,1
1775002500,565,14223,72.5,73.0767,74.23
1775002500,565,14221,16.64,17.04,17.24
1775002500,565,14215,0,0,0
1775002500,565,14211,1,1,1
1775002560,565,14223,74.23,74.23,74.23
1775002560,565,14221,16.64,16.64,16.64
1775002560,565,14215,0,0,0
1775002560,565,14211,1,1,1
1775002620,565,14223,74.23,74.23,74.23
1775002620,565,14221,16.64,16.64,16.64
1775002620,565,14215,0,0,0
1775002620,565,14211,1,1,1
1775002680,565,14223,68.35,72.11,74.23
1775002680,565,14221,16.64,16.64,16.64
1775002680,565,14215,0,0,0
1775002680,565,14211,1,1,1
1775002740,565,14223,73.75,73.75,73.75
1775002740,565,14221,16.64,16.64,16.64
1775002740,565,14215,0,0,0
1775002740,565,14211,1,1,1
1775002800,565,14223,74.19,74.59,74.99
1775002800,565,14221,15.36,16.6,17.84
1775002800,565,14215,0,0,0
1775002800,565,14211,1,1,1
1775002860,565,14223,74.99,74.99,74.99
1775002860,565,14221,15.36,15.36,15.36
1775002860,565,14215,0,0,0
1775002860,565,14211,1,1,1
1775002920,565,14223,74.32,74.4875,74.99
1775002920,565,14221,15.36,17.07,17.64
1775002920,565,14215,0,0,0
1775002920,565,14211,1,1,1
1775002980,565,14223,74.32,74.32,74.32
1775002980,565,14221,17.64,17.64,17.64
1775002980,565,14215,0,0,0
1775002980,565,14211,1,1,1
1775003040,565,14223,74.32,74.32,74.32
1775003040,565,14221,17.64,17.64,17.64
1775003040,565,14215,0,0,0
1775003040,565,14211,1,1,1
1775003100,565,14223,0,0,0
1775003100,565,14221,0,0,0
1775003100,565,14215,0,0,0
1775003100,565,14211,1,1,1
1775003160,565,14223,75.37,76.4275,76.78
1775003160,565,14221,13.49,13.64,14.09
1775003160,565,14215,0,0,0
1775003160,565,14211,1,1,1
1775003220,565,14223,68.35,74.54,76.78
1775003220,565,14221,13.49,15.1475,17.72
1775003220,565,14215,0,0,0
1775003220,565,14211,1,1,1
1775003280,565,14223,75.12,75.12,75.12
1775003280,565,14221,13.78,13.78,13.78
1775003280,565,14215,0,0,0
1775003280,565,14211,1,1,1
1775003340,565,14223,74.65,75.0025,75.12
1775003340,565,14221,13.78,13.9625,14.51
1775003340,565,14215,0,0,0
1775003340,565,14211,1,1,1
1775003400,565,14223,73.84,74.4475,74.65
1775003400,565,14221,14.51,15.02,16.55
1775003400,565,14215,0,0,0
1775003400,565,14211,1,1,1
1775003460,565,14223,68.35,69.7225,73.84
1775003460,565,14221,11.84,12.2025,12.72
1775003460,565,14215,0,0,0
1775003460,565,14211,1,1,1
1775003520,565,14223,67.74,68.0525,68.23
1775003520,565,14221,12.04,12.4225,12.75
1775003520,565,14215,0,0,0
1775003520,565,14211,1,1,1
1775003580,565,14223,75.28,75.28,75.28
1775003580,565,14221,12.81,12.81,12.81
1775003580,565,14215,0,0.181818,1
1775003580,565,14211,1,1,1
1775003640,565,14223,67.44,69.51,75.28
1775003640,565,14221,10.39,11.6025,12.81
1775003640,565,14215,0,0,0
1775003640,565,14211,1,1,1
1775003700,565,14223,67.44,71.185,72.45
1775003700,565,14221,11.82,12.6025,14.95
1775003700,565,14215,0,0,0
1775003700,565,14211,1,1,1
1775003760,565,14223,66.22,66.4125,66.72
1775003760,565,14221,14.27,17.3875,19.56
1775003760,565,14215,0,0,0
1775003760,565,14211,1,1,1
1775003820,565,14223,66.22,70.825,72.36
1775003820,565,14221,16.16,16.6925,16.87
1775003820,565,14215,0,0,0
1775003820,565,14211,1,1,1
1775003880,565,14223,72.7,72.7,72.7
1775003880,565,14221,16.05,16.05,16.05
1775003880,565,14215,0,0,0
1775003880,565,14211,1,1,1
1775003940,565,14223,72.7,73.525,74.53
1775003940,565,14221,15.41,15.7375,16.05
1775003940,565,14215,0,0,0
1775003940,565,14211,1,1,1
1775004000,565,14223,66.15,68.43,74.34
1775004000,565,14221,13.63,14.9425,16.32
1775004000,565,14215,0,0,0
1775004000,565,14211,1,1,1
1775004060,565,14223,66.78,67.19,67.62
1775004060,565,14221,14.04,14.42,14.94
1775004060,565,14215,0,0,0
1775004060,565,14211,1,1,1
1775004120,565,14223,67.62,67.925,68.34
1775004120,565,14221,13.46,14.525,15.18
1775004120,565,14215,0,0,0
1775004120,565,14211,1,1,1
1775004180,565,14223,68.59,68.605,68.64
1775004180,565,14221,13.55,16.1575,18.32
1775004180,565,14215,0,0,0
1775004180,565,14211,1,1,1
1775004240,565,14223,68.57,68.9975,70.28
1775004240,565,14221,16.51,17.2525,18.95
1775004240,565,14215,0,0,0
1775004240,565,14211,1,1,1
1775004300,565,14223,70.28,70.28,70.28
1775004300,565,14221,17.04,17.04,17.04
1775004300,565,14215,0,0,0
1775004300,565,14211,1,1,1
1775004360,565,14223,70.28,70.28,70.28
1775004360,565,14221,17.04,17.04,17.04
1775004360,565,14215,0,0,0
1775004360,565,14211,1,1,1
1775004420,565,14223,70.28,70.6525,71.77
1775004420,565,14221,12.97,16.0225,17.04
1775004420,565,14215,0,0,0
1775004420,565,14211,1,1,1
1775004480,565,14223,68.6,68.6225,68.63
1775004480,565,14221,11.76,12.15,12.61
1775004480,565,14215,0,0,0
1775004480,565,14211,1,1,1
1775004540,565,14223,68.63,69.938,70.81
1775004540,565,14221,12.27,12.388,12.76
1775004540,565,14215,0,0,0
1775004540,565,14211,1,1,1
1775004600,565,14223,70.81,70.81,70.81
1775004600,565,14221,11.41,11.84,12.27
1775004600,565,14215,0,0,0
1775004600,565,14211,1,1,1
1775004660,565,14223,0,0,0
1775004660,565,14221,0,0,0
1775004660,565,14215,0,0,0
1775004660,565,14211,1,1,1
1775004720,565,14223,70.81,70.81,70.81
1775004720,565,14221,11.41,11.41,11.41
1775004720,565,14215,0,0,0
1775004720,565,14211,1,1,1
1775004780,565,14223,70.81,70.81,70.81
1775004780,565,14221,11.41,11.41,11.41
1775004780,565,14215,0,0,0
1775004780,565,14211,1,1,1
1775004840,565,14223,70.32,70.565,70.81
1775004840,565,14221,11.41,12.075,12.74
1775004840,565,14215,0,0,0
1775004840,565,14211,1,1,1
1775004900,565,14223,68.63,70.4425,71.74
1775004900,565,14221,13.22,14.2625,15.78
1775004900,565,14215,0,0,0
1775004900,565,14211,1,1,1
1775004960,565,14223,68.63,68.8675,69.04
1775004960,565,14221,12.54,13.6475,14.77
1775004960,565,14215,0,0,0
1775004960,565,14211,1,1,1
1775005020,565,14223,69.38,69.4275,69.57
1775005020,565,14221,13.01,13.34,13.93
1775005020,565,14215,0,0,0
1775005020,565,14211,1,1,1
1775005080,565,14223,68.47,69.385,69.77
1775005080,565,14221,13.66,14.2775,15.53
1775005080,565,14215,0,0,0
1775005080,565,14211,1,1,1
1775005140,565,14223,68.14,68.305,68.47
1775005140,565,14221,13.46,13.71,13.96
1775005140,565,14215,0,0,0
1775005140,565,14211,1,1,1
1775005200,565,14223,68.14,68.14,68.14
1775005200,565,14221,13.46,13.46,13.46
1775005200,565,14215,0,0,0
1775005200,565,14211,1,1,1
1775005260,565,14223,68.79,69.1167,69.77
1775005260,565,14221,15.32,15.595,15.65
1775005260,565,14215,0,0,0
1775005260,565,14211,1,1,1
1775005320,565,14223,68.79,68.8517,69.16
1775005320,565,14221,15.65,15.9083,17.2
1775005320,565,14215,0,0,0
1775005320,565,14211,1,1,1
1775005380,565,14223,68.42,69.2438,69.94
1775005380,565,14221,15.59,18.1831,20.63
1775005380,565,14215,0,0,0
1775005380,565,14211,1,1,1
1775005440,565,14223,68.77,68.77,68.77
1775005440,565,14221,15.59,15.59,15.59
1775005440,565,14215,0,0,0
1775005440,565,14211,1,1,1
1775005500,565,14223,68.47,68.47,68.47
1775005500,565,14221,15.86,15.86,15.86
1775005500,565,14215,0,0,0
1775005500,565,14211,1,1,1
1775005560,565,14223,68.47,68.955,70.05
1775005560,565,14221,14.29,15.2425,15.86
1775005560,565,14215,0,0,0
1775005560,565,14211,1,1,1
1775005620,565,14223,68.69,69.9325,70.45
1775005620,565,14221,11.48,15.2075,17.81
1775005620,565,14215,0,0,0
1775005620,565,14211,1,1,1
1775005680,565,14223,68.69,68.69,68.69
1775005680,565,14221,15.77,15.77,15.77
1775005680,565,14215,0,0,0
1775005680,565,14211,1,1,1
1775005740,565,14223,68.2,69.6225,70.39
1775005740,565,14221,13.67,14.565,17.25
1775005740,565,14215,0,0,0
1775005740,565,14211,1,1,1
1775005800,565,14223,69.17,69.6025,70.39
1775005800,565,14221,12.21,13.595,16.14
1775005800,565,14215,0,0,0
1775005800,565,14211,1,1,1
1775005860,565,14223,69.1,69.1533,69.19
1775005860,565,14221,15.36,17.0567,18.88
1775005860,565,14215,0,0,0
1775005860,565,14211,1,1,1
1775005920,565,14223,69.1,69.1,69.1
1775005920,565,14221,18.23,18.23,18.23
1775005920,565,14215,0,0,0
1775005920,565,14211,1,1,1
1775005980,565,14223,70.28,71.0967,72.59
1775005980,565,14221,13.75,16.44,18.61
1775005980,565,14215,0,0,0
1775005980,565,14211,1,1,1
1775006040,565,14223,72.06,72.4575,72.59
1775006040,565,14221,12.72,14.9775,15.73
1775006040,565,14215,0,0,0
1775006040,565,14211,1,1,1
1775006100,565,14223,68.34,68.6775,69.01
1775006100,565,14221,12.22,13.2875,15.05
1775006100,565,14215,0,0,0
1775006100,565,14211,1,1,1
1775006160,565,14223,68.47,68.5925,68.67
1775006160,565,14221,11.84,12.58,13.51
1775006160,565,14215,0,0,0
1775006160,565,14211,1,1,1
1775006220,565,14223,68.75,71.2775,72.12
1775006220,565,14221,14.19,14.19,14.19
1775006220,565,14215,0,0,0
1775006220,565,14211,1,1,1
1775006280,565,14223,71.99,72.0717,72.12
1775006280,565,14221,13.18,13.8867,16.41
1775006280,565,14215,0,0,0
1775006280,565,14211,1,1,1
1775006340,565,14223,68.41,70.66,73.4
1775006340,565,14221,11.89,13.8575,17.26
1775006340,565,14215,0,0,0
1775006340,565,14211,1,1,1
1775006400,565,14223,68.12,70.3625,71.11
1775006400,565,14221,9.84,9.955,10.3
1775006400,565,14215,0,0,0
1775006400,565,14211,1,1,1
1775006460,565,14223,67.99,67.99,67.99
1775006460,565,14221,11.83,11.83,11.83
1775006460,565,14215,0,0,0
1775006460,565,14211,1,1,1
1775006520,565,14223,70.54,70.54,70.54
1775006520,565,14221,12.9,12.9,12.9
1775006520,565,14215,0,0,0
1775006520,565,14211,0,0.916667,1
1775006580,565,14223,0,0,0
1775006580,565,14221,0,0,0
1775006580,565,14215,0,0,0
1775006580,565,14211,0,0,0
1775006640,565,14223,0,0,0
1775006640,565,14221,0,0,0
1775006640,565,14215,0,0,0
1775006640,565,14211,0,0,0
1775006700,565,14223,0,0,0
1775006700,565,14221,0,0,0
1775006700,565,14215,0,0,0
1775006700,565,14211,0,0,0
1775006760,565,14223,0,0,0
1775006760,565,14221,0,0,0
1775006760,565,14215,0,0,0
1775006760,565,14211,0,0,0
1775006820,565,14223,0,0,0
1775006820,565,14221,0,0,0
1775006820,565,14215,0,0,0
1775006820,565,14211,0,0,0
1775006880,565,14223,0,0,0
1775006880,565,14221,0,0,0
1775006880,565,14215,0,0,0
1775006880,565,14211,0,0,0
1775006940,565,14223,0,0,0
1775006940,565,14221,0,0,0
1775006940,565,14215,0,0,0
1775006940,565,14211,0,0,0
1775007000,565,14223,0,0,0
1775007000,565,14221,0,0,0
1775007000,565,14215,0,0,0
1775007000,565,14211,0,0,0
1775007060,565,14223,0,0,0
1775007060,565,14221,0,0,0
1775007060,565,14215,0,0,0
1775007060,565,14211,0,0,0
1775007120,565,14223,0,0,0
1775007120,565,14221,0,0,0
1775007120,565,14215,0,0,0
1775007120,565,14211,0,0,0
1775007180,565,14223,0,0,0
1775007180,565,14221,0,0,0
1775007180,565,14215,0,0,0
1775007180,565,14211,0,0,0
1775007240,565,14223,0,0,0
1775007240,565,14221,0,0,0
1775007240,565,14215,0,0,0
1775007240,565,14211,0,0,0
1775007300,565,14223,0,0,0
1775007300,565,14221,0,0,0
1775007300,565,14215,0,0,0
1775007300,565,14211,0,0,0
1775007360,565,14223,0,0,0
1775007360,565,14221,0,0,0
1775007360,565,14215,0,0,0
1775007360,565,14211,0,0,0
1775007420,565,14223,0,0,0
1775007420,565,14221,0,0,0
1775007420,565,14215,0,0,0
1775007420,565,14211,0,0,0
1775007480,565,14223,0,0,0
1775007480,565,14221,0,0,0
1775007480,565,14215,0,0,0
1775007480,565,14211,0,0,0
1775007540,565,14223,0,0,0
1775007540,565,14221,0,0,0
1775007540,565,14215,0,0,0
1775007540,565,14211,0,0,0
1775007600,565,14223,0,0,0
1775007600,565,14221,0,0,0
1775007600,565,14215,0,0,0
1775007600,565,14211,0,0,0
1775007660,565,14223,0,0,0
1775007660,565,14221,0,0,0
1775007660,565,14215,0,0,0
1775007660,565,14211,0,0,0
1775007720,565,14223,0,0,0
1775007720,565,14221,0,0,0
1775007720,565,14215,0,0,0
1775007720,565,14211,0,0,0
1775007780,565,14223,0,0,0
1775007780,565,14221,0,0,0
1775007780,565,14215,0,0,0
1775007780,565,14211,0,0,0
1775007840,565,14223,0,0,0
1775007840,565,14221,0,0,0
1775007840,565,14215,0,0,0
1775007840,565,14211,0,0,0
1775007900,565,14223,0,0,0
1775007900,565,14221,0,0,0
1775007900,565,14215,0,0,0
1775007900,565,14211,0,0,0
1775007960,565,14223,0,0,0
1775007960,565,14221,0,0,0
1775007960,565,14215,0,0,0
1775007960,565,14211,0,0,0
1775008020,565,14223,0,0,0
1775008020,565,14221,0,0,0
1775008020,565,14215,0,0,0
1775008020,565,14211,0,0,0
1775008080,565,14223,0,0,0
1775008080,565,14221,0,0,0
1775008080,565,14215,0,0,0
1775008080,565,14211,0,0,0
1775008140,565,14223,0,0,0
1775008140,565,14221,0,0,0
1775008140,565,14215,0,0,0
1775008140,565,14211,0,0,0
1775008200,565,14223,0,0,0
1775008200,565,14221,0,0,0
1775008200,565,14215,0,0,0
1775008200,565,14211,0,0,0
1775008260,565,14223,0,0,0
1775008260,565,14221,0,0,0
1775008260,565,14215,0,0,0
1775008260,565,14211,0,0,0
1775008320,565,14223,0,0,0
1775008320,565,14221,0,0,0
1775008320,565,14215,0,0,0
1775008320,565,14211,0,0,0
1775008380,565,14223,0,0,0
1775008380,565,14221,0,0,0
1775008380,565,14215,0,0,0
1775008380,565,14211,0,0,0
1775008440,565,14223,0,0,0
1775008440,565,14221,0,0,0
1775008440,565,14215,0,0,0
1775008440,565,14211,0,0,0
1775008500,565,14223,0,0,0
1775008500,565,14221,0,0,0
1775008500,565,14215,0,0,0
1775008500,565,14211,0,0,0
1775008560,565,14223,0,0,0
1775008560,565,14221,0,0,0
1775008560,565,14215,0,0,0
1775008560,565,14211,0,0,0
1775008620,565,14223,0,0,0
1775008620,565,14221,0,0,0
1775008620,565,14215,0,0,0
1775008620,565,14211,0,0,0
1775008680,565,14223,0,0,0
1775008680,565,14221,0,0,0
1775008680,565,14215,0,0,0
1775008680,565,14211,0,0,0
1775008740,565,14223,0,0,0
1775008740,565,14221,0,0,0
1775008740,565,14215,0,0,0
1775008740,565,14211,0,0,0
1775008800,565,14223,0,0,0
1775008800,565,14221,0,0,0
1775008800,565,14215,0,0,0
1775008800,565,14211,0,0,0
1775008860,565,14223,0,0,0
1775008860,565,14221,0,0,0
1775008860,565,14215,0,0,0
1775008860,565,14211,0,0,0
1775008920,565,14223,0,0,0
1775008920,565,14221,0,0,0
1775008920,565,14215,0,0,0
1775008920,565,14211,0,0,0
1775008980,565,14223,0,0,0
1775008980,565,14221,0,0,0
1775008980,565,14215,0,0,0
1775008980,565,14211,0,0,0
1775009040,565,14223,0,0,0
1775009040,565,14221,0,0,0
1775009040,565,14215,0,0,0
1775009040,565,14211,0,0,0
1775009100,565,14223,0,0,0
1775009100,565,14221,0,0,0
1775009100,565,14215,0,0,0
1775009100,565,14211,0,0,0
1775009160,565,14223,0,0,0
1775009160,565,14221,0,0,0
1775009160,565,14215,0,0,0
1775009160,565,14211,0,0,0
1775009220,565,14223,0,0,0
1775009220,565,14221,0,0,0
1775009220,565,14215,0,0,0
1775009220,565,14211,0,0,0
1775009280,565,14223,0,0,0
1775009280,565,14221,0,0,0
1775009280,565,14215,0,0,0
1775009280,565,14211,0,0,0
1775009340,565,14223,0,0,0
1775009340,565,14221,12.9,12.9,12.9
1775009340,565,14215,0,0,0
1775009340,565,14211,0,0.166667,1
1775009400,565,14223,0,0,0
1775009400,565,14221,12.9,12.9,12.9
1775009400,565,14215,0,0,0
1775009400,565,14211,0,0.888889,1
1775009460,565,14223,0,0,0
1775009460,565,14221,0,0,0
1775009460,565,14215,0,0,0
1775009460,565,14211,0,0,0
1775009520,565,14223,0,0,0
1775009520,565,14221,0,0,0
1775009520,565,14215,0,0,0
1775009520,565,14211,0,0,0
1775009580,565,14223,0,0,0
1775009580,565,14221,0,0,0
1775009580,565,14215,0,0,0
1775009580,565,14211,0,0,0
1775009640,565,14223,0,0,0
1775009640,565,14221,0,0,0
1775009640,565,14215,0,0,0
1775009640,565,14211,0,0,0
1775009700,565,14223,0,0,0
1775009700,565,14221,0,0,0
1775009700,565,14215,0,0,0
1775009700,565,14211,0,0,0
1775009760,565,14223,0,0,0
1775009760,565,14221,0,0,0
1775009760,565,14215,0,0,0
1775009760,565,14211,0,0,0
1775009820,565,14223,0,0,0
1775009820,565,14221,0,0,0
1775009820,565,14215,0,0,0
1775009820,565,14211,0,0,0
1775009880,565,14223,0,0,0
1775009880,565,14221,0,0,0
1775009880,565,14215,0,0,0
1775009880,565,14211,0,0,0
1775009940,565,14223,0,0,0
1775009940,565,14221,0,0,0
1775009940,565,14215,0,0,0
1775009940,565,14211,0,0,0
1775010000,565,14223,0,0,0
1775010000,565,14221,0,0,0
1775010000,565,14215,0,0,0
1775010000,565,14211,0,0,0
1775010060,565,14223,0,0,0
1775010060,565,14221,0,0,0
1775010060,565,14215,0,0,0
1775010060,565,14211,0,0,0
1775010120,565,14223,0,0,0
1775010120,565,14221,0,0,0
1775010120,565,14215,0,0,0
1775010120,565,14211,0,0,0
1775010180,565,14223,0,0,0
1775010180,565,14221,0,0,0
1775010180,565,14215,0,0,0
1775010180,565,14211,0,0,0
1775010240,565,14223,0,0,0
1775010240,565,14221,0,0,0
1775010240,565,14215,0,0,0
1775010240,565,14211,0,0,0
1775010300,565,14223,0,0,0
1775010300,565,14221,0,0,0
1775010300,565,14215,0,0,0
1775010300,565,14211,0,0,0
1775010360,565,14223,0,0,0
1775010360,565,14221,0,0,0
1775010360,565,14215,0,0,0
1775010360,565,14211,0,0,0
1775010420,565,14223,0,0,0
1775010420,565,14221,0,0,0
1775010420,565,14215,0,0,0
1775010420,565,14211,0,0,0
1775010480,565,14223,0,0,0
1775010480,565,14221,0,0,0
1775010480,565,14215,0,0,0
1775010480,565,14211,0,0,0
1775010540,565,14223,0,0,0
1775010540,565,14221,0,0,0
1775010540,565,14215,0,0,0
1775010540,565,14211,0,0,0
1775010600,565,14223,0,0,0
1775010600,565,14221,0,0,0
1775010600,565,14215,0,0,0
1775010600,565,14211,0,0,0
1775010660,565,14223,0,0,0
1775010660,565,14221,0,0,0
1775010660,565,14215,0,0,0
1775010660,565,14211,0,0,0
1775010720,565,14223,0,0,0
1775010720,565,14221,0,0,0
1775010720,565,14215,0,0,0
1775010720,565,14211,0,0,0
1775010780,565,14223,0,0,0
1775010780,565,14221,0,0,0
1775010780,565,14215,0,0,0
1775010780,565,14211,0,0,0
1775010840,565,14223,0,0,0
1775010840,565,14221,0,0,0
1775010840,565,14215,0,0,0
1775010840,565,14211,0,0,0
1775010900,565,14223,0,0,0
1775010900,565,14221,0,0,0
1775010900,565,14215,0,0,0
1775010900,565,14211,0,0,0
1775010960,565,14223,0,0,0
1775010960,565,14221,0,0,0
1775010960,565,14215,0,0,0
1775010960,565,14211,0,0,0
1775011020,565,14223,0,0,0
1775011020,565,14221,0,0,0
1775011020,565,14215,0,0,0
1775011020,565,14211,0,0,0
1775011080,565,14223,0,0,0
1775011080,565,14221,12.9,12.9,12.9
1775011080,565,14215,0,0,0
1775011080,565,14211,0,0.5,1
1775011140,565,14223,0,0,0
1775011140,565,14221,0,0,0
1775011140,565,14215,0,0,0
1775011140,565,14211,0,0,0
1775011200,565,14223,0,0,0
1775011200,565,14221,0,0,0
1775011200,565,14215,0,0,0
1775011200,565,14211,0,0,0
1775011260,565,14223,0,0,0
1775011260,565,14221,0,0,0
1775011260,565,14215,0,0,0
1775011260,565,14211,0,0,0
1775011320,565,14223,0,0,0
1775011320,565,14221,0,0,0
1775011320,565,14215,0,0,0
1775011320,565,14211,0,0,0
1775011380,565,14223,0,0,0
1775011380,565,14221,0,0,0
1775011380,565,14215,0,0,0
1775011380,565,14211,0,0,0
1775011440,565,14223,0,0,0
1775011440,565,14221,0,0,0
1775011440,565,14215,0,0,0
1775011440,565,14211,0,0,0
1775011500,565,14223,0,0,0
1775011500,565,14221,0,0,0
1775011500,565,14215,0,0,0
1775011500,565,14211,0,0,0
1775011560,565,14223,0,0,0
1775011560,565,14221,0,0,0
1775011560,565,14215,0,0,0
1775011560,565,14211,0,0,0
1775011620,565,14223,0,0,0
1775011620,565,14221,0,0,0
1775011620,565,14215,0,0,0
1775011620,565,14211,0,0,0
1775011680,565,14223,0,0,0
1775011680,565,14221,0,0,0
1775011680,565,14215,0,0,0
1775011680,565,14211,0,0,0
1775011740,565,14223,0,0,0
1775011740,565,14221,0,0,0
1775011740,565,14215,0,0,0
1775011740,565,14211,0,0,0
1775011800,565,14223,0,0,0
1775011800,565,14221,0,0,0
1775011800,565,14215,0,0,0
1775011800,565,14211,0,0,0
1775011860,565,14223,0,0,0
1775011860,565,14221,0,0,0
1775011860,565,14215,0,0,0
1775011860,565,14211,0,0,0
1775011920,565,14223,0,0,0
1775011920,565,14221,0,0,0
1775011920,565,14215,0,0,0
1775011920,565,14211,0,0,0
1775011980,565,14223,0,0,0
1775011980,565,14221,0,0,0
1775011980,565,14215,0,0,0
1775011980,565,14211,0,0,0
1775012040,565,14223,0,0,0
1775012040,565,14221,0,0,0
1775012040,565,14215,0,0,0
1775012040,565,14211,0,0,0
1775012100,565,14223,0,0,0
1775012100,565,14221,12.9,12.9,12.9
1775012100,565,14215,0,0,0
1775012100,565,14211,0,0.75,1
1775012160,565,14223,0,0,0
1775012160,565,14221,12.9,12.9,12.9
1775012160,565,14215,0,0,0
1775012160,565,14211,1,1,1
1775012220,565,14223,0,0,0
1775012220,565,14221,12.9,12.9,12.9
1775012220,565,14215,0,0,0
1775012220,565,14211,1,1,1
1775012280,565,14223,0,0,0
1775012280,565,14221,12.9,12.9,12.9
1775012280,565,14215,0,0,0
1775012280,565,14211,1,1,1
1775012340,565,14223,0,0,0
1775012340,565,14221,12.9,12.9,12.9
1775012340,565,14215,0,0,0
1775012340,565,14211,1,1,1
1775012400,565,14223,0,0,0
1775012400,565,14221,15.83,15.83,15.83
1775012400,565,14215,0,0,0
1775012400,565,14211,1,1,1
1775012460,565,14223,63.53,63.53,63.53
1775012460,565,14221,17.77,17.77,17.77
1775012460,565,14215,0,0,0
1775012460,565,14211,1,1,1
1775012520,565,14223,63.53,64.8,65.78
1775012520,565,14221,17.77,19.7825,21.77
1775012520,565,14215,0,0,0
1775012520,565,14211,1,1,1
1775012580,565,14223,66.06,66.1925,66.37
1775012580,565,14221,12.84,16.0475,21.9
1775012580,565,14215,0,0,0
1775012580,565,14211,1,1,1
1775012640,565,14223,62.98,63.6925,65.83
1775012640,565,14221,12.55,15.615,16.85
1775012640,565,14215,0,0,0
1775012640,565,14211,1,1,1
1775012700,565,14223,63.15,64.3475,67.84
1775012700,565,14221,15.6,16.66,17.66
1775012700,565,14215,0,0,0
1775012700,565,14211,1,1,1
1775012760,565,14223,67.84,67.9875,68.34
1775012760,565,14221,17.66,18.05,18.7
1775012760,565,14215,0,0,0
1775012760,565,14211,1,1,1
1775012820,565,14223,68.21,68.21,68.21
1775012820,565,14221,19.05,19.05,19.05
1775012820,565,14215,0,0,0
1775012820,565,14211,1,1,1
1775012880,565,14223,63.3,66.7125,67.85
1775012880,565,14221,17.77,18.1125,19.14
1775012880,565,14215,0,0,0
1775012880,565,14211,1,1,1
1775012940,565,14223,67.91,67.91,67.91
1775012940,565,14221,19.37,19.37,19.37
1775012940,565,14215,0,0,0
1775012940,565,14211,1,1,1
1775013000,565,14223,67.91,67.91,67.91
1775013000,565,14221,19.37,19.37,19.37
1775013000,565,14215,0,0,0
1775013000,565,14211,1,1,1
1775013060,565,14223,67.91,68.085,68.27
1775013060,565,14221,19.06,19.45,20
1775013060,565,14215,0,0,0
1775013060,565,14211,1,1,1
1775013120,565,14223,63.3,65.0233,68.47
1775013120,565,14221,17.31,18.2333,18.86
1775013120,565,14215,0,0,0
1775013120,565,14211,1,1,1
1775013180,565,14223,63.38,63.38,63.38
1775013180,565,14221,16.08,16.08,16.08
1775013180,565,14215,0,0,0
1775013180,565,14211,1,1,1
1775013240,565,14223,70.49,70.76,71.03
1775013240,565,14221,18.17,18.195,18.27
1775013240,565,14215,0,0,0
1775013240,565,14211,1,1,1
1775013300,565,14223,64.13,65.71,70.45
1775013300,565,14221,19.95,20.475,20.65
1775013300,565,14215,0,0,0
1775013300,565,14211,1,1,1
1775013360,565,14223,69.37,70.1775,72.6
1775013360,565,14221,18.05,19.555,20.65
1775013360,565,14215,0,0,0
1775013360,565,14211,1,1,1
1775013420,565,14223,64.13,64.945,65.53
1775013420,565,14221,12.9,15.075,20.1
1775013420,565,14215,0,0,0
1775013420,565,14211,1,1,1
1775013480,565,14223,66.06,66.06,66.06
1775013480,565,14221,15.94,17.7025,20.46
1775013480,565,14215,0,0,0
1775013480,565,14211,1,1,1
1775013540,565,14223,66.02,66.3,66.46
1775013540,565,14221,15.5,17.9075,19.32
1775013540,565,14215,0,0,0
1775013540,565,14211,1,1,1
1775013600,565,14223,65.85,65.8925,66.02
1775013600,565,14221,12.72,16.1075,20.49
1775013600,565,14215,0,0,0
1775013600,565,14211,1,1,1
1775013660,565,14223,65.73,65.825,65.89
1775013660,565,14221,11.85,14.01,17.2
1775013660,565,14215,0,0,0
1775013660,565,14211,1,1,1
1775013720,565,14223,64.49,65.1225,65.62
1775013720,565,14221,15.56,17.6475,18.77
1775013720,565,14215,0,0,0
1775013720,565,14211,1,1,1
1775013780,565,14223,63.12,63.6775,63.96
1775013780,565,14221,16.52,17.7975,19.63
1775013780,565,14215,0,0,0
1775013780,565,14211,1,1,1
1775013840,565,14223,63.04,63.1,63.12
1775013840,565,14221,18.07,19.8175,21.49
1775013840,565,14215,0,0,0
1775013840,565,14211,1,1,1
1775013900,565,14223,69.11,69.11,69.11
1775013900,565,14221,18.07,18.07,18.07
1775013900,565,14215,0,0,0
1775013900,565,14211,1,1,1
1775013960,565,14223,69.11,69.11,69.11
1775013960,565,14221,18.07,18.07,18.07
1775013960,565,14215,0,0,0
1775013960,565,14211,1,1,1
1775014020,565,14223,69.11,69.11,69.11
1775014020,565,14221,18.07,18.07,18.07
1775014020,565,14215,0,0,0
1775014020,565,14211,1,1,1
1775014080,565,14223,69.11,69.11,69.11
1775014080,565,14221,18.07,18.07,18.07
1775014080,565,14215,0,0,0
1775014080,565,14211,1,1,1
1775014140,565,14223,63.06,67.2075,69.11
1775014140,565,14221,18.07,18.925,19.21
1775014140,565,14215,0,0,0
1775014140,565,14211,1,1,1
1775014200,565,14223,62.91,66.57,68.47
1775014200,565,14221,17.22,18.7433,19.67
1775014200,565,14215,0,0,0
1775014200,565,14211,1,1,1
1775014260,565,14223,62.75,62.75,62.75
1775014260,565,14221,19.48,19.48,19.48
1775014260,565,14215,0,0,0
1775014260,565,14211,1,1,1
1775014320,565,14223,62.3,65.73,69.16
1775014320,565,14221,16.05,17.655,20.27
1775014320,565,14215,0,0,0
1775014320,565,14211,1,1,1
1775014380,565,14223,69.16,70.21,70.56
1775014380,565,14221,13.76,14.3325,16.05
1775014380,565,14215,0,0,0
1775014380,565,14211,1,1,1
1775014440,565,14223,70.56,70.56,70.56
1775014440,565,14221,13.76,13.76,13.76
1775014440,565,14215,0,0,0
1775014440,565,14211,1,1,1
1775014500,565,14223,70.78,70.995,71.38
1775014500,565,14221,12.16,13.8775,14.84
1775014500,565,14215,0,0,0
1775014500,565,14211,1,1,1
1775014560,565,14223,70.91,71.395,71.88
1775014560,565,14221,9.86,12.35,14.84
1775014560,565,14215,0,0,0
1775014560,565,14211,1,1,1
1775014620,565,14223,62.51,69.7925,72.89
1775014620,565,14221,9.86,13.28,17.08
1775014620,565,14215,0,0,0
1775014620,565,14211,1,1,1
1775014680,565,14223,62.51,68.045,69.89
1775014680,565,14221,12.96,14.185,17.86
1775014680,565,14215,0,0,0
1775014680,565,14211,1,1,1
1775014740,565,14223,69.89,69.89,69.89
1775014740,565,14221,12.96,12.96,12.96
1775014740,565,14215,0,0,0
1775014740,565,14211,1,1,1
1775014800,565,14223,69.89,69.89,69.89
1775014800,565,14221,12.96,12.96,12.96
1775014800,565,14215,0,0,0
1775014800,565,14211,1,1,1
1775014860,565,14223,68.9,69.296,69.89
1775014860,565,14221,12.96,13.71,14.21
1775014860,565,14215,0,0,0
1775014860,565,14211,1,1,1
1775014920,565,14223,0,0,0
1775014920,565,14221,0,0,0
1775014920,565,14215,0,0,0
1775014920,565,14211,1,1,1
1775014980,565,14223,62.89,63.0933,63.24
1775014980,565,14221,13.8,14.11,14.33
1775014980,565,14215,0,0,0
1775014980,565,14211,1,1,1
1775015040,565,14223,68.78,68.78,68.78
1775015040,565,14221,15.77,15.77,15.77
1775015040,565,14215,0,0,0
1775015040,565,14211,1,1,1
1775015100,565,14223,63.25,63.36,63.69
1775015100,565,14221,13.87,15.3875,17.06
1775015100,565,14215,0,0,0
1775015100,565,14211,1,1,1
1775015160,565,14223,64.43,64.855,65.25
1775015160,565,14221,15.42,16.565,17.26
1775015160,565,14215,0,0,0
1775015160,565,14211,1,1,1
1775015220,565,14223,65.25,67.795,70.34
1775015220,565,14221,18.75,20.195,20.96
1775015220,565,14215,0,0,0
1775015220,565,14211,1,1,1
1775015280,565,14223,70.34,71.1933,71.62
1775015280,565,14221,16.68,17.1767,17.51
1775015280,565,14215,0,0,0
1775015280,565,14211,1,1,1
1775015340,565,14223,71.62,71.62,71.62
1775015340,565,14221,17.34,17.34,17.34
1775015340,565,14215,0,0,0
1775015340,565,14211,1,1,1
1775015400,565,14223,74.21,74.36,74.81
1775015400,565,14221,20.44,20.6425,20.71
1775015400,565,14215,0,0,0
1775015400,565,14211,1,1,1
1775015460,565,14223,74.21,74.21,74.21
1775015460,565,14221,20.71,20.71,20.71
1775015460,565,14215,0,0,0
1775015460,565,14211,1,1,1
1775015520,565,14223,65.5,68.0675,75.77
1775015520,565,14221,12.37,13.715,15.56
1775015520,565,14215,0,0,0
1775015520,565,14211,1,1,1
1775015580,565,14223,65.5,69.835,74.08
1775015580,565,14221,12.34,13.07,13.34
1775015580,565,14215,0,0,0
1775015580,565,14211,1,1,1
1775015640,565,14223,74.08,74.08,74.08
1775015640,565,14221,13.3,13.3,13.3
1775015640,565,14215,0,0,0
1775015640,565,14211,1,1,1
1775015700,565,14223,75.94,75.94,75.94
1775015700,565,14221,12.26,12.3333,12.7
1775015700,565,14215,0,0,0
1775015700,565,14211,1,1,1
1775015760,565,14223,75.94,75.94,75.94
1775015760,565,14221,12.26,12.26,12.26
1775015760,565,14215,0,0,0
1775015760,565,14211,1,1,1
1775015820,565,14223,65.68,69.1,75.94
1775015820,565,14221,12.21,12.6933,13.16
1775015820,565,14215,0,0,0
1775015820,565,14211,1,1,1
1775015880,565,14223,66.06,66.06,66.06
1775015880,565,14221,14.24,14.24,14.24
1775015880,565,14215,0,0,0
1775015880,565,14211,1,1,1
1775015940,565,14223,66.98,67.8067,68.22
1775015940,565,14221,12.92,13.1467,13.48
1775015940,565,14215,0,0,0
1775015940,565,14211,1,1,1
1775016000,565,14223,69.72,69.8875,70.39
1775016000,565,14221,11.98,12.5725,12.93
1775016000,565,14215,0,0,0
1775016000,565,14211,1,1,1
1775016060,565,14223,70.98,73.698,75.51
1775016060,565,14221,11.75,12.024,13.12
1775016060,565,14215,0,0,0
1775016060,565,14211,1,1,1
1775016120,565,14223,75.51,75.51,75.51
1775016120,565,14221,11.75,11.75,11.75
1775016120,565,14215,0,0,0
1775016120,565,14211,1,1,1
1775016180,565,14223,74.9,74.9,74.9
1775016180,565,14221,14.38,14.38,14.38
1775016180,565,14215,0,0,0
1775016180,565,14211,1,1,1
1775016240,565,14223,70.98,71.715,73.92
1775016240,565,14221,12.75,13.3475,14.09
1775016240,565,14215,0,0,0
1775016240,565,14211,1,1,1
1775016300,565,14223,72.27,72.795,72.97
1775016300,565,14221,12.66,14.2125,15.78
1775016300,565,14215,0,0,0
1775016300,565,14211,1,1,1
1775016360,565,14223,72.97,74.145,74.82
1775016360,565,14221,11.98,12.8275,13.52
1775016360,565,14215,0,0,0
1775016360,565,14211,1,1,1
1775016420,565,14223,72.97,73.4275,74.18
1775016420,565,14221,11.83,13.5375,16.52
1775016420,565,14215,0,0,0
1775016420,565,14211,1,1,1
1775016480,565,14223,72.97,74.3675,75.7
1775016480,565,14221,11.68,12.09,12.63
1775016480,565,14215,0,0,0
1775016480,565,14211,1,1,1
1775016540,565,14223,76.04,76.16,76.2
1775016540,565,14221,12.47,15.22,17.3
1775016540,565,14215,0,0,0
1775016540,565,14211,1,1,1
1775016600,565,14223,75.65,75.65,75.65
1775016600,565,14221,14.32,14.32,14.32
1775016600,565,14215,0,0,0
1775016600,565,14211,1,1,1
1775016660,565,14223,75.65,75.65,75.65
1775016660,565,14221,14.32,14.32,14.32
1775016660,565,14215,0,0,0
1775016660,565,14211,1,1,1
1775016720,565,14223,75.76,76.444,76.65
1775016720,565,14221,18.72,19.184,21.04
1775016720,565,14215,0,0,0
1775016720,565,14211,1,1,1
1775016780,565,14223,75.77,76.12,76.51
1775016780,565,14221,14.97,15.8975,17.27
1775016780,565,14215,0,0,0
1775016780,565,14211,1,1,1
1775016840,565,14223,75.76,75.9067,76.2
1775016840,565,14221,13.99,15.5567,16.41
1775016840,565,14215,0,0,0
1775016840,565,14211,1,1,1
1775016900,565,14223,74.83,74.83,74.83
1775016900,565,14221,15.23,15.23,15.23
1775016900,565,14215,0,0,0
1775016900,565,14211,1,1,1
1775016960,565,14223,75.83,75.83,75.83
1775016960,565,14221,16.99,16.99,16.99
1775016960,565,14215,0,0,0
1775016960,565,14211,1,1,1
1775017020,565,14223,73.3,73.56,73.82
1775017020,565,14221,14.16,15.26,16.26
1775017020,565,14215,0,0,0
1775017020,565,14211,1,1,1
1775017080,565,14223,73.3,73.3,73.3
1775017080,565,14221,16.26,16.26,16.26
1775017080,565,14215,0,0,0
1775017080,565,14211,1,1,1
1775017140,565,14223,73.3,74.1025,75.43
1775017140,565,14221,13.99,15.5675,16.26
1775017140,565,14215,0,0,0
1775017140,565,14211,1,1,1
1775017200,565,14223,72.24,72.685,73.5
1775017200,565,14221,16.08,18.995,20.9
1775017200,565,14215,0,0,0
1775017200,565,14211,1,1,1
1775017260,565,14223,72.5,72.585,72.67
1775017260,565,14221,20.9,20.97,21.04
1775017260,565,14215,0,0,0
1775017260,565,14211,1,1,1
1775017320,565,14223,72.67,72.67,72.67
1775017320,565,14221,21.04,21.04,21.04
1775017320,565,14215,0,0,0
1775017320,565,14211,1,1,1
1775017380,565,14223,72.14,72.5375,72.67
1775017380,565,14221,15.21,19.5825,21.04
1775017380,565,14215,0,0,0
1775017380,565,14211,1,1,1
1775017440,565,14223,72.14,72.14,72.14
1775017440,565,14221,15.21,15.21,15.21
1775017440,565,14215,0,0,0
1775017440,565,14211,1,1,1
1775017500,565,14223,72.14,72.14,72.14
1775017500,565,14221,15.21,15.21,15.21
1775017500,565,14215,0,0,0
1775017500,565,14211,1,1,1
1775017560,565,14223,71.76,72.045,72.14
1775017560,565,14221,15.21,15.36,15.81
1775017560,565,14215,0,0,0
1775017560,565,14211,1,1,1
1775017620,565,14223,71.75,71.7533,71.76
1775017620,565,14221,12.63,13.8733,15.81
1775017620,565,14215,0,0,0
1775017620,565,14211,1,1,1
1775017680,565,14223,71.75,71.75,71.75
1775017680,565,14221,12.63,12.63,12.63
1775017680,565,14215,0,0,0
1775017680,565,14211,1,1,1
1775017740,565,14223,71.75,71.75,71.75
1775017740,565,14221,12.63,12.63,12.63
1775017740,565,14215,0,0,0
1775017740,565,14211,1,1,1
1775017800,565,14223,71.75,71.75,71.75
1775017800,565,14221,12.63,12.63,12.63
1775017800,565,14215,0,0,0
1775017800,565,14211,1,1,1
1775017860,565,14223,71.75,71.75,71.75
1775017860,565,14221,12.63,12.63,12.63
1775017860,565,14215,0,0,0
1775017860,565,14211,1,1,1
1775017920,565,14223,0,0,0
1775017920,565,14221,0,0,0
1775017920,565,14215,0,0,0
1775017920,565,14211,1,1,1
1775017980,565,14223,71.75,71.75,71.75
1775017980,565,14221,12.63,12.63,12.63
1775017980,565,14215,0,0,0
1775017980,565,14211,1,1,1
1775018040,565,14223,71.41,71.665,71.75
1775018040,565,14221,12.63,13.76,15.56
1775018040,565,14215,0,0,0
1775018040,565,14211,1,1,1
1775018100,565,14223,0,0,0
1775018100,565,14221,0,0,0
1775018100,565,14215,0,0,0
1775018100,565,14211,1,1,1
1775018160,565,14223,72.12,72.12,72.12
1775018160,565,14221,14.73,14.73,14.73
1775018160,565,14215,0,0,0
1775018160,565,14211,1,1,1
1775018220,565,14223,72.12,72.585,73.98
1775018220,565,14221,13.35,14.385,14.73
1775018220,565,14215,0,0,0
1775018220,565,14211,1,1,1
1775018280,565,14223,72.54,73.62,73.98
1775018280,565,14221,13.35,13.925,15.65
1775018280,565,14215,0,0,0
1775018280,565,14211,1,1,1
1775018340,565,14223,72.54,72.54,72.54
1775018340,565,14221,15.65,15.65,15.65
1775018340,565,14215,0,0,0
1775018340,565,14211,1,1,1
1775018400,565,14223,72.54,72.54,72.54
1775018400,565,14221,15.65,15.65,15.65
1775018400,565,14215,0,0,0
1775018400,565,14211,1,1,1
1775018460,565,14223,72.17,72.19,72.21
1775018460,565,14221,12.18,12.6475,13.58
1775018460,565,14215,0,0,0
1775018460,565,14211,1,1,1
1775018520,565,14223,72.17,72.17,72.17
1775018520,565,14221,12.18,12.18,12.18
1775018520,565,14215,0,0,0
1775018520,565,14211,1,1,1
1775018580,565,14223,71,71.885,72.64
1775018580,565,14221,12.18,15.0975,17.8
1775018580,565,14215,0,0,0
1775018580,565,14211,1,1,1
1775018640,565,14223,72.64,72.64,72.64
1775018640,565,14221,17.8,17.8,17.8
1775018640,565,14215,0,0,0
1775018640,565,14211,1,1,1
1775018700,565,14223,70.31,71.2375,72.64
1775018700,565,14221,17.69,17.8725,18.2
1775018700,565,14215,0,0,0
1775018700,565,14211,1,1,1
1775018760,565,14223,70.93,70.93,70.93
1775018760,565,14221,19.06,19.06,19.06
1775018760,565,14215,0,0,0
1775018760,565,14211,1,1,1
1775018820,565,14223,69.77,70.35,70.93
1775018820,565,14221,16.1,18.5275,19.89
1775018820,565,14215,0,0,0
1775018820,565,14211,1,1,1
1775018880,565,14223,70.72,70.72,70.72
1775018880,565,14221,16.04,16.04,16.04
1775018880,565,14215,0,0,0
1775018880,565,14211,1,1,1
1775018940,565,14223,68.68,68.68,68.68
1775018940,565,14221,13.68,13.68,13.68
1775018940,565,14215,0,0,0
1775018940,565,14211,1,1,1
1775019000,565,14223,73.18,73.18,73.18
1775019000,565,14221,20.51,20.51,20.51
1775019000,565,14215,0,0,0
1775019000,565,14211,1,1,1
1775019060,565,14223,73.18,73.18,73.18
1775019060,565,14221,20.51,20.51,20.51
1775019060,565,14215,0,0,0
1775019060,565,14211,1,1,1
1775019120,565,14223,73.18,73.18,73.18
1775019120,565,14221,20.51,20.51,20.51
1775019120,565,14215,0,0,0
1775019120,565,14211,1,1,1
1775019180,565,14223,73.18,74.2425,74.7
1775019180,565,14221,16.9,18.725,20.59
1775019180,565,14215,0,0,0
1775019180,565,14211,1,1,1
1775019240,565,14223,73.55,73.99,74.7
1775019240,565,14221,16.9,18.59,19.68
1775019240,565,14215,0,0,0
1775019240,565,14211,1,1,1
1775019300,565,14223,66.46,67.1175,68.09
1775019300,565,14221,14.85,16.6075,17.99
1775019300,565,14215,0,0,0
1775019300,565,14211,1,1,1
1775019360,565,14223,64.71,65.3175,66.08
1775019360,565,14221,11.79,15.6725,17.48
1775019360,565,14215,0,0,0
1775019360,565,14211,1,1,1
1775019420,565,14223,64.71,68.8725,70.26
1775019420,565,14221,15.37,15.37,15.37
1775019420,565,14215,0,0,0
1775019420,565,14211,1,1,1
1775019480,565,14223,64.36,67.6325,70.73
1775019480,565,14221,17.32,17.6375,17.91
1775019480,565,14215,0,0,0
1775019480,565,14211,1,1,1
1775019540,565,14223,64.36,68.8125,70.73
1775019540,565,14221,15.82,16.28,17.66
1775019540,565,14215,0,0,0
1775019540,565,14211,1,1,1
1775019600,565,14223,64.36,67.2525,70.21
1775019600,565,14221,15.82,16.89,18.02
1775019600,565,14215,0,0,0
1775019600,565,14211,1,1,1
1775019660,565,14223,63.71,63.8525,63.9
1775019660,565,14221,14.71,16.1925,18.36
1775019660,565,14215,0,0,0
1775019660,565,14211,1,1,1
1775019720,565,14223,63.6,63.655,63.71
1775019720,565,14221,12.51,13.285,14.55
1775019720,565,14215,0,0,0
1775019720,565,14211,1,1,1
1775019780,565,14223,63.6,63.655,63.71
1775019780,565,14221,12.47,13.6475,15.23
1775019780,565,14215,0,0,0
1775019780,565,14211,1,1,1
1775019840,565,14223,63.71,63.7567,63.78
1775019840,565,14221,14.21,15.38,16.4
1775019840,565,14215,0,0,0
1775019840,565,14211,1,1,1
1775019900,565,14223,63.78,63.78,63.78
1775019900,565,14221,18.31,18.31,18.31
1775019900,565,14215,0,0,0
1775019900,565,14211,1,1,1
1775019960,565,14223,62.89,65.115,70.98
1775019960,565,14221,15.65,16.695,18.1
1775019960,565,14215,0,0,0
1775019960,565,14211,1,1,1
1775020020,565,14223,62.79,69.6183,71
1775020020,565,14221,15.05,16.8433,17.29
1775020020,565,14215,0,0,0
1775020020,565,14211,1,1,1
1775020080,565,14223,62.78,62.7875,62.79
1775020080,565,14221,13.35,14.2825,14.73
1775020080,565,14215,0,0,0
1775020080,565,14211,1,1,1
1775020140,565,14223,62.78,62.815,62.85
1775020140,565,14221,12.51,14.1225,15.87
1775020140,565,14215,0,0,0
1775020140,565,14211,1,1,1
1775020200,565,14223,62.59,63.015,63.87
1775020200,565,14221,12.19,13.4725,14.98
1775020200,565,14215,0,0,0
1775020200,565,14211,1,1,1
1775020260,565,14223,65.73,67.88,68.8
1775020260,565,14221,10.9,11.99,12.48
1775020260,565,14215,0,0,0
1775020260,565,14211,1,1,1
1775020320,565,14223,68.8,69.6167,70.31
1775020320,565,14221,11.31,11.5633,11.71
1775020320,565,14215,0,0,0
1775020320,565,14211,1,1,1
1775020380,565,14223,70.66,70.66,70.66
1775020380,565,14221,12.59,12.59,12.59
1775020380,565,14215,0,0,0
1775020380,565,14211,1,1,1
1775020440,565,14223,71.73,72.155,72.55
1775020440,565,14221,11.74,12.2625,12.97
1775020440,565,14215,0,0,0
1775020440,565,14211,1,1,1
1775020500,565,14223,72.51,72.6725,72.79
1775020500,565,14221,11.43,11.675,11.87
1775020500,565,14215,0,0,0
1775020500,565,14211,1,1,1
1775020560,565,14223,72.5,72.54,72.66
1775020560,565,14221,10.73,11.75,12.97
1775020560,565,14215,0,0,0
1775020560,565,14211,1,1,1
1775020620,565,14223,72.82,73.11,73.33
1775020620,565,14221,11.72,11.91,12.31
1775020620,565,14215,0,0,0
1775020620,565,14211,1,1,1
1775020680,565,14223,73.36,73.3625,73.37
1775020680,565,14221,10.59,11.0625,12.05
1775020680,565,14215,0,0,0
1775020680,565,14211,1,1,1
1775020740,565,14223,72.81,73.1425,73.36
1775020740,565,14221,10.7,11.6375,12.32
1775020740,565,14215,0,0,0
1775020740,565,14211,1,1,1
1775020800,565,14223,72.67,73.5125,76.04
1775020800,565,14221,11.17,12.455,15.01
1775020800,565,14215,0,0,0
1775020800,565,14211,1,1,1
1775020860,565,14223,76.04,76.04,76.04
1775020860,565,14221,15.01,15.01,15.01
1775020860,565,14215,0,0,0
1775020860,565,14211,1,1,1
1775020920,565,14223,72.49,74.3367,75.39
1775020920,565,14221,14.54,15.6467,17.7
1775020920,565,14215,0,0,0
1775020920,565,14211,1,1,1
1775020980,565,14223,75.13,75.13,75.13
1775020980,565,14221,17.7,17.7,17.7
1775020980,565,14215,0,0,0
1775020980,565,14211,1,1,1
1775021040,565,14223,74.78,74.78,74.78
1775021040,565,14221,13.71,13.71,13.71
1775021040,565,14215,0,0,0
1775021040,565,14211,1,1,1
1775021100,565,14223,74.67,74.67,74.67
1775021100,565,14221,18.16,18.16,18.16
1775021100,565,14215,0,0,0
1775021100,565,14211,1,1,1
1775021160,565,14223,75.34,76.0967,76.88
1775021160,565,14221,12.76,15.8967,19.04
1775021160,565,14215,0,0,0
1775021160,565,14211,1,1,1
1775021220,565,14223,72.43,74.87,76.44
1775021220,565,14221,11.3,11.59,11.86
1775021220,565,14215,0,0,0
1775021220,565,14211,1,1,1
1775021280,565,14223,72.43,72.48,72.63
1775021280,565,14221,11.11,11.7075,13.03
1775021280,565,14215,0,0,0
1775021280,565,14211,1,1,1
1775021340,565,14223,72.84,72.94,73.04
1775021340,565,14221,11.5,11.895,12.34
1775021340,565,14215,0,0,0
1775021340,565,14211,1,1,1
1775021400,565,14223,72.99,73.0825,73.18
1775021400,565,14221,10.76,11.37,11.89
1775021400,565,14215,0,0,0
1775021400,565,14211,1,1,1
1775021460,565,14223,71.88,72.235,72.55
1775021460,565,14221,11.19,12.5075,14.55
1775021460,565,14215,0,0,0
1775021460,565,14211,1,1,1
1775021520,565,14223,71.78,73.4675,74.03
1775021520,565,14221,10.43,10.6925,11.48
1775021520,565,14215,0,0,0
1775021520,565,14211,1,1,1
1775021580,565,14223,71.52,72.52,74.41
1775021580,565,14221,11.41,12.8267,13.69
1775021580,565,14215,0,0,0
1775021580,565,14211,1,1,1
1775021640,565,14223,71.52,71.52,71.52
1775021640,565,14221,11.49,11.49,11.49
1775021640,565,14215,0,0,0
1775021640,565,14211,1,1,1
1775021700,565,14223,75,75.4475,75.68
1775021700,565,14221,11.06,11.32,11.59
1775021700,565,14215,0,0,0
1775021700,565,14211,1,1,1
1775021760,565,14223,71.31,73.9125,74.96
1775021760,565,14221,11.75,12.6775,14.07
1775021760,565,14215,0,0,0
1775021760,565,14211,1,1,1
1775021820,565,14223,71.16,71.2725,71.31
1775021820,565,14221,10.77,11.5975,12.34
1775021820,565,14215,0,0,0
1775021820,565,14211,1,1,1
1775021880,565,14223,70.13,70.505,71.01
1775021880,565,14221,11.57,12.1275,12.69
1775021880,565,14215,0,0,0
1775021880,565,14211,1,1,1
1775021940,565,14223,69.83,69.83,69.83
1775021940,565,14221,12.66,14.385,17.2
1775021940,565,14215,0,0,0
1775021940,565,14211,1,1,1
1775022000,565,14223,70.12,70.8167,72.08
1775022000,565,14221,11.56,11.7933,12.26
1775022000,565,14215,0,0,0
1775022000,565,14211,1,1,1
1775022060,565,14223,72.08,72.2325,72.69
1775022060,565,14221,11.56,12.4675,15.19
1775022060,565,14215,0,0,0
1775022060,565,14211,1,1,1
1775022120,565,14223,70.43,70.43,70.43
1775022120,565,14221,15.01,17.38,18.64
1775022120,565,14215,0,0,0
1775022120,565,14211,1,1,1
1775022180,565,14223,73.44,73.5575,73.91
1775022180,565,14221,13.4,13.8175,15.07
1775022180,565,14215,0,0,0
1775022180,565,14211,1,1,1
1775022240,565,14223,70.43,71.8625,72.34
1775022240,565,14221,16.47,16.8825,17.02
1775022240,565,14215,0,0,0
1775022240,565,14211,1,1,1
1775022300,565,14223,69.96,70.53,71.8
1775022300,565,14221,13.92,14.85,15.85
1775022300,565,14215,0,0,0
1775022300,565,14211,1,1,1
1775022360,565,14223,69.96,70.94,73.88
1775022360,565,14221,14.83,16.3025,18.31
1775022360,565,14215,0,0,0
1775022360,565,14211,1,1,1
1775022420,565,14223,69.41,69.75,69.96
1775022420,565,14221,11.45,14.15,17.56
1775022420,565,14215,0,0,0
1775022420,565,14211,1,1,1
1775022480,565,14223,68.72,68.885,68.96
1775022480,565,14221,16.25,17.7925,18.69
1775022480,565,14215,0,0,0
1775022480,565,14211,1,1,1
1775022540,565,14223,68.48,71.0525,71.91
1775022540,565,14221,18.92,19.0025,19.25
1775022540,565,14215,0,0,0
1775022540,565,14211,1,1,1
1775022600,565,14223,68.48,69.8075,73.79
1775022600,565,14221,19.54,19.84,20.41
1775022600,565,14215,0,0,0
1775022600,565,14211,1,1,1
1775022660,565,14223,73.79,73.79,73.79
1775022660,565,14221,19.54,19.54,19.54
1775022660,565,14215,0,0,0
1775022660,565,14211,1,1,1
1775022720,565,14223,73.79,73.79,73.79
1775022720,565,14221,19.54,19.54,19.54
1775022720,565,14215,0,0,0
1775022720,565,14211,1,1,1
1775022780,565,14223,67.96,69.4375,73.35
1775022780,565,14221,16.22,17.195,18.74
1775022780,565,14215,0,0,0
1775022780,565,14211,1,1,1
1775022840,565,14223,66.91,67.2233,67.38
1775022840,565,14221,16.4,18.26,19.63
1775022840,565,14215,0,0,0
1775022840,565,14211,1,1,1
1775022900,565,14223,78.18,78.2175,78.23
1775022900,565,14221,18.79,19.09,19.19
1775022900,565,14215,0,0,0
1775022900,565,14211,1,1,1
1775022960,565,14223,66.59,69.34,77.44
1775022960,565,14221,14.93,16.15,17.48
1775022960,565,14215,0,0,0
1775022960,565,14211,1,1,1
1775023020,565,14223,66.74,66.74,66.74
1775023020,565,14221,14.86,16.805,18.13
1775023020,565,14215,0,0,0
1775023020,565,14211,1,1,1
1775023080,565,14223,66.6,66.75,66.81
1775023080,565,14221,14.38,15.775,17.61
1775023080,565,14215,0,0,0
1775023080,565,14211,1,1,1
1775023140,565,14223,65.54,65.88,66.38
1775023140,565,14221,14.7,17.1075,18.65
1775023140,565,14215,0,0,0
1775023140,565,14211,1,1,1
1775023200,565,14223,65.03,65.2225,65.54
1775023200,565,14221,15.48,17.105,19.69
1775023200,565,14215,0,0,0
1775023200,565,14211,1,1,1
1775023260,565,14223,72.75,73.1175,73.24
1775023260,565,14221,15.94,16.465,16.64
1775023260,565,14215,0,0,0
1775023260,565,14211,1,1,1
1775023320,565,14223,72.74,72.7475,72.75
1775023320,565,14221,15.42,15.81,15.94
1775023320,565,14215,0,0,0
1775023320,565,14211,1,1,1
1775023380,565,14223,71.74,72.0233,72.59
1775023380,565,14221,18.64,18.72,18.76
1775023380,565,14215,0,0,0
1775023380,565,14211,1,1,1
1775023440,565,14223,65.03,66.7075,71.74
1775023440,565,14221,17.87,18.9225,19.53
1775023440,565,14215,0,0,0
1775023440,565,14211,1,1,1
1775023500,565,14223,63.27,65.445,70.51
1775023500,565,14221,16.8,19.14,20.75
1775023500,565,14215,0,0,0
1775023500,565,14211,1,1,1
1775023560,565,14223,70.51,70.51,70.51
1775023560,565,14221,18.68,18.68,18.68
1775023560,565,14215,0,0,0
1775023560,565,14211,1,1,1
1775023620,565,14223,62.9,68.75,70.7
1775023620,565,14221,19.21,21.07,21.69
1775023620,565,14215,0,0,0
1775023620,565,14211,1,1,1
1775023680,565,14223,70.33,70.6075,70.7
1775023680,565,14221,13.62,19.6725,21.69
1775023680,565,14215,0,0,0
1775023680,565,14211,1,1,1
1775023740,565,14223,69.21,69.9325,70.33
1775023740,565,14221,13.62,13.62,13.62
1775023740,565,14215,0,0,0
1775023740,565,14211,1,1,1
1775023800,565,14223,70.07,70.07,70.07
1775023800,565,14221,14.83,14.83,14.83
1775023800,565,14215,0,0,0
1775023800,565,14211,1,1,1
1775023860,565,14223,62.9,68.3975,70.55
1775023860,565,14221,13.86,16.935,19.44
1775023860,565,14215,0,0,0
1775023860,565,14211,1,1,1
1775023920,565,14223,62.59,62.71,62.9
1775023920,565,14221,17.59,19.0925,19.98
1775023920,565,14215,0,0,0
1775023920,565,14211,1,1,1
1775023980,565,14223,62.65,67.675,69.35
1775023980,565,14221,17.8,17.8,17.8
1775023980,565,14215,0,0,0
1775023980,565,14211,1,1,1
1775024040,565,14223,62.89,68.21,70.75
1775024040,565,14221,15.69,17.095,18.23
1775024040,565,14215,0,0,0
1775024040,565,14211,1,1,1
1775024100,565,14223,62.99,68.03,73.06
1775024100,565,14221,15,16.1425,17.05
1775024100,565,14215,0,0,0
1775024100,565,14211,1,1,1
1775024160,565,14223,73.06,74.385,75.64
1775024160,565,14221,14.24,16.02,18.03
1775024160,565,14215,0,0,0
1775024160,565,14211,1,1,1
1775024220,565,14223,75.78,76.1175,76.23
1775024220,565,14221,17.04,19.4775,20.29
1775024220,565,14215,0,0,0
1775024220,565,14211,1,1,1
1775024280,565,14223,62.99,67.3,75.92
1775024280,565,14221,22.14,22.6933,23.61
1775024280,565,14215,0,0,0
1775024280,565,14211,1,1,1
1775024340,565,14223,62.89,62.89,62.89
1775024340,565,14221,23.94,23.94,23.94
1775024340,565,14215,0,0,0
1775024340,565,14211,1,1,1
1775024400,565,14223,62.54,66.2967,73.64
1775024400,565,14221,12.85,13.45,13.76
1775024400,565,14215,0,0,0
1775024400,565,14211,1,1,1
1775024460,565,14223,62.64,72.265,73.64
1775024460,565,14221,13.4,13.715,13.76
1775024460,565,14215,0,0,0
1775024460,565,14211,1,1,1
1775024520,565,14223,63.2,67.78,72.36
1775024520,565,14221,12.47,13.44,15.57
1775024520,565,14215,0,0,0
1775024520,565,14211,1,1,1
1775024580,565,14223,72.36,72.39,72.4
1775024580,565,14221,12.47,12.71,12.79
1775024580,565,14215,0,0,0
1775024580,565,14211,1,1,1
1775024640,565,14223,71.83,72.0633,72.53
1775024640,565,14221,15.22,15.9967,17.55
1775024640,565,14215,0,0,0
1775024640,565,14211,1,1,1
1775024700,565,14223,63.2,67.79,72.28
1775024700,565,14221,12.59,13.3575,15.22
1775024700,565,14215,0,0,0
1775024700,565,14211,1,1,1
1775024760,565,14223,63.85,64.3267,64.82
1775024760,565,14221,11.98,12.9767,14.58
1775024760,565,14215,0,0,0
1775024760,565,14211,1,1,1
1775024820,565,14223,65.86,69.565,70.8
1775024820,565,14221,12.17,14.5625,15.36
1775024820,565,14215,0,0,0
1775024820,565,14211,1,1,1
1775024880,565,14223,66.25,68.295,70.18
1775024880,565,14221,14.18,15.62,16.8
1775024880,565,14215,0,0,0
1775024880,565,14211,1,1,1
1775024940,565,14223,70.18,70.6675,71.19
1775024940,565,14221,16.31,16.895,17.44
1775024940,565,14215,0,0,0
1775024940,565,14211,1,1,1
1775025000,565,14223,66.9,67.4125,67.69
1775025000,565,14221,13.49,16.4525,18.95
1775025000,565,14215,0,0,0
1775025000,565,14211,1,1,1
1775025060,565,14223,67.94,67.94,67.94
1775025060,565,14221,14.8,16.5675,18.81
1775025060,565,14215,0,0,0
1775025060,565,14211,1,1,1
1775025120,565,14223,67.89,67.9825,68.06
1775025120,565,14221,14.33,18.16,19.76
1775025120,565,14215,0,0,0
1775025120,565,14211,1,1,1
1775025180,565,14223,67.85,67.86,67.89
1775025180,565,14221,15.65,16.2775,17.1
1775025180,565,14215,0,0,0
1775025180,565,14211,1,1,1
1775025240,565,14223,67.85,70.5525,73.57
1775025240,565,14221,11.98,15.7975,17.87
1775025240,565,14215,0,0,0
1775025240,565,14211,1,1,1
1775025300,565,14223,68.07,69.3275,73.1
1775025300,565,14221,13.59,15.9725,17.93
1775025300,565,14215,0,0,0
1775025300,565,14211,1,1,1
1775025360,565,14223,68.32,68.36,68.4
1775025360,565,14221,12.64,14.7675,16.74
1775025360,565,14215,0,0,0
1775025360,565,14211,1,1,1
1775025420,565,14223,68.32,73.32,74.57
1775025420,565,14221,15.42,15.42,15.42
1775025420,565,14215,0,0.285714,1
1775025420,565,14211,1,1,1
1775025480,565,14223,68.32,71.4575,74.56
1775025480,565,14221,13.35,13.62,13.71
1775025480,565,14215,0,0.2,1
1775025480,565,14211,1,1,1
1775025540,565,14223,74.12,74.5875,75.11
1775025540,565,14221,13.71,15.885,18.22
1775025540,565,14215,0,0,0
1775025540,565,14211,1,1,1
1775025600,565,14223,75.15,75.8,76.21
1775025600,565,14221,12.68,15.1575,17.02
1775025600,565,14215,0,0,0
1775025600,565,14211,1,1,1
1775025660,565,14223,68.52,68.6825,69.17
1775025660,565,14221,13.43,15.3675,17.88
1775025660,565,14215,0,0,0
1775025660,565,14211,1,1,1
1775025720,565,14223,69.17,69.49,69.81
1775025720,565,14221,12.14,16.22,19.11
1775025720,565,14215,0,0,0
1775025720,565,14211,1,1,1
1775025780,565,14223,69.81,70.1857,70.29
1775025780,565,14221,18.24,19.7786,21.18
1775025780,565,14215,0,0,0
1775025780,565,14211,1,1,1
1775025840,565,14223,69.55,69.6375,69.9
1775025840,565,14221,20.63,21.405,22.03
1775025840,565,14215,0,0,0
1775025840,565,14211,1,1,1
1775025900,565,14223,69.55,70.3975,70.68
1775025900,565,14221,14.03,14.61,16.35
1775025900,565,14215,0,0,0
1775025900,565,14211,1,1,1
1775025960,565,14223,70.68,70.68,70.68
1775025960,565,14221,14.03,14.03,14.03
1775025960,565,14215,0,0.333333,1
1775025960,565,14211,1,1,1
1775026020,565,14223,70.68,71.7185,72.56
1775026020,565,14221,13.94,16.2185,18.27
1775026020,565,14215,0,0,0
1775026020,565,14211,1,1,1
1775026080,565,14223,71.82,72.23,72.62
1775026080,565,14221,12.26,13.7859,14.91
1775026080,565,14215,0,0,0
1775026080,565,14211,1,1,1
1775026140,565,14223,69.55,71.3539,71.81
1775026140,565,14221,11.4,12.0006,12.15
1775026140,565,14215,0,0,0
1775026140,565,14211,1,1,1
1775026200,565,14223,71.81,72.1014,72.32
1775026200,565,14221,11.93,12.44,14.06
1775026200,565,14215,0,0,0
1775026200,565,14211,1,1,1
1775026260,565,14223,72.32,72.8057,74.15
1775026260,565,14221,14.06,15.2957,18.49
1775026260,565,14215,0,0,0
1775026260,565,14211,1,1,1
1775026320,565,14223,73.42,73.42,73.42
1775026320,565,14221,15.58,15.58,15.58
1775026320,565,14215,0,0,0
1775026320,565,14211,1,1,1
1775026380,565,14223,0,0,0
1775026380,565,14221,0,0,0
1775026380,565,14215,0,0,0
1775026380,565,14211,1,1,1
1775026440,565,14223,73.42,73.42,73.42
1775026440,565,14221,15.58,15.58,15.58
1775026440,565,14215,0,0,0
1775026440,565,14211,1,1,1
1775026500,565,14223,68.72,70.83,73.42
1775026500,565,14221,15.58,18.025,19.92
1775026500,565,14215,0,0,0
1775026500,565,14211,1,1,1
1775026560,565,14223,72,72,72
1775026560,565,14221,19.92,19.92,19.92
1775026560,565,14215,0,0,0
1775026560,565,14211,1,1,1
1775026620,565,14223,72,72,72
1775026620,565,14221,19.92,19.92,19.92
1775026620,565,14215,0,0,0
1775026620,565,14211,1,1,1
1775026680,565,14223,0,0,0
1775026680,565,14221,0,0,0
1775026680,565,14215,0,0,0
1775026680,565,14211,1,1,1
1775026740,565,14223,72,72,72
1775026740,565,14221,19.92,19.92,19.92
1775026740,565,14215,0,0,0
1775026740,565,14211,1,1,1
1775026800,565,14223,72.33,72.82,73.14
1775026800,565,14221,20.24,20.6075,21.13
1775026800,565,14215,0,0,0
1775026800,565,14211,1,1,1
1775026860,565,14223,73.14,73.14,73.14
1775026860,565,14221,20.53,20.53,20.53
1775026860,565,14215,0,0,0
1775026860,565,14211,1,1,1
1775026920,565,14223,73.14,73.14,73.14
1775026920,565,14221,20.53,20.53,20.53
1775026920,565,14215,0,0,0
1775026920,565,14211,1,1,1
1775026980,565,14223,73.14,73.14,73.14
1775026980,565,14221,20.53,20.53,20.53
1775026980,565,14215,0,0,0
1775026980,565,14211,1,1,1
1775027040,565,14223,73.14,73.14,73.14
1775027040,565,14221,20.53,20.53,20.53
1775027040,565,14215,0,0,0
1775027040,565,14211,1,1,1
1775027100,565,14223,72.55,72.8367,73.11
1775027100,565,14221,18.61,19.7367,20.56
1775027100,565,14215,0,0,0
1775027100,565,14211,1,1,1
1775027160,565,14223,72.55,73.12,74.83
1775027160,565,14221,20.04,20.11,20.32
1775027160,565,14215,0,0,0
1775027160,565,14211,1,1,1
1775027220,565,14223,74.83,74.83,74.83
1775027220,565,14221,20.32,20.32,20.32
1775027220,565,14215,0,0,0
1775027220,565,14211,1,1,1
1775027280,565,14223,74.83,74.83,74.83
1775027280,565,14221,20.32,20.32,20.32
1775027280,565,14215,0,0,0
1775027280,565,14211,1,1,1
1775027340,565,14223,74.83,74.83,74.83
1775027340,565,14221,20.32,20.32,20.32
1775027340,565,14215,0,0,0
1775027340,565,14211,1,1,1
1775027400,565,14223,74.83,74.83,74.83
1775027400,565,14221,20.32,20.32,20.32
1775027400,565,14215,0,0,0
1775027400,565,14211,1,1,1
1775027460,565,14223,74.83,74.83,74.83
1775027460,565,14221,20.32,20.32,20.32
1775027460,565,14215,0,0,0
1775027460,565,14211,1,1,1
1775027520,565,14223,74.83,74.83,74.83
1775027520,565,14221,20.32,20.32,20.32
1775027520,565,14215,0,0,0
1775027520,565,14211,1,1,1
1775027580,565,14223,74.83,74.83,74.83
1775027580,565,14221,20.32,20.32,20.32
1775027580,565,14215,0,0,0
1775027580,565,14211,1,1,1
1775027640,565,14223,74.83,74.83,74.83
1775027640,565,14221,20.32,20.32,20.32
1775027640,565,14215,0,0,0
1775027640,565,14211,1,1,1
1775027700,565,14223,0,0,0
1775027700,565,14221,0,0,0
1775027700,565,14215,0,0,0
1775027700,565,14211,1,1,1
1775027760,565,14223,74.83,74.83,74.83
1775027760,565,14221,20.32,20.32,20.32
1775027760,565,14215,0,0,0
1775027760,565,14211,1,1,1
1775027820,565,14223,0,0,0
1775027820,565,14221,0,0,0
1775027820,565,14215,0,0,0
1775027820,565,14211,1,1,1
1775027880,565,14223,74.83,74.83,74.83
1775027880,565,14221,20.32,20.32,20.32
1775027880,565,14215,0,0,0
1775027880,565,14211,1,1,1
1775027940,565,14223,74.83,74.83,74.83
1775027940,565,14221,20.32,20.32,20.32
1775027940,565,14215,0,0,0
1775027940,565,14211,1,1,1
1775028000,565,14223,74.83,74.83,74.83
1775028000,565,14221,20.32,20.32,20.32
1775028000,565,14215,0,0,0
1775028000,565,14211,1,1,1
1775028060,565,14223,0,0,0
1775028060,565,14221,0,0,0
1775028060,565,14215,0,0,0
1775028060,565,14211,1,1,1
1775028120,565,14223,74.83,74.83,74.83
1775028120,565,14221,20.32,20.32,20.32
1775028120,565,14215,0,0,0
1775028120,565,14211,1,1,1
1775028180,565,14223,0,0,0
1775028180,565,14221,0,0,0
1775028180,565,14215,0,0,0
1775028180,565,14211,1,1,1
1775028240,565,14223,74.83,74.83,74.83
1775028240,565,14221,20.32,20.32,20.32
1775028240,565,14215,0,0,0
1775028240,565,14211,1,1,1
1775028300,565,14223,74.83,74.83,74.83
1775028300,565,14221,20.32,20.32,20.32
1775028300,565,14215,0,0,0
1775028300,565,14211,1,1,1
1775028360,565,14223,74.83,74.83,74.83
1775028360,565,14221,20.32,20.32,20.32
1775028360,565,14215,0,0,0
1775028360,565,14211,1,1,1
1775028420,565,14223,74.83,74.83,74.83
1775028420,565,14221,20.32,20.32,20.32
1775028420,565,14215,0,0,0
1775028420,565,14211,1,1,1
1775028480,565,14223,74.83,74.83,74.83
1775028480,565,14221,20.32,20.32,20.32
1775028480,565,14215,0,0,0
1775028480,565,14211,1,1,1
1775028540,565,14223,74.83,74.83,74.83
1775028540,565,14221,20.32,20.32,20.32
1775028540,565,14215,0,0,0
1775028540,565,14211,1,1,1
1775028600,565,14223,74.83,74.83,74.83
1775028600,565,14221,20.32,20.32,20.32
1775028600,565,14215,0,0,0
1775028600,565,14211,1,1,1
1775028660,565,14223,74.83,74.83,74.83
1775028660,565,14221,20.32,20.32,20.32
1775028660,565,14215,0,0,0
1775028660,565,14211,1,1,1
1775028720,565,14223,74.83,74.83,74.83
1775028720,565,14221,20.32,20.32,20.32
1775028720,565,14215,0,0,0
1775028720,565,14211,1,1,1
1775028780,565,14223,74.83,74.83,74.83
1775028780,565,14221,20.32,20.32,20.32
1775028780,565,14215,0,0,0
1775028780,565,14211,1,1,1
1775028840,565,14223,74.28,74.555,74.83
1775028840,565,14221,18.95,19.635,20.32
1775028840,565,14215,0,0,0
1775028840,565,14211,1,1,1
1775028900,565,14223,73.43,73.9133,74.28
1775028900,565,14221,18.85,18.8833,18.95
1775028900,565,14215,0,0,0
1775028900,565,14211,1,1,1
1775028960,565,14223,73.43,73.43,73.43
1775028960,565,14221,18.85,18.85,18.85
1775028960,565,14215,0,0,0
1775028960,565,14211,1,1,1
1775029020,565,14223,72.78,73.2675,73.43
1775029020,565,14221,18.85,19.1975,20.24
1775029020,565,14215,0,0,0
1775029020,565,14211,1,1,1
1775029080,565,14223,72.78,72.78,72.78
1775029080,565,14221,20.24,20.24,20.24
1775029080,565,14215,0,0,0
1775029080,565,14211,1,1,1
1775029140,565,14223,72.78,72.78,72.78
1775029140,565,14221,20.24,20.24,20.24
1775029140,565,14215,0,0,0
1775029140,565,14211,1,1,1
1775029200,565,14223,72.78,72.78,72.78
1775029200,565,14221,20.24,20.24,20.24
1775029200,565,14215,0,0,0
1775029200,565,14211,1,1,1
1775029260,565,14223,72.78,72.995,73.64
1775029260,565,14221,20.24,20.36,20.72
1775029260,565,14215,0,0,0
1775029260,565,14211,1,1,1
1775029320,565,14223,75.41,75.41,75.41
1775029320,565,14221,20.13,20.13,20.13
1775029320,565,14215,0,0,0
1775029320,565,14211,1,1,1
1775029380,565,14223,75.41,75.41,75.41
1775029380,565,14221,20.13,20.13,20.13
1775029380,565,14215,0,0,0
1775029380,565,14211,1,1,1
1775029440,565,14223,75.41,75.41,75.41
1775029440,565,14221,20.13,20.13,20.13
1775029440,565,14215,0,0,0
1775029440,565,14211,1,1,1
1775029500,565,14223,75.41,75.41,75.41
1775029500,565,14221,20.13,20.13,20.13
1775029500,565,14215,0,0,0
1775029500,565,14211,1,1,1
1775029560,565,14223,75.89,75.89,75.89
1775029560,565,14221,20.28,20.28,20.28
1775029560,565,14215,0,0,0
1775029560,565,14211,1,1,1
1775029620,565,14223,75.89,75.89,75.89
1775029620,565,14221,20.28,20.28,20.28
1775029620,565,14215,0,0,0
1775029620,565,14211,1,1,1
1775029680,565,14223,75.38,75.7625,75.89
1775029680,565,14221,20.28,20.4425,20.93
1775029680,565,14215,0,0,0
1775029680,565,14211,1,1,1
1775029740,565,14223,75.38,75.495,75.84
1775029740,565,14221,17.49,18.0575,19.76
1775029740,565,14215,0,0,0
1775029740,565,14211,1,1,1
1775029800,565,14223,67.23,69.8167,74.48
1775029800,565,14221,18.71,19.26,19.76
1775029800,565,14215,0,0,0
1775029800,565,14211,1,1,1
1775029860,565,14223,74.48,74.48,74.48
1775029860,565,14221,19.31,19.31,19.31
1775029860,565,14215,0,0,0
1775029860,565,14211,1,1,1
1775029920,565,14223,67.23,72.935,75.55
1775029920,565,14221,16.41,18.1225,19.31
1775029920,565,14215,0,0,0
1775029920,565,14211,1,1,1
1775029980,565,14223,66.74,73.145,75.28
1775029980,565,14221,19.35,19.35,19.35
1775029980,565,14215,0,0,0
1775029980,565,14211,1,1,1
1775030040,565,14223,66.26,68.5225,74.35
1775030040,565,14221,19.35,20.085,20.6
1775030040,565,14215,0,0,0
1775030040,565,14211,1,1,1
1775030100,565,14223,74.35,74.6025,75.34
1775030100,565,14221,20.6,21.3125,22.85
1775030100,565,14215,0,0,0
1775030100,565,14211,1,1,1
1775030160,565,14223,75.34,75.34,75.34
1775030160,565,14221,22.85,22.85,22.85
1775030160,565,14215,0,0,0
1775030160,565,14211,1,1,1
1775030220,565,14223,75.34,75.34,75.34
1775030220,565,14221,22.85,22.85,22.85
1775030220,565,14215,0,0,0
1775030220,565,14211,1,1,1
1775030280,565,14223,75.34,75.34,75.34
1775030280,565,14221,22.85,22.85,22.85
1775030280,565,14215,0,0,0
1775030280,565,14211,1,1,1
1775030340,565,14223,66.26,73.07,75.34
1775030340,565,14221,19.63,19.63,19.63
1775030340,565,14215,0,0,0
1775030340,565,14211,1,1,1
1775030400,565,14223,65.44,66.055,66.26
1775030400,565,14221,16.02,17.0575,19.19
1775030400,565,14215,0,0,0
1775030400,565,14211,1,1,1
1775030460,565,14223,64.64,65.12,65.44
1775030460,565,14221,15.77,16.44,17.79
1775030460,565,14215,0,0,0
1775030460,565,14211,1,1,1
1775030520,565,14223,64.16,64.16,64.16
1775030520,565,14221,17.66,17.66,17.66
1775030520,565,14215,0,0,0
1775030520,565,14211,1,1,1
1775030580,565,14223,63.91,69.815,75.8
1775030580,565,14221,15.53,16.3875,17.62
1775030580,565,14215,0,0,0
1775030580,565,14211,1,1,1
1775030640,565,14223,63.85,73.8083,75.8
1775030640,565,14221,15.97,16.0067,16.19
1775030640,565,14215,0,0,0
1775030640,565,14211,1,1,1
1775030700,565,14223,63.85,72.34,75.17
1775030700,565,14221,16.19,16.19,16.19
1775030700,565,14215,0,0,0
1775030700,565,14211,1,1,1
1775030760,565,14223,63.76,63.84,63.91
1775030760,565,14221,14.64,14.8933,15.21
1775030760,565,14215,0,0,0
1775030760,565,14211,1,1,1
1775030820,565,14223,63.88,64.6944,65.06
1775030820,565,14221,15.26,15.83,16.12
1775030820,565,14215,0,0,0
1775030820,565,14211,1,1,1
1775030880,565,14223,65.06,68.5433,75.51
1775030880,565,14221,15.92,16.1833,16.35
1775030880,565,14215,0,0,0
1775030880,565,14211,1,1,1
1775030940,565,14223,75.51,75.6225,75.66
1775030940,565,14221,15.51,15.72,16.35
1775030940,565,14215,0,0,0
1775030940,565,14211,1,1,1
1775031000,565,14223,75.66,75.66,75.66
1775031000,565,14221,15.51,15.51,15.51
1775031000,565,14215,0,0,0
1775031000,565,14211,1,1,1
1775031060,565,14223,75.66,75.66,75.66
1775031060,565,14221,15.51,15.51,15.51
1775031060,565,14215,0,0,0
1775031060,565,14211,1,1,1
1775031120,565,14223,75.66,75.66,75.66
1775031120,565,14221,15.51,16.2711,16.88
1775031120,565,14215,0,0,0
1775031120,565,14211,1,1,1
1775031180,565,14223,75.66,75.66,75.66
1775031180,565,14221,16.88,16.88,16.88
1775031180,565,14215,0,0,0
1775031180,565,14211,1,1,1
1775031240,565,14223,75.4,75.53,75.66
1775031240,565,14221,16.88,17.37,17.86
1775031240,565,14215,0,0,0
1775031240,565,14211,1,1,1
1775031300,565,14223,73.89,74.8775,75.66
1775031300,565,14221,16.88,18.445,20.79
1775031300,565,14215,0,0,0
1775031300,565,14211,1,1,1
1775031360,565,14223,73.89,73.89,73.89
1775031360,565,14221,20.79,20.79,20.79
1775031360,565,14215,0,0,0
1775031360,565,14211,1,1,1
1775031420,565,14223,73.68,73.68,73.68
1775031420,565,14221,21.01,21.01,21.01
1775031420,565,14215,0,0,0
1775031420,565,14211,1,1,1
1775031480,565,14223,66.89,72.455,74.31
1775031480,565,14221,20.7,20.95,21.7
1775031480,565,14215,0,0,0
1775031480,565,14211,1,1,1
1775031540,565,14223,67.73,68.018,68.45
1775031540,565,14221,17.14,18.882,20
1775031540,565,14215,0,0,0
1775031540,565,14211,1,1,1
1775031600,565,14223,68.45,68.45,68.45
1775031600,565,14221,15.24,16.0433,16.47
1775031600,565,14215,0,0,0
1775031600,565,14211,1,1,1
1775031660,565,14223,69.18,69.18,69.18
1775031660,565,14221,18.34,18.34,18.34
1775031660,565,14215,0,0,0
1775031660,565,14211,1,1,1
1775031720,565,14223,72.76,72.76,72.76
1775031720,565,14221,16.2,16.2,16.2
1775031720,565,14215,0,0,0
1775031720,565,14211,1,1,1
1775031780,565,14223,71.49,71.9975,72.76
1775031780,565,14221,14.53,15.4025,16.35
1775031780,565,14215,0,0,0
1775031780,565,14211,1,1,1
1775031840,565,14223,70.43,70.9675,71.63
1775031840,565,14221,17.42,18.8475,20.77
1775031840,565,14215,0,0,0
1775031840,565,14211,1,1,1
1775031900,565,14223,69.18,70.51,71.84
1775031900,565,14221,13.81,15.265,17.07
1775031900,565,14215,0,0,0
1775031900,565,14211,1,1,1
1775031960,565,14223,71.84,71.84,71.84
1775031960,565,14221,13.81,13.81,13.81
1775031960,565,14215,0,0,0
1775031960,565,14211,1,1,1
1775032020,565,14223,71.84,71.84,71.84
1775032020,565,14221,13.81,13.8425,13.94
1775032020,565,14215,0,0,0
1775032020,565,14211,1,1,1
1775032080,565,14223,71.84,71.84,71.84
1775032080,565,14221,13.94,13.94,13.94
1775032080,565,14215,0,0,0
1775032080,565,14211,1,1,1
1775032140,565,14223,71.35,71.4725,71.84
1775032140,565,14221,13.94,17.075,18.12
1775032140,565,14215,0,0,0
1775032140,565,14211,1,1,1
1775032200,565,14223,69.96,71.0025,71.61
1775032200,565,14221,13.66,16.6325,20.3
1775032200,565,14215,0,0,0
1775032200,565,14211,1,1,1
1775032260,565,14223,71.61,71.61,71.61
1775032260,565,14221,13.66,13.66,13.66
1775032260,565,14215,0,0,0
1775032260,565,14211,1,1,1
1775032320,565,14223,70.95,71.17,71.61
1775032320,565,14221,13.66,14.7533,15.3
1775032320,565,14215,0,0,0
1775032320,565,14211,1,1,1
1775032380,565,14223,70.95,70.95,70.95
1775032380,565,14221,15.3,15.3,15.3
1775032380,565,14215,0,0,0
1775032380,565,14211,1,1,1
1775032440,565,14223,70.95,70.95,70.95
1775032440,565,14221,15.3,15.3,15.3
1775032440,565,14215,0,0,0
1775032440,565,14211,1,1,1
1775032500,565,14223,70.79,71.04,71.47
1775032500,565,14221,15.3,17.7425,19.45
1775032500,565,14215,0,0,0
1775032500,565,14211,1,1,1
1775032560,565,14223,70.75,71.21,72.13
1775032560,565,14221,18.04,18.04,18.04
1775032560,565,14215,0,0,0
1775032560,565,14211,1,1,1
1775032620,565,14223,0,0,0
1775032620,565,14221,0,0,0
1775032620,565,14215,0,0,0
1775032620,565,14211,1,1,1
1775032680,565,14223,70.75,70.75,70.75
1775032680,565,14221,18.04,18.04,18.04
1775032680,565,14215,0,0,0
1775032680,565,14211,1,1,1
1775032740,565,14223,70.75,71.33,72.13
1775032740,565,14221,18.04,18.445,18.85
1775032740,565,14215,0,0,0
1775032740,565,14211,1,1,1
1775032800,565,14223,71.22,71.22,71.22
1775032800,565,14221,18.85,18.85,18.85
1775032800,565,14215,0,0,0
1775032800,565,14211,1,1,1
1775032860,565,14223,71.14,71.16,71.22
1775032860,565,14221,18.85,19.675,19.95
1775032860,565,14215,0,0,0
1775032860,565,14211,1,1,1
1775032920,565,14223,71.14,71.14,71.14
1775032920,565,14221,19.95,19.95,19.95
1775032920,565,14215,0,0,0
1775032920,565,14211,1,1,1
1775032980,565,14223,71.14,71.14,71.14
1775032980,565,14221,19.95,20.21,20.47
1775032980,565,14215,0,0,0
1775032980,565,14211,1,1,1
1775033040,565,14223,71.14,71.14,71.14
1775033040,565,14221,20.47,20.47,20.47
1775033040,565,14215,0,0,0
1775033040,565,14211,1,1,1
1775033100,565,14223,71.14,71.14,71.14
1775033100,565,14221,20.47,20.47,20.47
1775033100,565,14215,0,0,0
1775033100,565,14211,1,1,1
1775033160,565,14223,71.14,71.335,71.4
1775033160,565,14221,20.47,20.935,21.09
1775033160,565,14215,0,0,0
1775033160,565,14211,1,1,1
1775033220,565,14223,70.46,70.6,71.02
1775033220,565,14221,17.8,17.965,18.46
1775033220,565,14215,0,0,0
1775033220,565,14211,1,1,1
1775033280,565,14223,70.46,70.46,70.46
1775033280,565,14221,17.8,17.8,17.8
1775033280,565,14215,0,0,0
1775033280,565,14211,1,1,1
1775033340,565,14223,69.62,69.83,70.46
1775033340,565,14221,17.1,17.275,17.8
1775033340,565,14215,0,0,0
1775033340,565,14211,1,1,1
1775033400,565,14223,69.62,69.62,69.62
1775033400,565,14221,17.1,17.1,17.1
1775033400,565,14215,0,0,0
1775033400,565,14211,1,1,1
1775033460,565,14223,69.62,69.62,69.62
1775033460,565,14221,17.1,17.1,17.1
1775033460,565,14215,0,0,0
1775033460,565,14211,1,1,1
1775033520,565,14223,69.39,69.4475,69.62
1775033520,565,14221,14.41,15.0825,17.1
1775033520,565,14215,0,0,0
1775033520,565,14211,1,1,1
1775033580,565,14223,69.39,69.39,69.39
1775033580,565,14221,16.11,17.1975,17.56
1775033580,565,14215,0,0,0
1775033580,565,14211,1,1,1
1775033640,565,14223,69.08,69.2367,69.55
1775033640,565,14221,16.4,16.4,16.4
1775033640,565,14215,0,0,0
1775033640,565,14211,1,1,1
1775033700,565,14223,68.86,72.032,75.18
1775033700,565,14221,14.43,16.222,17.96
1775033700,565,14215,0,0,0
1775033700,565,14211,1,1,1
1775033760,565,14223,75.18,75.18,75.18
1775033760,565,14221,16.5,16.5,16.5
1775033760,565,14215,0,0,0
1775033760,565,14211,1,1,1
1775033820,565,14223,76.43,76.6,76.75
1775033820,565,14221,14.08,15.8175,17
1775033820,565,14215,0,0,0
1775033820,565,14211,1,1,1
1775033880,565,14223,76.59,76.69,76.75
1775033880,565,14221,12.49,12.95,13.19
1775033880,565,14215,0,0,0
1775033880,565,14211,1,1,1
1775033940,565,14223,76.21,76.4625,76.59
1775033940,565,14221,12.24,13.34,14.23
1775033940,565,14215,0,0,0
1775033940,565,14211,1,1,1
1775034000,565,14223,75.22,75.4275,75.75
1775034000,565,14221,11.78,12.52,13.16
1775034000,565,14215,0,0,0
1775034000,565,14211,1,1,1
1775034060,565,14223,75.13,75.18,75.37
1775034060,565,14221,12.79,14.3743,16.42
1775034060,565,14215,0,0,0
1775034060,565,14211,1,1,1
1775034120,565,14223,75.46,75.58,75.62
1775034120,565,14221,12.6,13.11,14.06
1775034120,565,14215,0,0,0
1775034120,565,14211,1,1,1
1775034180,565,14223,74.2,74.615,75.86
1775034180,565,14221,13.44,13.6725,13.75
1775034180,565,14215,0,0,0
1775034180,565,14211,1,1,1
1775034240,565,14223,75.86,75.86,75.86
1775034240,565,14221,16.09,16.76,17.43
1775034240,565,14215,0,0,0
1775034240,565,14211,1,1,1
1775034300,565,14223,72.51,73.4225,76.16
1775034300,565,14221,19.3,20.29,20.62
1775034300,565,14215,0,0,0
1775034300,565,14211,1,1,1
1775034360,565,14223,72.51,72.8975,73.4
1775034360,565,14221,17.67,19.795,20.62
1775034360,565,14215,0,0,0
1775034360,565,14211,1,1,1
1775034420,565,14223,71.11,71.83,72.53
1775034420,565,14221,16.02,16.905,18.38
1775034420,565,14215,0,0,0
1775034420,565,14211,1,1,1
1775034480,565,14223,71.64,73.2767,76.16
1775034480,565,14221,17.95,19.17,20.56
1775034480,565,14215,0,0,0
1775034480,565,14211,1,1,1
1775034540,565,14223,72.41,73.1675,73.42
1775034540,565,14221,16.54,18.8725,19.65
1775034540,565,14215,0,0,0
1775034540,565,14211,1,1,1
1775034600,565,14223,71.72,72.265,72.58
1775034600,565,14221,14.46,15.745,18.08
1775034600,565,14215,0,0,0
1775034600,565,14211,1,1,1
1775034660,565,14223,75.28,75.75,76.22
1775034660,565,14221,13.56,14.055,14.98
1775034660,565,14215,0,0,0
1775034660,565,14211,1,1,1
1775034720,565,14223,74.57,75.1025,75.28
1775034720,565,14221,15.64,16.965,19.77
1775034720,565,14215,0,0,0
1775034720,565,14211,1,1,1
1775034780,565,14223,74.13,74.46,74.57
1775034780,565,14221,14.27,15.4975,16.89
1775034780,565,14215,0,0,0
1775034780,565,14211,1,1,1
1775034840,565,14223,70.96,72.545,74.13
1775034840,565,14221,15.43,15.7,16
1775034840,565,14215,0,0,0
1775034840,565,14211,1,1,1
1775034900,565,14223,70.96,71.515,73.18
1775034900,565,14221,14.7,15.515,16.5
1775034900,565,14215,0,0,0
1775034900,565,14211,1,1,1
1775034960,565,14223,73.21,73.52,73.86
1775034960,565,14221,13.65,14.9225,16
1775034960,565,14215,0,0,0
1775034960,565,14211,1,1,1
1775035020,565,14223,73.58,73.585,73.59
1775035020,565,14221,11.72,12.0275,12.89
1775035020,565,14215,0,0,0
1775035020,565,14211,1,1,1
1775035080,565,14223,73.35,73.39,73.47
1775035080,565,14221,10.84,11.4267,11.72
1775035080,565,14215,0,0,0
1775035080,565,14211,1,1,1
1775035140,565,14223,73,73,73
1775035140,565,14221,11.9,11.9,11.9
1775035140,565,14215,0,0,0
1775035140,565,14211,1,1,1
1775035200,565,14223,71.7,72.255,72.71
1775035200,565,14221,13.79,14.7675,16.19
1775035200,565,14215,0,0,0
1775035200,565,14211,1,1,1
1775035260,565,14223,71.39,71.425,71.45
1775035260,565,14221,11.32,12.8,15.91
1775035260,565,14215,0,0,0
1775035260,565,14211,1,1,1
1775035320,565,14223,71,71.2525,71.46
1775035320,565,14221,10.66,11.1275,12.04
1775035320,565,14215,0,0,0
1775035320,565,14211,1,1,1
1775035380,565,14223,70.83,70.8943,70.91
1775035380,565,14221,10.2,11.85,12.88
1775035380,565,14215,0,0,0
1775035380,565,14211,1,1,1
1775035440,565,14223,70.41,70.57,70.74
1775035440,565,14221,11.72,13.0267,14.29
1775035440,565,14215,0,0,0
1775035440,565,14211,1,1,1
1775035500,565,14223,70.02,70.2125,70.33
1775035500,565,14221,13.2,14.5325,16.49
1775035500,565,14215,0,0,0
1775035500,565,14211,1,1,1
1775035560,565,14223,69.7,69.875,69.96
1775035560,565,14221,12.03,13.9275,15.32
1775035560,565,14215,0,0,0
1775035560,565,14211,1,1,1
1775035620,565,14223,69.7,69.745,69.82
1775035620,565,14221,14.07,16.595,17.66
1775035620,565,14215,0,0,0
1775035620,565,14211,1,1,1
1775035680,565,14223,69.82,70.4825,72.47
1775035680,565,14221,14.79,16.2925,18.5
1775035680,565,14215,0,0,0
1775035680,565,14211,1,1,1
1775035740,565,14223,72.03,72.25,72.47
1775035740,565,14221,13.88,14.785,15.69
1775035740,565,14215,0,0,0
1775035740,565,14211,1,1,1
1775035800,565,14223,71.49,71.925,72.36
1775035800,565,14221,12.85,14.795,17.14
1775035800,565,14215,0,0,0
1775035800,565,14211,1,1,1
1775035860,565,14223,69.82,71.295,72.86
1775035860,565,14221,12.98,17.3825,20.55
1775035860,565,14215,0,0,0
1775035860,565,14211,1,1,1
1775035920,565,14223,70.3,70.61,71.54
1775035920,565,14221,11.94,15.0675,18.89
1775035920,565,14215,0,0,0
1775035920,565,14211,1,1,1
1775035980,565,14223,70.37,71.072,71.54
1775035980,565,14221,15.44,18.338,19.58
1775035980,565,14215,0,0,0
1775035980,565,14211,1,1,1
1775036040,565,14223,69.91,70.3425,70.5
1775036040,565,14221,13.69,13.9775,14.26
1775036040,565,14215,0,0,0
1775036040,565,14211,1,1,1
1775036100,565,14223,69.91,70.005,70.1
1775036100,565,14221,14.16,15.6,17.04
1775036100,565,14215,0,0,0
1775036100,565,14211,1,1,1
1775036160,565,14223,70.1,70.75,72.37
1775036160,565,14221,13.85,16.0575,17.04
1775036160,565,14215,0,0,0
1775036160,565,14211,1,1,1
1775036220,565,14223,70.39,70.39,70.39
1775036220,565,14221,10.67,12.0633,12.76
1775036220,565,14215,0,0,0
1775036220,565,14211,1,1,1
1775036280,565,14223,70.64,70.64,70.64
1775036280,565,14221,15.36,15.36,15.36
1775036280,565,14215,0,0,0
1775036280,565,14211,1,1,1
1775036340,565,14223,72.28,72.28,72.28
1775036340,565,14221,20.41,20.41,20.41
1775036340,565,14215,0,0.153846,1
1775036340,565,14211,1,1,1
1775036400,565,14223,0,0,0
1775036400,565,14221,0,0,0
1775036400,565,14215,0,0,0
1775036400,565,14211,1,1,1
1775036460,565,14223,70.62,71.8125,72.28
1775036460,565,14221,20.41,20.445,20.48
1775036460,565,14215,0,0,0
1775036460,565,14211,1,1,1
1775036520,565,14223,72.07,72.07,72.07
1775036520,565,14221,20.48,20.48,20.48
1775036520,565,14215,0,0,0
1775036520,565,14211,1,1,1
1775036580,565,14223,72.07,74.1475,74.84
1775036580,565,14221,20.48,20.81,20.92
1775036580,565,14215,0,0,0
1775036580,565,14211,1,1,1
1775036640,565,14223,74.84,74.84,74.84
1775036640,565,14221,20.92,20.92,20.92
1775036640,565,14215,0,0,0
1775036640,565,14211,1,1,1
1775036700,565,14223,70.91,73.14,75.9
1775036700,565,14221,16.98,18.185,20.92
1775036700,565,14215,0,0,0
1775036700,565,14211,1,1,1
1775036760,565,14223,74.41,75.4033,75.9
1775036760,565,14221,17.28,17.85,18.99
1775036760,565,14215,0,0,0
1775036760,565,14211,1,1,1
1775036820,565,14223,74.41,74.41,74.41
1775036820,565,14221,18.99,18.99,18.99
1775036820,565,14215,0,0,0
1775036820,565,14211,1,1,1
1775036880,565,14223,74.38,74.4,74.41
1775036880,565,14221,15.35,17.7767,18.99
1775036880,565,14215,0,0,0
1775036880,565,14211,1,1,1
1775036940,565,14223,74.27,74.5125,75.02
1775036940,565,14221,11.69,14.0475,15.35
1775036940,565,14215,0,0,0
1775036940,565,14211,1,1,1
1775037000,565,14223,73.29,74.4029,75.02
1775037000,565,14221,10.73,11.6643,12.3
1775037000,565,14215,0,0,0
1775037000,565,14211,1,1,1
1775037060,565,14223,72.82,73.1725,73.29
1775037060,565,14221,11.29,12.5275,12.94
1775037060,565,14215,0,0,0
1775037060,565,14211,1,1,1
1775037120,565,14223,70.91,71.74,72.57
1775037120,565,14221,11.76,11.8075,11.9
1775037120,565,14215,0,0,0
1775037120,565,14211,1,1,1
1775037180,565,14223,72.57,72.57,72.57
1775037180,565,14221,11.76,11.76,11.76
1775037180,565,14215,0,0,0
1775037180,565,14211,1,1,1
1775037240,565,14223,72.57,72.57,72.57
1775037240,565,14221,11.76,11.76,11.76
1775037240,565,14215,0,0,0
1775037240,565,14211,1,1,1
1775037300,565,14223,72.57,72.57,72.57
1775037300,565,14221,11.76,11.76,11.76
1775037300,565,14215,0,0,0
1775037300,565,14211,1,1,1
1775037360,565,14223,72.57,72.57,72.57
1775037360,565,14221,11.76,11.76,11.76
1775037360,565,14215,0,0,0
1775037360,565,14211,1,1,1
1775037420,565,14223,0,0,0
1775037420,565,14221,0,0,0
1775037420,565,14215,0,0,0
1775037420,565,14211,1,1,1
1775037480,565,14223,70.94,71.2925,71.41
1775037480,565,14221,15.13,15.13,15.13
1775037480,565,14215,0,0,0
1775037480,565,14211,1,1,1
1775037540,565,14223,70.74,71.15,71.52
1775037540,565,14221,12.52,14.5975,17.77
1775037540,565,14215,0,0,0
1775037540,565,14211,1,1,1
1775037600,565,14223,70.74,70.74,70.74
1775037600,565,14221,12.52,12.52,12.52
1775037600,565,14215,0,0.235294,1
1775037600,565,14211,1,1,1
1775037660,565,14223,70.74,71.13,71.52
1775037660,565,14221,12.04,12.5175,12.99
1775037660,565,14215,0,0,0
1775037660,565,14211,1,1,1
1775037720,565,14223,71.52,71.605,71.65
1775037720,565,14221,12.46,15.175,18.5
1775037720,565,14215,0,0,0
1775037720,565,14211,1,1,1
1775037780,565,14223,71.51,71.54,71.6
1775037780,565,14221,17.52,18.6833,19.6
1775037780,565,14215,0,0,0
1775037780,565,14211,1,1,1
1775037840,565,14223,71.51,72.19,72.53
1775037840,565,14221,20.3,20.8367,21.91
1775037840,565,14215,0,0,0
1775037840,565,14211,1,1,1
1775037900,565,14223,72.53,72.53,72.53
1775037900,565,14221,20.3,20.3,20.3
1775037900,565,14215,0,0,0
1775037900,565,14211,1,1,1
1775037960,565,14223,71.51,72.1225,72.63
1775037960,565,14221,11.3,12.785,15.97
1775037960,565,14215,0,0,0
1775037960,565,14211,1,1,1
1775038020,565,14223,71.38,71.4,71.42
1775038020,565,14221,10.67,10.8175,11.03
1775038020,565,14215,0,0,0
1775038020,565,14211,1,1,1
1775038080,565,14223,71.36,71.725,72.82
1775038080,565,14221,11.8,15.7775,18.33
1775038080,565,14215,0,0,0
1775038080,565,14211,1,1,1
1775038140,565,14223,72.82,72.82,72.82
1775038140,565,14221,18.33,18.33,18.33
1775038140,565,14215,0,0,0
1775038140,565,14211,1,1,1
1775038200,565,14223,0,0,0
1775038200,565,14221,0,0,0
1775038200,565,14215,0,0,0
1775038200,565,14211,1,1,1
1775038260,565,14223,0,0,0
1775038260,565,14221,0,0,0
1775038260,565,14215,0,0,0
1775038260,565,14211,1,1,1
1775038320,565,14223,72.51,72.75,72.87
1775038320,565,14221,12.77,13.12,13.82
1775038320,565,14215,0,0,0
1775038320,565,14211,1,1,1
1775038380,565,14223,72.87,73.1725,74.08
1775038380,565,14221,11.39,12.425,12.77
1775038380,565,14215,0,0,0
1775038380,565,14211,1,1,1
1775038440,565,14223,72.22,72.3967,72.75
1775038440,565,14221,11.95,12.58,13.84
1775038440,565,14215,0,0,0
1775038440,565,14211,1,1,1
1775038500,565,14223,71.46,71.84,72.22
1775038500,565,14221,11.95,12.1975,12.53
1775038500,565,14215,0,0,0
1775038500,565,14211,1,1,1
1775038560,565,14223,71.59,71.9975,73.07
1775038560,565,14221,12.21,13.815,16.07
1775038560,565,14215,0,0,0
1775038560,565,14211,1,1,1
1775038620,565,14223,73.07,73.07,73.07
1775038620,565,14221,13.29,13.29,13.29
1775038620,565,14215,0,0,0
1775038620,565,14211,1,1,1
1775038680,565,14223,73.07,73.07,73.07
1775038680,565,14221,13.29,13.29,13.29
1775038680,565,14215,0,0,0
1775038680,565,14211,1,1,1
1775038740,565,14223,71.83,72.2375,73.07
1775038740,565,14221,13.29,16.795,18.53
1775038740,565,14215,0,0,0
1775038740,565,14211,1,1,1
1775038800,565,14223,71.83,71.83,71.83
1775038800,565,14221,18.53,18.53,18.53
1775038800,565,14215,0,0,0
1775038800,565,14211,1,1,1
1775038860,565,14223,72,72.1725,72.23
1775038860,565,14221,17.7,18.09,18.22
1775038860,565,14215,0,0,0
1775038860,565,14211,1,1,1
1775038920,565,14223,72,72,72
1775038920,565,14221,13.31,13.31,13.31
1775038920,565,14215,0,0,0
1775038920,565,14211,1,1,1
1775038980,565,14223,70.81,71.0125,71.08
1775038980,565,14221,14.1,14.6775,15.31
1775038980,565,14215,0,0,0
1775038980,565,14211,1,1,1
1775039040,565,14223,70.81,70.81,70.81
1775039040,565,14221,14.1,14.1,14.1
1775039040,565,14215,0,0,0
1775039040,565,14211,1,1,1
1775039100,565,14223,69.96,70.47,70.81
1775039100,565,14221,12.6,13.5,14.1
1775039100,565,14215,0,0.142857,1
1775039100,565,14211,1,1,1
1775039160,565,14223,69.96,69.96,69.96
1775039160,565,14221,12.6,12.6,12.6
1775039160,565,14215,0,0,0
1775039160,565,14211,1,1,1
1775039220,565,14223,69.96,70.015,70.18
1775039220,565,14221,12.6,14.74,17.77
1775039220,565,14215,0,0,0
1775039220,565,14211,1,1,1
1775039280,565,14223,69.61,70.4433,72
1775039280,565,14221,14.73,16.7033,19.1
1775039280,565,14215,0,0,0
1775039280,565,14211,1,1,1
1775039340,565,14223,72,72,72
1775039340,565,14221,18.62,18.62,18.62
1775039340,565,14215,0,0,0
1775039340,565,14211,1,1,1
1775039400,565,14223,72.88,73.6433,74.09
1775039400,565,14221,16.54,18.7333,20.12
1775039400,565,14215,0,0,0
1775039400,565,14211,1,1,1
1775039460,565,14223,73.96,73.96,73.96
1775039460,565,14221,20.12,20.12,20.12
1775039460,565,14215,0,0,0
1775039460,565,14211,1,1,1
1775039520,565,14223,72.86,73.26,73.96
1775039520,565,14221,20.12,20.7325,21.01
1775039520,565,14215,0,0,0
1775039520,565,14211,1,1,1
1775039580,565,14223,71.75,71.98,72.44
1775039580,565,14221,18.25,19.2933,21.38
1775039580,565,14215,0,0,0
1775039580,565,14211,1,1,1
1775039640,565,14223,70.18,70.88,71.75
1775039640,565,14221,18.25,19.405,20.9
1775039640,565,14215,0,0,0
1775039640,565,14211,1,1,1
1775039700,565,14223,71.87,71.89,71.91
1775039700,565,14221,16.67,18.4375,20.69
1775039700,565,14215,0,0,0
1775039700,565,14211,1,1,1
1775039760,565,14223,73.05,73.155,73.19
1775039760,565,14221,16.67,16.7825,17.12
1775039760,565,14215,0,0,0
1775039760,565,14211,1,1,1
1775039820,565,14223,73.05,73.05,73.05
1775039820,565,14221,17.12,17.12,17.12
1775039820,565,14215,0,0,0
1775039820,565,14211,1,1,1
1775039880,565,14223,73.05,73.125,73.2
1775039880,565,14221,15.59,16.355,17.12
1775039880,565,14215,0,0,0
1775039880,565,14211,1,1,1
1775039940,565,14223,73.2,73.2,73.2
1775039940,565,14221,15.59,15.59,15.59
1775039940,565,14215,0,0,0
1775039940,565,14211,1,1,1
1775040000,565,14223,73.2,73.2,73.2
1775040000,565,14221,15.59,15.59,15.59
1775040000,565,14215,0,0,0
1775040000,565,14211,1,1,1
1775040060,565,14223,73.2,73.31,73.64
1775040060,565,14221,14.51,15.32,15.59
1775040060,565,14215,0,0,0
1775040060,565,14211,1,1,1
1775040120,565,14223,73.33,73.5367,73.64
1775040120,565,14221,14.51,14.8267,15.46
1775040120,565,14215,0,0,0
1775040120,565,14211,1,1,1
1775040180,565,14223,0,0,0
1775040180,565,14221,0,0,0
1775040180,565,14215,0,0,0
1775040180,565,14211,1,1,1
1775040240,565,14223,71.78,72.685,73.59
1775040240,565,14221,13.16,14.9975,16.59
1775040240,565,14215,0,0,0
1775040240,565,14211,1,1,1
1775040300,565,14223,73.24,73.24,73.24
1775040300,565,14221,17.79,17.79,17.79
1775040300,565,14215,0,0,0
1775040300,565,14211,1,1,1
1775040360,565,14223,72.85,73.1925,73.44
1775040360,565,14221,17.79,18.3,19.66
1775040360,565,14215,0,0,0
1775040360,565,14211,1,1,1
1775040420,565,14223,72.85,72.85,72.85
1775040420,565,14221,19.66,19.66,19.66
1775040420,565,14215,0,0,0
1775040420,565,14211,1,1,1
1775040480,565,14223,72.85,72.85,72.85
1775040480,565,14221,19.66,19.66,19.66
1775040480,565,14215,0,0,0
1775040480,565,14211,1,1,1
1775040540,565,14223,72.25,72.25,72.25
1775040540,565,14221,19.88,19.88,19.88
1775040540,565,14215,0,0,0
1775040540,565,14211,1,1,1
1775040600,565,14223,72.25,72.25,72.25
1775040600,565,14221,19.88,19.88,19.88
1775040600,565,14215,0,0,0
1775040600,565,14211,1,1,1
1775040660,565,14223,71.04,71.04,71.04
1775040660,565,14221,16.97,16.97,16.97
1775040660,565,14215,0,0,0
1775040660,565,14211,1,1,1
1775040720,565,14223,71.04,71.04,71.04
1775040720,565,14221,16.97,16.97,16.97
1775040720,565,14215,0,0,0
1775040720,565,14211,1,1,1
1775040780,565,14223,71.78,71.78,71.78
1775040780,565,14221,16.6,16.6,16.6
1775040780,565,14215,0,0,0
1775040780,565,14211,1,1,1
1775040840,565,14223,70.22,70.405,70.96
1775040840,565,14221,15.48,15.9,16.04
1775040840,565,14215,0,0,0
1775040840,565,14211,1,1,1
1775040900,565,14223,70.78,71.1875,71.78
1775040900,565,14221,13.8,15.46,16.97
1775040900,565,14215,0,0,0
1775040900,565,14211,1,1,1
1775040960,565,14223,70.42,70.7,70.98
1775040960,565,14221,13.46,14.7525,17.77
1775040960,565,14215,0,0,0
1775040960,565,14211,1,1,1
1775041020,565,14223,69.2,70.0133,70.42
1775041020,565,14221,12.08,13.6567,16.2
1775041020,565,14215,0,0,0
1775041020,565,14211,1,1,1
1775041080,565,14223,69.2,69.2,69.2
1775041080,565,14221,16.2,16.2,16.2
1775041080,565,14215,0,0,0
1775041080,565,14211,1,1,1
1775041140,565,14223,69.2,69.5325,69.84
1775041140,565,14221,14.46,15.8425,17.29
1775041140,565,14215,0,0,0
1775041140,565,14211,1,1,1
1775041200,565,14223,68.97,69.3025,69.49
1775041200,565,14221,15.81,16.4275,17.28
1775041200,565,14215,0,0,0
1775041200,565,14211,1,1,1
1775041260,565,14223,69.72,69.93,70.4
1775041260,565,14221,16.29,17.182,18.98
1775041260,565,14215,0,0,0
1775041260,565,14211,1,1,1
1775041320,565,14223,69.74,69.805,70
1775041320,565,14221,16.84,17.24,18.38
1775041320,565,14215,0,0,0
1775041320,565,14211,1,1,1
1775041380,565,14223,71.19,71.19,71.19
1775041380,565,14221,15.44,15.44,15.44
1775041380,565,14215,0,0,0
1775041380,565,14211,1,1,1
1775041440,565,14223,71.19,71.19,71.19
1775041440,565,14221,15.44,15.44,15.44
1775041440,565,14215,0,0,0
1775041440,565,14211,1,1,1
1775041500,565,14223,69.09,69.615,71.19
1775041500,565,14221,15.44,16.9375,19.01
1775041500,565,14215,0,0,0
1775041500,565,14211,1,1,1
1775041560,565,14223,68.3,69.5675,72.58
1775041560,565,14221,17.01,18.135,18.97
1775041560,565,14215,0,0,0
1775041560,565,14211,1,1,1
1775041620,565,14223,67.06,71.2,72.58
1775041620,565,14221,16.48,17.3875,17.69
1775041620,565,14215,0,0,0
1775041620,565,14211,1,1,1
1775041680,565,14223,71.64,71.64,71.64
1775041680,565,14221,15.27,15.27,15.27
1775041680,565,14215,0,0,0
1775041680,565,14211,1,1,1
1775041740,565,14223,67.06,70.495,71.64
1775041740,565,14221,13.77,14.895,15.27
1775041740,565,14215,0,0,0
1775041740,565,14211,1,1,1
1775041800,565,14223,66.09,66.575,67.06
1775041800,565,14221,13.57,14.3075,14.87
1775041800,565,14215,0,0,0
1775041800,565,14211,1,1,1
1775041860,565,14223,71.61,71.61,71.61
1775041860,565,14221,14,14,14
1775041860,565,14215,0,0,0
1775041860,565,14211,1,1,1
1775041920,565,14223,66.09,66.09,66.09
1775041920,565,14221,13.76,13.76,13.76
1775041920,565,14215,0,0,0
1775041920,565,14211,1,1,1
1775041980,565,14223,65.76,67.94,72.29
1775041980,565,14221,12.12,13.0733,14.11
1775041980,565,14215,0,0,0
1775041980,565,14211,1,1,1
1775042040,565,14223,72.29,72.29,72.29
1775042040,565,14221,14.11,14.11,14.11
1775042040,565,14215,0,0,0
1775042040,565,14211,1,1,1
1775042100,565,14223,66.76,67.91,68.93
1775042100,565,14221,11.61,11.7575,12.01
1775042100,565,14215,0,0,0
1775042100,565,14211,1,1,1
1775042160,565,14223,71.75,71.75,71.75
1775042160,565,14221,12.3,12.3,12.3
1775042160,565,14215,0,0,0
1775042160,565,14211,1,1,1
1775042220,565,14223,71.75,71.75,71.75
1775042220,565,14221,12.3,12.3,12.3
1775042220,565,14215,0,0,0
1775042220,565,14211,1,1,1
1775042280,565,14223,71.75,71.75,71.75
1775042280,565,14221,12.3,12.3,12.3
1775042280,565,14215,0,0,0
1775042280,565,14211,1,1,1
1775042340,565,14223,71.75,71.8475,71.88
1775042340,565,14221,12.3,16.365,17.72
1775042340,565,14215,0,0,0
1775042340,565,14211,1,1,1
1775042400,565,14223,71.88,71.88,71.88
1775042400,565,14221,17.72,17.72,17.72
1775042400,565,14215,0,0,0
1775042400,565,14211,1,1,1
1775042460,565,14223,71.88,71.88,71.88
1775042460,565,14221,17.72,17.72,17.72
1775042460,565,14215,0,0,0
1775042460,565,14211,1,1,1
1775042520,565,14223,71.88,71.88,71.88
1775042520,565,14221,17.72,17.72,17.72
1775042520,565,14215,0,0,0
1775042520,565,14211,1,1,1
1775042580,565,14223,71.88,71.88,71.88
1775042580,565,14221,17.72,17.72,17.72
1775042580,565,14215,0,0,0
1775042580,565,14211,1,1,1
1775042640,565,14223,71.88,71.88,71.88
1775042640,565,14221,17.72,17.72,17.72
1775042640,565,14215,0,0,0
1775042640,565,14211,1,1,1
1775042700,565,14223,71.88,71.88,71.88
1775042700,565,14221,17.72,17.72,17.72
1775042700,565,14215,0,0,0
1775042700,565,14211,1,1,1
1775042760,565,14223,71.88,71.88,71.88
1775042760,565,14221,17.72,17.72,17.72
1775042760,565,14215,0,0,0
1775042760,565,14211,1,1,1
1775042820,565,14223,71.88,71.88,71.88
1775042820,565,14221,17.72,17.72,17.72
1775042820,565,14215,0,0,0
1775042820,565,14211,1,1,1
1775042880,565,14223,71.88,72.1025,72.77
1775042880,565,14221,17.65,17.7025,17.72
1775042880,565,14215,0,0,0
1775042880,565,14211,1,1,1
1775042940,565,14223,72.77,72.77,72.77
1775042940,565,14221,19.04,19.04,19.04
1775042940,565,14215,0,0,0
1775042940,565,14211,1,1,1
1775043000,565,14223,72.77,72.77,72.77
1775043000,565,14221,19.04,19.04,19.04
1775043000,565,14215,0,0,0
1775043000,565,14211,1,1,1
1775043060,565,14223,72.77,72.77,72.77
1775043060,565,14221,19.04,19.04,19.04
1775043060,565,14215,0,0,0
1775043060,565,14211,1,1,1
1775043120,565,14223,72.77,72.77,72.77
1775043120,565,14221,19.04,19.04,19.04
1775043120,565,14215,0,0,0
1775043120,565,14211,1,1,1
1775043180,565,14223,72.77,72.77,72.77
1775043180,565,14221,15.89,15.89,15.89
1775043180,565,14215,0,0,0
1775043180,565,14211,1,1,1
1775043240,565,14223,69.36,69.47,69.62
1775043240,565,14221,11.09,13.6667,15.02
1775043240,565,14215,0,0,0
1775043240,565,14211,1,1,1
1775043300,565,14223,69.5,69.5,69.5
1775043300,565,14221,17.13,17.13,17.13
1775043300,565,14215,0,0,0
1775043300,565,14211,1,1,1
1775043360,565,14223,69.89,69.89,69.89
1775043360,565,14221,15.06,15.06,15.06
1775043360,565,14215,0,0,0
1775043360,565,14211,1,1,1
1775043420,565,14223,69.28,69.4275,69.53
1775043420,565,14221,14.26,16.68,19.14
1775043420,565,14215,0,0,0
1775043420,565,14211,1,1,1
1775043480,565,14223,69.33,69.4225,69.51
1775043480,565,14221,11.77,12.8425,14.47
1775043480,565,14215,0,0,0
1775043480,565,14211,1,1,1
1775043540,565,14223,69.43,69.5725,69.62
1775043540,565,14221,10.49,12.0375,14.43
1775043540,565,14215,0,0,0
1775043540,565,14211,1,1,1
1775043600,565,14223,68.83,69.035,69.3
1775043600,565,14221,11.43,12.5325,14.13
1775043600,565,14215,0,0,0
1775043600,565,14211,1,1,1
1775043660,565,14223,68.26,68.3625,68.45
1775043660,565,14221,11.61,12.63,14.35
1775043660,565,14215,0,0,0
1775043660,565,14211,1,1,1
1775043720,565,14223,67.78,67.9,68
1775043720,565,14221,10.25,11.845,13.02
1775043720,565,14215,0,0,0
1775043720,565,14211,1,1,1
1775043780,565,14223,67.19,67.485,67.75
1775043780,565,14221,11.13,11.5825,11.76
1775043780,565,14215,0,0,0
1775043780,565,14211,1,1,1
1775043840,565,14223,67.01,67.1925,67.64
1775043840,565,14221,10.11,11.38,12.4
1775043840,565,14215,0,0,0
1775043840,565,14211,1,1,1
1775043900,565,14223,67.87,67.8875,67.92
1775043900,565,14221,10.71,11.18,11.83
1775043900,565,14215,0,0,0
1775043900,565,14211,1,1,1
1775043960,565,14223,67.55,67.68,67.78
1775043960,565,14221,11.06,11.5375,12.14
1775043960,565,14215,0,0,0
1775043960,565,14211,1,1,1
1775044020,565,14223,67.23,67.3267,67.41
1775044020,565,14221,10.49,10.9333,11.48
1775044020,565,14215,0,0,0
1775044020,565,14211,1,1,1
1775044080,565,14223,67.23,67.23,67.23
1775044080,565,14221,11.5,11.5,11.5
1775044080,565,14215,0,0,0
1775044080,565,14211,1,1,1
1775044140,565,14223,67.41,67.5925,67.82
1775044140,565,14221,12.14,13.2725,14.54
1775044140,565,14215,0,0,0
1775044140,565,14211,1,1,1
1775044200,565,14223,67.92,68.0925,68.17
1775044200,565,14221,11.96,12.435,13.01
1775044200,565,14215,0,0,0
1775044200,565,14211,1,1,1
1775044260,565,14223,68.02,68.1425,68.24
1775044260,565,14221,12.36,12.63,13.12
1775044260,565,14215,0,0,0
1775044260,565,14211,1,1,1
1775044320,565,14223,67.7,67.8725,67.99
1775044320,565,14221,11.61,12.145,12.84
1775044320,565,14215,0,0,0
1775044320,565,14211,1,1,1
1775044380,565,14223,67.6,67.6,67.6
1775044380,565,14221,12.23,12.85,13.76
1775044380,565,14215,0,0,0
1775044380,565,14211,1,1,1
1775044440,565,14223,67.82,67.82,67.82
1775044440,565,14221,11.12,11.985,12.86
1775044440,565,14215,0,0,0
1775044440,565,14211,1,1,1
1775044500,565,14223,67.96,68.0225,68.06
1775044500,565,14221,10.97,11.815,12.9
1775044500,565,14215,0,0,0
1775044500,565,14211,1,1,1
1775044560,565,14223,68.16,68.2175,68.31
1775044560,565,14221,11.61,12.1925,12.47
1775044560,565,14215,0,0,0
1775044560,565,14211,1,1,1
1775044620,565,14223,68.3,68.345,68.41
1775044620,565,14221,12.15,12.5875,13
1775044620,565,14215,0,0,0
1775044620,565,14211,1,1,1
1775044680,565,14223,68.41,68.41,68.41
1775044680,565,14221,11.78,12.03,12.38
1775044680,565,14215,0,0,0
1775044680,565,14211,1,1,1
1775044740,565,14223,67.5,67.9825,68.25
1775044740,565,14221,11.93,12.3875,12.75
1775044740,565,14215,0,0,0
1775044740,565,14211,1,1,1
1775044800,565,14223,67.13,68.0825,68.4
1775044800,565,14221,13.14,13.2025,13.39
1775044800,565,14215,0,0,0
1775044800,565,14211,1,1,1
1775044860,565,14223,66.93,67.0567,67.12
1775044860,565,14221,12.48,12.6033,12.84
1775044860,565,14215,0,0,0
1775044860,565,14211,1,1,1
1775044920,565,14223,67.12,67.12,67.12
1775044920,565,14221,12.88,12.88,12.88
1775044920,565,14215,0,0,0
1775044920,565,14211,1,1,1
1775044980,565,14223,67.93,67.93,67.93
1775044980,565,14221,12.23,12.23,12.23
1775044980,565,14215,0,0,0
1775044980,565,14211,1,1,1
1775045040,565,14223,68.04,68.2,68.33
1775045040,565,14221,12.18,12.6725,13.55
1775045040,565,14215,0,0,0
1775045040,565,14211,1,1,1
1775045100,565,14223,68.33,68.7525,69.03
1775045100,565,14221,11.47,12.62,13.58
1775045100,565,14215,0,0,0
1775045100,565,14211,1,1,1
1775045160,565,14223,68.97,68.985,69
1775045160,565,14221,11.65,12.405,13.32
1775045160,565,14215,0,0,0
1775045160,565,14211,1,1,1
1775045220,565,14223,68.83,68.8675,68.97
1775045220,565,14221,11.56,12.66,14.35
1775045220,565,14215,0,0,0
1775045220,565,14211,1,1,1
1775045280,565,14223,67.69,68.4125,68.73
1775045280,565,14221,12.64,14.0825,15.21
1775045280,565,14215,0,0,0
1775045280,565,14211,1,1,1
1775045340,565,14223,67.5,67.6275,67.69
1775045340,565,14221,12.42,13.6675,15.5
1775045340,565,14215,0,0,0
1775045340,565,14211,1,1,1
1775045400,565,14223,67.61,67.6675,67.7
1775045400,565,14221,14.05,15.145,16.23
1775045400,565,14215,0,0,0
1775045400,565,14211,1,1,1
1775045460,565,14223,68.01,68.3175,68.56
1775045460,565,14221,12.84,16.92,20.71
1775045460,565,14215,0,0,0
1775045460,565,14211,1,1,1
1775045520,565,14223,68.59,68.77,68.85
1775045520,565,14221,11.78,12.7125,13.76
1775045520,565,14215,0,0,0
1775045520,565,14211,1,1,1
1775045580,565,14223,68.85,68.8933,68.92
1775045580,565,14221,11.8,11.9933,12.12
1775045580,565,14215,0,0,0
1775045580,565,14211,1,1,1
1775045640,565,14223,68.92,68.92,68.92
1775045640,565,14221,11.74,11.74,11.74
1775045640,565,14215,0,0,0
1775045640,565,14211,1,1,1
1775045700,565,14223,69.01,69.0825,69.17
1775045700,565,14221,11.73,11.9575,12.31
1775045700,565,14215,0,0,0
1775045700,565,14211,1,1,1
1775045760,565,14223,69.31,69.4,69.43
1775045760,565,14221,10.9,12.335,13.73
1775045760,565,14215,0,0,0
1775045760,565,14211,1,1,1
1775045820,565,14223,69.41,69.41,69.41
1775045820,565,14221,11.33,13.93,15.77
1775045820,565,14215,0,0,0
1775045820,565,14211,1,1,1
1775045880,565,14223,76.97,77.295,77.56
1775045880,565,14221,11.97,13.375,15.27
1775045880,565,14215,0,0,0
1775045880,565,14211,1,1,1
1775045940,565,14223,76.17,76.88,77.75
1775045940,565,14221,11.75,12.2575,13.29
1775045940,565,14215,0,0,0
1775045940,565,14211,1,1,1
1775046000,565,14223,69.41,71.345,77.15
1775046000,565,14221,11.98,13.3225,14.81
1775046000,565,14215,0,0,0
1775046000,565,14211,1,1,1
1775046060,565,14223,69.41,69.4575,69.5
1775046060,565,14221,12.49,13.83,15.14
1775046060,565,14215,0,0,0
1775046060,565,14211,1,1,1
1775046120,565,14223,69.3,69.38,69.5
1775046120,565,14221,11.8,14.8025,17.78
1775046120,565,14215,0,0,0
1775046120,565,14211,1,1,1
1775046180,565,14223,69.3,69.305,69.31
1775046180,565,14221,10.98,11.4325,11.67
1775046180,565,14215,0,0,0
1775046180,565,14211,1,1,1
1775046240,565,14223,69.28,69.3025,69.31
1775046240,565,14221,10.67,13.6425,17.35
1775046240,565,14215,0,0,0
1775046240,565,14211,1,1,1
1775046300,565,14223,69.28,69.28,69.28
1775046300,565,14221,12.03,12.99,13.52
1775046300,565,14215,0,0,0
1775046300,565,14211,1,1,1
1775046360,565,14223,69.58,69.58,69.58
1775046360,565,14221,13.06,13.06,13.06
1775046360,565,14215,0,0,0
1775046360,565,14211,1,1,1
1775046420,565,14223,69.83,69.894,70.15
1775046420,565,14221,12.21,12.772,13.7
1775046420,565,14215,0,0,0
1775046420,565,14211,1,1,1
1775046480,565,14223,69.53,69.9,70.15
1775046480,565,14221,11.65,13.19,15.44
1775046480,565,14215,0,0,0
1775046480,565,14211,1,1,1
1775046540,565,14223,69.29,69.32,69.33
1775046540,565,14221,11.84,12.5125,13.42
1775046540,565,14215,0,0,0
1775046540,565,14211,1,1,1
1775046600,565,14223,69.32,69.375,69.4
1775046600,565,14221,11.16,11.5725,11.78
1775046600,565,14215,0,0,0
1775046600,565,14211,1,1,1
1775046660,565,14223,69.12,69.12,69.12
1775046660,565,14221,11.43,12.0675,13.23
1775046660,565,14215,0,0,0
1775046660,565,14211,1,1,1
1775046720,565,14223,68.2,68.4825,68.79
1775046720,565,14221,12.12,13.4925,16.1
1775046720,565,14215,0,0,0
1775046720,565,14211,1,1,1
1775046780,565,14223,68.21,68.3375,68.39
1775046780,565,14221,12.76,15.63,18.85
1775046780,565,14215,0,0,0
1775046780,565,14211,1,1,1
1775046840,565,14223,68.11,68.2275,68.32
1775046840,565,14221,10.56,10.87,11.14
1775046840,565,14215,0,0,0
1775046840,565,14211,1,1,1
1775046900,565,14223,67.86,68.06,68.23
1775046900,565,14221,9.56,9.98,10.62
1775046900,565,14215,0,0,0
1775046900,565,14211,1,1,1
1775046960,565,14223,67.58,67.59,67.62
1775046960,565,14221,9.56,11.78,13.74
1775046960,565,14215,0,0,0
1775046960,565,14211,1,1,1
1775047020,565,14223,67.58,68.56,70.52
1775047020,565,14221,16.04,16.92,17.68
1775047020,565,14215,0,0,0
1775047020,565,14211,1,1,1
1775047080,565,14223,70.52,70.5283,70.57
1775047080,565,14221,16.51,17.485,17.68
1775047080,565,14215,0,0,0
1775047080,565,14211,1,1,1
1775047140,565,14223,66.76,67.0025,67.52
1775047140,565,14221,11.8,13.045,15.39
1775047140,565,14215,0,0,0
1775047140,565,14211,1,1,1
1775047200,565,14223,0,0,0
1775047200,565,14221,0,0,0
1775047200,565,14215,0,0,0
1775047200,565,14211,1,1,1
1775047260,565,14223,69.46,69.46,69.46
1775047260,565,14221,13.05,13.05,13.05
1775047260,565,14215,0,0,0
1775047260,565,14211,1,1,1
1775047320,565,14223,66.5,67.8667,70.57
1775047320,565,14221,12.92,13.4767,14.04
1775047320,565,14215,0,0,0
1775047320,565,14211,1,1,1
1775047380,565,14223,70.57,70.645,70.72
1775047380,565,14221,13.47,13.77,14.07
1775047380,565,14215,0,0,0
1775047380,565,14211,1,1,1
1775047440,565,14223,70.72,70.72,70.72
1775047440,565,14221,14.07,14.07,14.07
1775047440,565,14215,0,0,0
1775047440,565,14211,1,1,1
1775047500,565,14223,66.83,70.8725,72.22
1775047500,565,14221,14.77,15.895,17.85
1775047500,565,14215,0,0,0
1775047500,565,14211,1,1,1
1775047560,565,14223,66.83,66.9175,67.04
1775047560,565,14221,10.57,11.9,12.64
1775047560,565,14215,0,0,0
1775047560,565,14211,1,1,1
1775047620,565,14223,66.58,66.8475,67
1775047620,565,14221,9.99,10.5,11.07
1775047620,565,14215,0,0,0
1775047620,565,14211,1,1,1
1775047680,565,14223,66.6,66.885,67.04
1775047680,565,14221,9.61,11.7,13.02
1775047680,565,14215,0,0,0
1775047680,565,14211,1,1,1
1775047740,565,14223,67.04,69.56,70.46
1775047740,565,14221,12.44,14.0725,15.51
1775047740,565,14215,0,0,0
1775047740,565,14211,1,1,1
1775047800,565,14223,66.83,67.675,69.77
1775047800,565,14221,11.38,13.245,15.01
1775047800,565,14215,0,0,0
1775047800,565,14211,1,1,1
1775047860,565,14223,65.75,66.3225,66.79
1775047860,565,14221,11.08,11.485,11.71
1775047860,565,14215,0,0,0
1775047860,565,14211,1,1,1
1775047920,565,14223,65.33,65.445,65.57
1775047920,565,14221,9.81,10.7175,12.35
1775047920,565,14215,0,0,0
1775047920,565,14211,1,1,1
1775047980,565,14223,66.17,66.4375,66.67
1775047980,565,14221,10.11,11.8275,13.66
1775047980,565,14215,0,0,0
1775047980,565,14211,1,1,1
1775048040,565,14223,65.15,65.57,66.07
1775048040,565,14221,8.88,10.23,11.39
1775048040,565,14215,0,0,0
1775048040,565,14211,1,1,1
1775048100,565,14223,65.15,65.7425,66.44
1775048100,565,14221,11.39,14.2,17.55
1775048100,565,14215,0,0,0
1775048100,565,14211,1,1,1
1775048160,565,14223,66.23,66.3725,66.75
1775048160,565,14221,12.84,16.0375,17.55
1775048160,565,14215,0,0,0
1775048160,565,14211,1,1,1
1775048220,565,14223,63.43,64.3375,65.96
1775048220,565,14221,10.36,11.4175,12.58
1775048220,565,14215,0,0,0
1775048220,565,14211,1,1,1
1775048280,565,14223,0,0,0
1775048280,565,14221,0,0,0
1775048280,565,14215,0,0,0
1775048280,565,14211,1,1,1
1775048340,565,14223,65.96,65.96,65.96
1775048340,565,14221,10.36,10.36,10.36
1775048340,565,14215,0,0,0
1775048340,565,14211,1,1,1
1775048400,565,14223,0,0,0
1775048400,565,14221,0,0,0
1775048400,565,14215,0,0,0
1775048400,565,14211,1,1,1
1775048460,565,14223,65.96,65.96,65.96
1775048460,565,14221,10.36,10.36,10.36
1775048460,565,14215,0,0,0
1775048460,565,14211,1,1,1
1775048520,565,14223,65.96,65.96,65.96
1775048520,565,14221,10.36,10.36,10.36
1775048520,565,14215,0,0,0
1775048520,565,14211,1,1,1
1775048580,565,14223,63.49,65.558,66.2
1775048580,565,14221,11.62,14.692,15.46
1775048580,565,14215,0,0,0
1775048580,565,14211,1,1,1
1775048640,565,14223,63.49,64.6325,67.93
1775048640,565,14221,11.87,12.65,13.17
1775048640,565,14215,0,0,0
1775048640,565,14211,1,1,1
1775048700,565,14223,63.67,63.895,64.11
1775048700,565,14221,11.65,12.8775,15.44
1775048700,565,14215,0,0,0
1775048700,565,14211,1,1,1
1775048760,565,14223,62.76,63.96,66.01
1775048760,565,14221,10.53,14.4467,17.58
1775048760,565,14215,0,0,0
1775048760,565,14211,1,1,1
1775048820,565,14223,66.01,66.01,66.01
1775048820,565,14221,17.58,17.58,17.58
1775048820,565,14215,0,0,0
1775048820,565,14211,1,1,1
1775048880,565,14223,63.88,64.6075,65.27
1775048880,565,14221,10.33,10.86,11.66
1775048880,565,14215,0,0,0
1775048880,565,14211,1,1,1
1775048940,565,14223,65.27,65.5025,65.58
1775048940,565,14221,10.56,11.945,15.4
1775048940,565,14215,0,0,0
1775048940,565,14211,1,1,1
1775049000,565,14223,65.53,65.57,65.61
1775049000,565,14221,9.71,10.3425,10.92
1775049000,565,14215,0,0,0
1775049000,565,14211,1,1,1
1775049060,565,14223,65.57,65.6075,65.62
1775049060,565,14221,9.79,10.075,10.41
1775049060,565,14215,0,0,0
1775049060,565,14211,1,1,1
1775049120,565,14223,65.62,68.4425,71.27
1775049120,565,14221,10.43,10.98,11.57
1775049120,565,14215,0,0,0
1775049120,565,14211,1,1,1
1775049180,565,14223,65.71,66.0625,66.29
1775049180,565,14221,11.91,12.5525,12.91
1775049180,565,14215,0,0,0
1775049180,565,14211,1,1,1
1775049240,565,14223,66.05,67.8775,69.64
1775049240,565,14221,11.16,12.2225,13.63
1775049240,565,14215,0,0,0
1775049240,565,14211,1,1,1
1775049300,565,14223,65.96,68.015,70.5
1775049300,565,14221,11.02,12.395,14.95
1775049300,565,14215,0,0,0
1775049300,565,14211,1,1,1
1775049360,565,14223,65.68,65.75,65.83
1775049360,565,14221,13.8,15.73,17.51
1775049360,565,14215,0,0,0
1775049360,565,14211,1,1,1
1775049420,565,14223,65.93,65.93,65.93
1775049420,565,14221,16.68,16.68,16.68
1775049420,565,14215,0,0,0
1775049420,565,14211,1,1,1
1775049480,565,14223,69.04,69.04,69.04
1775049480,565,14221,16.3,16.3,16.3
1775049480,565,14215,0,0,0
1775049480,565,14211,1,1,1
1775049540,565,14223,69.04,69.04,69.04
1775049540,565,14221,16.3,16.3,16.3
1775049540,565,14215,0,0,0
1775049540,565,14211,1,1,1
1775049600,565,14223,65.98,66.1275,66.18
1775049600,565,14221,11.18,11.765,12.5
1775049600,565,14215,0,0,0
1775049600,565,14211,1,1,1
1775049660,565,14223,65.95,66.0075,66.07
1775049660,565,14221,13.1,14.255,17.24
1775049660,565,14215,0,0,0
1775049660,565,14211,1,1,1
1775049720,565,14223,64.58,65.0975,65.59
1775049720,565,14221,14.69,16.9825,18.83
1775049720,565,14215,0,0,0
1775049720,565,14211,1,1,1
1775049780,565,14223,63.83,64.015,64.3
1775049780,565,14221,11.37,12.3825,14.15
1775049780,565,14215,0,0,0
1775049780,565,14211,1,1,1
1775049840,565,14223,63.85,64.3675,64.9
1775049840,565,14221,14.64,15.45,16.69
1775049840,565,14215,0,0,0
1775049840,565,14211,1,1,1
1775049900,565,14223,65.27,65.4375,65.76
1775049900,565,14221,10.05,11.3725,12.52
1775049900,565,14215,0,0,0
1775049900,565,14211,1,1,1
1775049960,565,14223,65.76,65.775,65.79
1775049960,565,14221,9.9,11.9075,13.2
1775049960,565,14215,0,0,0
1775049960,565,14211,1,1,1
1775050020,565,14223,65.65,65.65,65.65
1775050020,565,14221,12.86,14.54,16.27
1775050020,565,14215,0,0,0
1775050020,565,14211,1,1,1
1775050080,565,14223,72.81,72.81,72.81
1775050080,565,14221,15.97,15.97,15.97
1775050080,565,14215,0,0,0
1775050080,565,14211,1,1,1
1775050140,565,14223,72.81,73.13,74.09
1775050140,565,14221,11.9,14.06,15.97
1775050140,565,14215,0,0,0
1775050140,565,14211,1,1,1
1775050200,565,14223,66.15,68.015,73.4
1775050200,565,14221,10.77,13.19,15.25
1775050200,565,14215,0,0,0
1775050200,565,14211,1,1,1
1775050260,565,14223,66.36,72.5775,74.65
1775050260,565,14221,11.19,11.8275,12.04
1775050260,565,14215,0,0,0
1775050260,565,14211,1,1,1
1775050320,565,14223,74.65,74.65,74.65
1775050320,565,14221,12.04,12.04,12.04
1775050320,565,14215,0,0,0
1775050320,565,14211,1,1,1
1775050380,565,14223,74.65,75.1625,76.7
1775050380,565,14221,12.04,12.7125,14.73
1775050380,565,14215,0,0,0
1775050380,565,14211,1,1,1
1775050440,565,14223,74.54,75.5475,76.93
1775050440,565,14221,12.24,14.2425,16.15
1775050440,565,14215,0,0,0
1775050440,565,14211,1,1,1
1775050500,565,14223,66.36,70.73,75.61
1775050500,565,14221,14.12,16.2825,17.18
1775050500,565,14215,0,0,0
1775050500,565,14211,1,1,1
1775050560,565,14223,67.23,69.345,75.69
1775050560,565,14221,11.94,14.4375,17.77
1775050560,565,14215,0,0,0
1775050560,565,14211,1,1,1
1775050620,565,14223,67.23,73.065,75.69
1775050620,565,14221,11.94,12.875,15.29
1775050620,565,14215,0,0,0
1775050620,565,14211,1,1,1
1775050680,565,14223,66.93,67.08,67.23
1775050680,565,14221,9.8,11.8875,16.01
1775050680,565,14215,0,0,0
1775050680,565,14211,1,1,1
1775050740,565,14223,66.79,66.8625,67.04
1775050740,565,14221,10.1,10.3325,10.49
1775050740,565,14215,0,0,0
1775050740,565,14211,1,1,1
1775050800,565,14223,67.55,67.565,67.57
1775050800,565,14221,9.88,11.0575,11.78
1775050800,565,14215,0,0,0
1775050800,565,14211,1,1,1
1775050860,565,14223,67.56,67.725,68.02
1775050860,565,14221,10.64,11.6475,12.45
1775050860,565,14215,0,0,0
1775050860,565,14211,1,1,1
1775050920,565,14223,68.17,68.4325,68.76
1775050920,565,14221,10.74,11.27,12.08
1775050920,565,14215,0,0,0
1775050920,565,14211,1,1,1
1775050980,565,14223,68.64,69.305,69.93
1775050980,565,14221,10.74,12.1775,15.42
1775050980,565,14215,0,0,0
1775050980,565,14211,1,1,1
1775051040,565,14223,67.67,68.1875,68.64
1775051040,565,14221,13.08,15.5725,17.59
1775051040,565,14215,0,0,0
1775051040,565,14211,1,1,1
1775051100,565,14223,67.52,67.5533,67.57
1775051100,565,14221,13.85,14.3867,14.77
1775051100,565,14215,0,0,0
1775051100,565,14211,1,1,1
1775051160,565,14223,67.77,67.77,67.77
1775051160,565,14221,18.35,18.35,18.35
1775051160,565,14215,0,0,0
1775051160,565,14211,1,1,1
1775051220,565,14223,71.08,71.08,71.08
1775051220,565,14221,15.76,15.76,15.76
1775051220,565,14215,0,0,0
1775051220,565,14211,1,1,1
1775051280,565,14223,71.48,71.7533,72.3
1775051280,565,14221,11.96,13.4967,16.57
1775051280,565,14215,0,0,0
1775051280,565,14211,1,1,1
1775051340,565,14223,71.94,72.0033,72.32
1775051340,565,14221,13.19,14.1183,18.76
1775051340,565,14215,0,0,0
1775051340,565,14211,1,1,1
1775051400,565,14223,67.73,69.6625,71.94
1775051400,565,14221,13.19,15.7975,17.39
1775051400,565,14215,0,0,0
1775051400,565,14211,1,1,1
1775051460,565,14223,67.73,71.7812,72.36
1775051460,565,14221,16.8,16.8,16.8
1775051460,565,14215,0,0.2,1
1775051460,565,14211,1,1,1
1775051520,565,14223,67.73,70.1075,72.36
1775051520,565,14221,14.76,17.51,19.42
1775051520,565,14215,0,0,0
1775051520,565,14211,1,1,1
1775051580,565,14223,67.83,67.83,67.83
1775051580,565,14221,14.81,15.2,15.9
1775051580,565,14215,0,0,0
1775051580,565,14211,1,1,1
1775051640,565,14223,67.83,67.83,67.83
1775051640,565,14221,13.45,13.45,13.45
1775051640,565,14215,0,0,0
1775051640,565,14211,1,1,1
1775051700,565,14223,67.46,67.46,67.46
1775051700,565,14221,10.73,10.73,10.73
1775051700,565,14215,0,0,0
1775051700,565,14211,1,1,1
1775051760,565,14223,67.08,71.7,74.78
1775051760,565,14221,11.37,12.282,12.51
1775051760,565,14215,0,0,0
1775051760,565,14211,1,1,1
1775051820,565,14223,67.03,70.905,75.25
1775051820,565,14221,10.1,12.0525,15.18
1775051820,565,14215,0,0,0
1775051820,565,14211,1,1,1
1775051880,565,14223,67.11,67.475,67.93
1775051880,565,14221,11.15,12.07,13.03
1775051880,565,14215,0,0,0
1775051880,565,14211,1,1,1
1775051940,565,14223,67.93,68.1175,68.4
1775051940,565,14221,9.42,10.2175,11.14
1775051940,565,14215,0,0,0
1775051940,565,14211,1,1,1
1775052000,565,14223,68.4,68.4,68.4
1775052000,565,14221,12.67,13.8933,15.47
1775052000,565,14215,0,0,0
1775052000,565,14211,1,1,1
1775052060,565,14223,68.39,68.39,68.39
1775052060,565,14221,10.41,10.41,10.41
1775052060,565,14215,0,0,0
1775052060,565,14211,1,1,1
1775052120,565,14223,68.53,68.8425,69.13
1775052120,565,14221,10.46,11.0125,11.42
1775052120,565,14215,0,0,0
1775052120,565,14211,1,1,1
1775052180,565,14223,67.91,68.195,68.4
1775052180,565,14221,10.38,11.99,13.49
1775052180,565,14215,0,0,0
1775052180,565,14211,1,1,1
1775052240,565,14223,67.53,67.53,67.53
1775052240,565,14221,12.37,13.3825,15.51
1775052240,565,14215,0,0,0
1775052240,565,14211,1,1,1
1775052300,565,14223,67.31,68.518,68.82
1775052300,565,14221,11.26,11.402,11.97
1775052300,565,14215,0,0,0
1775052300,565,14211,1,1,1
1775052360,565,14223,65.77,66.77,68.82
1775052360,565,14221,11.26,14.9586,17.51
1775052360,565,14215,0,0,0
1775052360,565,14211,1,1,1
1775052420,565,14223,65.77,65.77,65.77
1775052420,565,14221,11.86,13.95,15.52
1775052420,565,14215,0,0,0
1775052420,565,14211,1,1,1
1775052480,565,14223,64.39,65.06,65.77
1775052480,565,14221,9.69,10.77,11.89
1775052480,565,14215,0,0,0
1775052480,565,14211,1,1,1
1775052540,565,14223,64.12,64.3,64.39
1775052540,565,14221,8.84,9.32333,9.6
1775052540,565,14215,0,0,0
1775052540,565,14211,1,1,1
1775052600,565,14223,64.12,64.12,64.12
1775052600,565,14221,10,10,10
1775052600,565,14215,0,0,0
1775052600,565,14211,1,1,1
1775052660,565,14223,63.42,63.74,64.36
1775052660,565,14221,10.82,11.935,14.23
1775052660,565,14215,0,0,0
1775052660,565,14211,1,1,1
1775052720,565,14223,64.61,64.7475,64.9
1775052720,565,14221,11.66,12.6325,13.84
1775052720,565,14215,0,0,0
1775052720,565,14211,1,1,1
1775052780,565,14223,65.34,66.0225,66.39
1775052780,565,14221,9.66,10.46,10.86
1775052780,565,14215,0,0,0
1775052780,565,14211,1,1,1
1775052840,565,14223,66.39,66.9225,67.46
1775052840,565,14221,12.75,16.1675,18.75
1775052840,565,14215,0,0,0
1775052840,565,14211,1,1,1
1775052900,565,14223,67.73,67.88,67.93
1775052900,565,14221,15.79,17.6125,20.33
1775052900,565,14215,0,0,0
1775052900,565,14211,1,1,1
1775052960,565,14223,67.93,68.2375,68.5
1775052960,565,14221,10.88,11.46,11.88
1775052960,565,14215,0,0,0
1775052960,565,14211,1,1,1
1775053020,565,14223,68.55,68.55,68.55
1775053020,565,14221,14.73,14.73,14.73
1775053020,565,14215,0,0,0
1775053020,565,14211,1,1,1
1775053080,565,14223,0,0,0
1775053080,565,14221,0,0,0
1775053080,565,14215,0,0,0
1775053080,565,14211,1,1,1
1775053140,565,14223,68.55,68.55,68.55
1775053140,565,14221,14.73,14.73,14.73
1775053140,565,14215,0,0,0
1775053140,565,14211,1,1,1
1775053200,565,14223,67.77,68.5425,69.09
1775053200,565,14221,18.38,18.7,19.18
1775053200,565,14215,0,0,0
1775053200,565,14211,1,1,1
1775053260,565,14223,67.28,67.8633,69.03
1775053260,565,14221,16.01,18.4867,20.31
1775053260,565,14215,0,0,0
1775053260,565,14211,1,1,1
1775053320,565,14223,69.03,69.1325,69.44
1775053320,565,14221,15.04,15.7675,16.01
1775053320,565,14215,0,0,0
1775053320,565,14211,1,1,1
1775053380,565,14223,69.44,69.44,69.44
1775053380,565,14221,16.06,16.06,16.06
1775053380,565,14215,0,0,0
1775053380,565,14211,1,1,1
1775053440,565,14223,69.44,69.44,69.44
1775053440,565,14221,16.06,16.06,16.06
1775053440,565,14215,0,0,0
1775053440,565,14211,1,1,1
1775053500,565,14223,0,0,0
1775053500,565,14221,0,0,0
1775053500,565,14215,0,0,0
1775053500,565,14211,1,1,1
1775053560,565,14223,0,0,0
1775053560,565,14221,0,0,0
1775053560,565,14215,0,0,0
1775053560,565,14211,1,1,1
1775053620,565,14223,71,71.1125,71.29
1775053620,565,14221,13.95,14.4675,15.18
1775053620,565,14215,0,0,0
1775053620,565,14211,1,1,1
1775053680,565,14223,71.29,71.29,71.29
1775053680,565,14221,15.18,15.18,15.18
1775053680,565,14215,0,0,0
1775053680,565,14211,1,1,1
1775053740,565,14223,71.29,71.29,71.29
1775053740,565,14221,15.18,15.18,15.18
1775053740,565,14215,0,0,0
1775053740,565,14211,1,1,1
1775053800,565,14223,71.21,71.21,71.21
1775053800,565,14221,14.62,14.62,14.62
1775053800,565,14215,0,0,0
1775053800,565,14211,1,1,1
1775053860,565,14223,71.21,72.1925,72.52
1775053860,565,14221,14.62,15.805,16.2
1775053860,565,14215,0,0,0
1775053860,565,14211,1,1,1
1775053920,565,14223,72.52,72.52,72.52
1775053920,565,14221,16.2,16.2,16.2
1775053920,565,14215,0,0,0
1775053920,565,14211,1,1,1
1775053980,565,14223,72.52,72.52,72.52
1775053980,565,14221,16.2,16.2,16.2
1775053980,565,14215,0,0,0
1775053980,565,14211,1,1,1
1775054040,565,14223,72.52,72.52,72.52
1775054040,565,14221,16.2,16.2,16.2
1775054040,565,14215,0,0,0
1775054040,565,14211,1,1,1
1775054100,565,14223,67.28,71.008,71.94
1775054100,565,14221,16.2,16.2,16.2
1775054100,565,14215,0,0,0
1775054100,565,14211,1,1,1
1775054160,565,14223,71.94,71.94,71.94
1775054160,565,14221,16.2,16.2,16.2
1775054160,565,14215,0,0,0
1775054160,565,14211,1,1,1
1775054220,565,14223,71.94,71.94,71.94
1775054220,565,14221,16.2,16.2,16.2
1775054220,565,14215,0,0,0
1775054220,565,14211,1,1,1
1775054280,565,14223,71.78,71.78,71.78
1775054280,565,14221,18.43,18.43,18.43
1775054280,565,14215,0,0,0
1775054280,565,14211,1,1,1
1775054340,565,14223,71.78,71.78,71.78
1775054340,565,14221,18.43,18.43,18.43
1775054340,565,14215,0,0,0
1775054340,565,14211,1,1,1
1775054400,565,14223,71.78,71.78,71.78
1775054400,565,14221,18.43,18.43,18.43
1775054400,565,14215,0,0,0
1775054400,565,14211,1,1,1
1775054460,565,14223,71.36,71.36,71.36
1775054460,565,14221,18.59,18.59,18.59
1775054460,565,14215,0,0,0
1775054460,565,14211,1,1,1
1775054520,565,14223,71.36,71.36,71.36
1775054520,565,14221,18.59,18.59,18.59
1775054520,565,14215,0,0,0
1775054520,565,14211,1,1,1
1775054580,565,14223,67.28,70,71.36
1775054580,565,14221,14.9,17.36,18.59
1775054580,565,14215,0,0,0
1775054580,565,14211,1,1,1
1775054640,565,14223,0,0,0
1775054640,565,14221,0,0,0
1775054640,565,14215,0,0,0
1775054640,565,14211,1,1,1
1775054700,565,14223,72.23,72.23,72.23
1775054700,565,14221,14.48,14.48,14.48
1775054700,565,14215,0,0,0
1775054700,565,14211,1,1,1
1775054760,565,14223,71.64,71.88,72.6
1775054760,565,14221,14.89,16.765,17.39
1775054760,565,14215,0,0,0
1775054760,565,14211,1,1,1
1775054820,565,14223,71.79,72.14,72.43
1775054820,565,14221,13.43,14.9275,16.94
1775054820,565,14215,0,0,0
1775054820,565,14211,1,1,1
1775054880,565,14223,71.86,71.86,71.86
1775054880,565,14221,18.27,18.27,18.27
1775054880,565,14215,0,0,0
1775054880,565,14211,1,1,1
1775054940,565,14223,71.86,71.86,71.86
1775054940,565,14221,18.27,18.27,18.27
1775054940,565,14215,0,0,0
1775054940,565,14211,1,1,1
1775055000,565,14223,71.86,71.86,71.86
1775055000,565,14221,18.27,18.27,18.27
1775055000,565,14215,0,0,0
1775055000,565,14211,1,1,1
1775055060,565,14223,71.86,71.86,71.86
1775055060,565,14221,18.27,18.27,18.27
1775055060,565,14215,0,0,0
1775055060,565,14211,1,1,1
1775055120,565,14223,0,0,0
1775055120,565,14221,0,0,0
1775055120,565,14215,0,0,0
1775055120,565,14211,1,1,1
1775055180,565,14223,71.86,71.86,71.86
1775055180,565,14221,18.27,18.27,18.27
1775055180,565,14215,0,0,0
1775055180,565,14211,1,1,1
1775055240,565,14223,71.86,71.86,71.86
1775055240,565,14221,18.27,18.27,18.27
1775055240,565,14215,0,0,0
1775055240,565,14211,1,1,1
1775055300,565,14223,71.86,71.86,71.86
1775055300,565,14221,18.27,18.27,18.27
1775055300,565,14215,0,0,0
1775055300,565,14211,1,1,1
1775055360,565,14223,71.86,71.86,71.86
1775055360,565,14221,18.27,18.27,18.27
1775055360,565,14215,0,0,0
1775055360,565,14211,1,1,1
1775055420,565,14223,71.86,71.86,71.86
1775055420,565,14221,18.27,18.27,18.27
1775055420,565,14215,0,0,0
1775055420,565,14211,1,1,1
1775055480,565,14223,0,0,0
1775055480,565,14221,0,0,0
1775055480,565,14215,0,0,0
1775055480,565,14211,1,1,1
1775055540,565,14223,71.43,71.7525,71.86
1775055540,565,14221,18.27,18.42,18.87
1775055540,565,14215,0,0,0
1775055540,565,14211,1,1,1
1775055600,565,14223,71.43,71.49,71.67
1775055600,565,14221,17.16,18.4425,18.87
1775055600,565,14215,0,0,0
1775055600,565,14211,1,1,1
1775055660,565,14223,71.23,71.56,71.67
1775055660,565,14221,15.47,16.7375,17.16
1775055660,565,14215,0,0,0
1775055660,565,14211,1,1,1
1775055720,565,14223,71.49,71.5975,71.87
1775055720,565,14221,14.64,16.745,18.56
1775055720,565,14215,0,0,0
1775055720,565,14211,1,1,1
1775055780,565,14223,71.49,71.49,71.49
1775055780,565,14221,18.56,18.56,18.56
1775055780,565,14215,0,0,0
1775055780,565,14211,1,1,1
1775055840,565,14223,71.49,71.49,71.49
1775055840,565,14221,18.56,18.56,18.56
1775055840,565,14215,0,0,0
1775055840,565,14211,1,1,1
1775055900,565,14223,71.49,71.49,71.49
1775055900,565,14221,18.56,18.56,18.56
1775055900,565,14215,0,0,0
1775055900,565,14211,1,1,1
1775055960,565,14223,66.72,68.0875,71.49
1775055960,565,14221,11.71,14.22,18.56
1775055960,565,14215,0,0,0
1775055960,565,14211,1,1,1
1775056020,565,14223,66.72,66.885,66.94
1775056020,565,14221,12.23,14.305,15.87
1775056020,565,14215,0,0,0
1775056020,565,14211,1,1,1
1775056080,565,14223,66.82,66.885,66.94
1775056080,565,14221,11.49,12.835,13.95
1775056080,565,14215,0,0,0
1775056080,565,14211,1,1,1
1775056140,565,14223,69.11,69.15,69.23
1775056140,565,14221,12.38,12.38,12.38
1775056140,565,14215,0,0,0
1775056140,565,14211,1,1,1
1775056200,565,14223,66.8,66.8,66.8
1775056200,565,14221,11.22,11.22,11.22
1775056200,565,14215,0,0,0
1775056200,565,14211,1,1,1
1775056260,565,14223,69.1,69.71,69.98
1775056260,565,14221,10.13,11.6825,12.2
1775056260,565,14215,0,0,0
1775056260,565,14211,1,1,1
1775056320,565,14223,69.88,69.88,69.88
1775056320,565,14221,12.2,12.2,12.2
1775056320,565,14215,0,0,0
1775056320,565,14211,1,1,1
1775056380,565,14223,69.88,69.88,69.88
1775056380,565,14221,12.2,12.2,12.2
1775056380,565,14215,0,0,0
1775056380,565,14211,1,1,1
1775056440,565,14223,69.88,70.63,71.15
1775056440,565,14221,12.2,14.3525,15.85
1775056440,565,14215,0,0,0
1775056440,565,14211,1,1,1
1775056500,565,14223,70.49,70.49,70.49
1775056500,565,14221,18.34,18.34,18.34
1775056500,565,14215,0,0,0
1775056500,565,14211,1,1,1
1775056560,565,14223,70.49,70.49,70.49
1775056560,565,14221,18.34,18.34,18.34
1775056560,565,14215,0,0,0
1775056560,565,14211,1,1,1
1775056620,565,14223,70.49,70.49,70.49
1775056620,565,14221,18.34,18.34,18.34
1775056620,565,14215,0,0,0
1775056620,565,14211,1,1,1
1775056680,565,14223,67.66,69.04,70.42
1775056680,565,14221,12.4,13.06,13.28
1775056680,565,14215,0,0,0
1775056680,565,14211,1,1,1
1775056740,565,14223,68.25,69.9675,70.54
1775056740,565,14221,9.2,10.5575,11.01
1775056740,565,14215,0,0,0
1775056740,565,14211,1,1,1
1775056800,565,14223,68.53,69.5975,70.54
1775056800,565,14221,11.09,11.4425,11.56
1775056800,565,14215,0,0,0
1775056800,565,14211,1,1,1
1775056860,565,14223,69.07,69.7025,70.34
1775056860,565,14221,10.72,12.0575,14.11
1775056860,565,14215,0,0,0
1775056860,565,14211,1,1,1
1775056920,565,14223,70.34,70.5725,70.76
1775056920,565,14221,10.13,10.9175,11.89
1775056920,565,14215,0,0,0
1775056920,565,14211,1,1,1
1775056980,565,14223,70.76,71.234,71.55
1775056980,565,14221,14.54,14.54,14.54
1775056980,565,14215,0,0,0
1775056980,565,14211,1,1,1
1775057040,565,14223,70.76,71.125,71.49
1775057040,565,14221,13.01,14.2,14.71
1775057040,565,14215,0,0,0
1775057040,565,14211,1,1,1
1775057100,565,14223,70.53,70.645,70.76
1775057100,565,14221,16.24,18.535,20.58
1775057100,565,14215,0,0,0
1775057100,565,14211,1,1,1
1775057160,565,14223,70.1,70.2375,70.47
1775057160,565,14221,9.83,11.78,13.28
1775057160,565,14215,0,0,0
1775057160,565,14211,1,1,1
1775057220,565,14223,70.47,70.47,70.47
1775057220,565,14221,17.02,17.9075,18.87
1775057220,565,14215,0,0,0
1775057220,565,14211,1,1,1
1775057280,565,14223,70.47,71.0525,72.52
1775057280,565,14221,11.18,15.91,20.19
1775057280,565,14215,0,0,0
1775057280,565,14211,1,1,1
1775057340,565,14223,70.61,70.6675,70.84
1775057340,565,14221,15.36,16.9775,19.84
1775057340,565,14215,0,0,0
1775057340,565,14211,1,1,1
1775057400,565,14223,70.24,70.59,70.77
1775057400,565,14221,11.09,13.1675,15.47
1775057400,565,14215,0,0,0
1775057400,565,14211,1,1,1
1775057460,565,14223,70.77,70.79,70.8
1775057460,565,14221,13.03,14.5667,15.79
1775057460,565,14215,0,0,0
1775057460,565,14211,1,1,1
1775057520,565,14223,70.61,70.61,70.61
1775057520,565,14221,14.24,14.24,14.24
1775057520,565,14215,0,0,0
1775057520,565,14211,1,1,1
1775057580,565,14223,69.66,69.72,69.81
1775057580,565,14221,13.68,17.095,19.4
1775057580,565,14215,0,0,0
1775057580,565,14211,1,1,1
1775057640,565,14223,69.21,69.5475,69.66
1775057640,565,14221,13.02,13.24,13.51
1775057640,565,14215,0,0,0
1775057640,565,14211,1,1,1
1775057700,565,14223,68.68,68.86,69.21
1775057700,565,14221,13.64,16.835,18.75
1775057700,565,14215,0,0,0
1775057700,565,14211,1,1,1
1775057760,565,14223,67.22,67.35,67.74
1775057760,565,14221,13.34,16.165,20.3
1775057760,565,14215,0,0,0
1775057760,565,14211,1,1,1
1775057820,565,14223,67.22,71.185,74.99
1775057820,565,14221,12.17,13.6075,15.49
1775057820,565,14215,0,0,0
1775057820,565,14211,1,1,1
1775057880,565,14223,68.6,69.7475,70.62
1775057880,565,14221,11.59,12.1425,13
1775057880,565,14215,0,0,0
1775057880,565,14211,1,1,1
1775057940,565,14223,70.82,71.0875,71.32
1775057940,565,14221,11.28,12.1525,13.96
1775057940,565,14215,0,0,0
1775057940,565,14211,1,1,1
1775058000,565,14223,71.28,71.325,71.37
1775058000,565,14221,9.57,11.145,13.77
1775058000,565,14215,0,0,0
1775058000,565,14211,1,1,1
1775058060,565,14223,71.19,71.285,71.4
1775058060,565,14221,9.46,10.5125,11.13
1775058060,565,14215,0,0,0
1775058060,565,14211,1,1,1
1775058120,565,14223,71.29,71.33,71.36
1775058120,565,14221,11.75,13.65,16.54
1775058120,565,14215,0,0,0
1775058120,565,14211,1,1,1
1775058180,565,14223,71.14,71.24,71.36
1775058180,565,14221,10.35,11.935,13.65
1775058180,565,14215,0,0,0
1775058180,565,14211,1,1,1
1775058240,565,14223,71.18,71.21,71.24
1775058240,565,14221,12.28,12.585,12.84
1775058240,565,14215,0,0,0
1775058240,565,14211,1,1,1
1775058300,565,14223,70.16,70.64,71.24
1775058300,565,14221,11.1,12.3375,12.75
1775058300,565,14215,0,0,0
1775058300,565,14211,1,1,1
1775058360,565,14223,71.16,71.2033,71.24
1775058360,565,14221,11.85,12.14,12.32
1775058360,565,14215,0,0,0
1775058360,565,14211,1,1,1
1775058420,565,14223,70.95,70.9775,71.03
1775058420,565,14221,11.74,12.295,13.19
1775058420,565,14215,0,0,0
1775058420,565,14211,1,1,1
1775058480,565,14223,71.03,71.065,71.08
1775058480,565,14221,12.11,12.7925,13.31
1775058480,565,14215,0,0,0
1775058480,565,14211,1,1,1
1775058540,565,14223,70.95,70.9925,71.05
1775058540,565,14221,11.06,12.0125,13.9
1775058540,565,14215,0,0,0
1775058540,565,14211,1,1,1
1775058600,565,14223,68.2,68.2,68.2
1775058600,565,14221,12.81,12.81,12.81
1775058600,565,14215,0,0,0
1775058600,565,14211,1,1,1
1775058660,565,14223,70.84,70.925,70.99
1775058660,565,14221,10.25,11.395,11.94
1775058660,565,14215,0,0,0
1775058660,565,14211,1,1,1
1775058720,565,14223,68.18,70.2025,70.91
1775058720,565,14221,11.42,12.06,12.78
1775058720,565,14215,0,0,0
1775058720,565,14211,1,1,1
1775058780,565,14223,68.18,70.3125,71.09
1775058780,565,14221,9.83,10.7225,11.42
1775058780,565,14215,0,0,0
1775058780,565,14211,1,1,1
1775058840,565,14223,71.09,71.15,71.19
1775058840,565,14221,10.07,10.5575,10.93
1775058840,565,14215,0,0,0
1775058840,565,14211,1,1,1
1775058900,565,14223,71.08,71.2075,71.3
1775058900,565,14221,10.6,10.74,10.88
1775058900,565,14215,0,0,0
1775058900,565,14211,1,1,1
1775058960,565,14223,70.94,71.005,71.1
1775058960,565,14221,9.71,10.245,10.89
1775058960,565,14215,0,0,0
1775058960,565,14211,1,1,1
1775059020,565,14223,70.86,70.9125,70.95
1775059020,565,14221,10.26,10.86,11.85
1775059020,565,14215,0,0,0
1775059020,565,14211,1,1,1
1775059080,565,14223,70.27,70.4375,70.74
1775059080,565,14221,9.89,11.025,12.45
1775059080,565,14215,0,0,0
1775059080,565,14211,1,1,1
1775059140,565,14223,70.15,70.265,70.41
1775059140,565,14221,10.02,10.8825,12.2
1775059140,565,14215,0,0,0
1775059140,565,14211,1,1,1
1775059200,565,14223,70.37,70.38,70.4
1775059200,565,14221,10.49,10.85,11.41
1775059200,565,14215,0,0,0
1775059200,565,14211,1,1,1
1775059260,565,14223,70.37,70.37,70.37
1775059260,565,14221,10.57,10.57,10.57
1775059260,565,14215,0,0,0
1775059260,565,14211,1,1,1
1775059320,565,14223,68.19,68.4775,69.17
1775059320,565,14221,12.18,12.24,12.42
1775059320,565,14215,0,0,0
1775059320,565,14211,1,1,1
1775059380,565,14223,68.54,68.83,69.12
1775059380,565,14221,10.63,12.06,13.41
1775059380,565,14215,0,0,0
1775059380,565,14211,1,1,1
1775059440,565,14223,66.74,67.3175,67.88
1775059440,565,14221,10.04,11.1675,11.95
1775059440,565,14215,0,0,0
1775059440,565,14211,1,1,1
1775059500,565,14223,66.58,66.825,67.26
1775059500,565,14221,9.71,10.625,11.29
1775059500,565,14215,0,0,0
1775059500,565,14211,1,1,1
1775059560,565,14223,67.41,67.53,67.69
1775059560,565,14221,10.59,11.71,13.22
1775059560,565,14215,0,0,0
1775059560,565,14211,1,1,1
1775059620,565,14223,67.57,67.63,67.69
1775059620,565,14221,11.95,12.5325,12.9
1775059620,565,14215,0,0,0
1775059620,565,14211,1,1,1
1775059680,565,14223,67.61,67.765,67.99
1775059680,565,14221,10.69,11.89,12.47
1775059680,565,14215,0,0,0
1775059680,565,14211,1,1,1
1775059740,565,14223,68.24,68.3425,68.56
1775059740,565,14221,12.09,12.65,13.19
1775059740,565,14215,0,0,0
1775059740,565,14211,1,1,1
1775059800,565,14223,68.67,69.16,69.69
1775059800,565,14221,10.76,11.49,12.29
1775059800,565,14215,0,0,0
1775059800,565,14211,1,1,1
1775059860,565,14223,69.59,70.436,71.63
1775059860,565,14221,10.89,11.642,11.99
1775059860,565,14215,0,0.285714,1
1775059860,565,14211,1,1,1
1775059920,565,14223,69.59,71.2625,72.2
1775059920,565,14221,11.15,12.2775,14.26
1775059920,565,14215,0,0,0
1775059920,565,14211,1,1,1
1775059980,565,14223,69.51,70.8775,72.2
1775059980,565,14221,11.45,13.345,14.26
1775059980,565,14215,0,0,0
1775059980,565,14211,1,1,1
1775060040,565,14223,69.66,69.9225,70.05
1775060040,565,14221,10.86,11.3475,11.78
1775060040,565,14215,0,0,0
1775060040,565,14211,1,1,1
1775060100,565,14223,70.03,70.0833,70.13
1775060100,565,14221,10.2,10.8367,11.49
1775060100,565,14215,0,0,0
1775060100,565,14211,1,1,1
1775060160,565,14223,70.14,70.14,70.14
1775060160,565,14221,9.92,9.92,9.92
1775060160,565,14215,0,0,0
1775060160,565,14211,1,1,1
1775060220,565,14223,70.18,70.18,70.18
1775060220,565,14221,13.08,13.08,13.08
1775060220,565,14215,0,0,0
1775060220,565,14211,1,1,1
1775060280,565,14223,69.92,69.94,69.96
1775060280,565,14221,10.72,11.6333,12.71
1775060280,565,14215,0,0,0
1775060280,565,14211,1,1,1
1775060340,565,14223,70.02,70.1025,70.17
1775060340,565,14221,10.69,11.535,11.97
1775060340,565,14215,0,0,0
1775060340,565,14211,1,1,1
1775060400,565,14223,69.99,70.0975,70.22
1775060400,565,14221,11.3,11.825,12.41
1775060400,565,14215,0,0,0
1775060400,565,14211,1,1,1
1775060460,565,14223,68.82,68.9425,69.18
1775060460,565,14221,10.43,10.8275,11.26
1775060460,565,14215,0,0,0
1775060460,565,14211,1,1,1
1775060520,565,14223,68.5,71.3875,72.35
1775060520,565,14221,10.6,11.8875,14
1775060520,565,14215,0,0,0
1775060520,565,14211,1,1,1
1775060580,565,14223,68.09,68.1975,68.5
1775060580,565,14221,11.57,11.725,11.99
1775060580,565,14215,0,0,0
1775060580,565,14211,1,1,1
1775060640,565,14223,68.22,68.4575,68.92
1775060640,565,14221,11.31,12.69,14.5
1775060640,565,14215,0,0,0
1775060640,565,14211,1,1,1
1775060700,565,14223,68.92,69.485,69.89
1775060700,565,14221,10.39,14.1175,17.64
1775060700,565,14215,0,0,0
1775060700,565,14211,1,1,1
1775060760,565,14223,70.07,70.1825,70.22
1775060760,565,14221,10.65,11.415,12.17
1775060760,565,14215,0,0,0
1775060760,565,14211,1,1,1
1775060820,565,14223,70.14,70.16,70.22
1775060820,565,14221,15.47,18.6925,20.81
1775060820,565,14215,0,0,0
1775060820,565,14211,1,1,1
1775060880,565,14223,70.27,70.275,70.29
1775060880,565,14221,11.6,12.4675,14.28
1775060880,565,14215,0,0,0
1775060880,565,14211,1,1,1
1775060940,565,14223,70.1,70.1533,70.21
1775060940,565,14221,10.91,13.33,17.77
1775060940,565,14215,0,0,0
1775060940,565,14211,1,1,1
1775061000,565,14223,70.21,70.21,70.21
1775061000,565,14221,18.44,18.44,18.44
1775061000,565,14215,0,0,0
1775061000,565,14211,1,1,1
1775061060,565,14223,70.56,70.6075,70.75
1775061060,565,14221,11.78,13.13,15.94
1775061060,565,14215,0,0,0
1775061060,565,14211,1,1,1
1775061120,565,14223,70.82,70.84,70.86
1775061120,565,14221,10.9,12.2475,13.56
1775061120,565,14215,0,0,0
1775061120,565,14211,1,1,1
1775061180,565,14223,69.81,70.02,70.86
1775061180,565,14221,12.99,12.99,12.99
1775061180,565,14215,0,0,0
1775061180,565,14211,1,1,1
1775061240,565,14223,69.81,69.81,69.81
1775061240,565,14221,12.99,12.99,12.99
1775061240,565,14215,0,0,0
1775061240,565,14211,1,1,1
1775061300,565,14223,72,72,72
1775061300,565,14221,15.28,15.28,15.28
1775061300,565,14215,0,0,0
1775061300,565,14211,1,1,1
1775061360,565,14223,70.74,71.615,72.28
1775061360,565,14221,12.32,13.6625,14.11
1775061360,565,14215,0,0,0
1775061360,565,14211,1,1,1
1775061420,565,14223,70.3,70.48,70.74
1775061420,565,14221,10.79,12.4175,14.05
1775061420,565,14215,0,0,0
1775061420,565,14211,1,1,1
1775061480,565,14223,70.23,70.26,70.29
1775061480,565,14221,10.55,11.9775,16.11
1775061480,565,14215,0,0,0
1775061480,565,14211,1,1,1
1775061540,565,14223,69.62,70.0725,70.26
1775061540,565,14221,10.51,11.2325,12.08
1775061540,565,14215,0,0,0
1775061540,565,14211,1,1,1
1775061600,565,14223,69.33,69.33,69.33
1775061600,565,14221,10.02,10.7575,11.51
1775061600,565,14215,0,0,0
1775061600,565,14211,1,1,1
1775061660,565,14223,69.08,69.135,69.19
1775061660,565,14221,9.41,11.2325,12.46
1775061660,565,14215,0,0,0
1775061660,565,14211,1,1,1
1775061720,565,14223,69.3,69.3475,69.49
1775061720,565,14221,10.61,10.88,11.28
1775061720,565,14215,0,0,0
1775061720,565,14211,1,1,1
1775061780,565,14223,69.49,70.0525,71.08
1775061780,565,14221,10.15,11.0475,12.28
1775061780,565,14215,0,0,0
1775061780,565,14211,1,1,1
1775061840,565,14223,69.82,70.66,71.08
1775061840,565,14221,10.65,11.1567,11.41
1775061840,565,14215,0,0,0
1775061840,565,14211,1,1,1
1775061900,565,14223,70.03,70.03,70.03
1775061900,565,14221,14.67,14.67,14.67
1775061900,565,14215,0,0,0
1775061900,565,14211,1,1,1
1775061960,565,14223,69.99,70.015,70.04
1775061960,565,14221,10.68,11.1475,11.65
1775061960,565,14215,0,0,0
1775061960,565,14211,1,1,1
1775062020,565,14223,69.9,70.7075,71.47
1775062020,565,14221,10.87,11.67,12.05
1775062020,565,14215,0,0,0
1775062020,565,14211,1,1,1
1775062080,565,14223,71.09,71.32,71.63
1775062080,565,14221,11.17,11.6625,11.88
1775062080,565,14215,0,0,0
1775062080,565,14211,1,1,1
1775062140,565,14223,71.77,72.2125,72.36
1775062140,565,14221,10.81,11.0025,11.58
1775062140,565,14215,0,0,0
1775062140,565,14211,1,1,1
1775062200,565,14223,72.36,72.36,72.36
1775062200,565,14221,10.81,11.1475,11.26
1775062200,565,14215,0,0,0
1775062200,565,14211,1,1,1
1775062260,565,14223,69.9,71.34,72.36
1775062260,565,14221,11.26,12.175,12.48
1775062260,565,14215,0,0,0
1775062260,565,14211,1,1,1
1775062320,565,14223,68.73,69.085,69.65
1775062320,565,14221,13.93,15.395,18.26
1775062320,565,14215,0,0,0
1775062320,565,14211,1,1,1
1775062380,565,14223,68.7,68.885,69.13
1775062380,565,14221,13.01,14.4025,15.66
1775062380,565,14215,0,0,0
1775062380,565,14211,1,1,1
1775062440,565,14223,69.13,69.45,69.64
1775062440,565,14221,13.34,15.855,18.09
1775062440,565,14215,0,0,0
1775062440,565,14211,1,1,1
1775062500,565,14223,69.44,69.55,69.64
1775062500,565,14221,16.33,17.44,18.51
1775062500,565,14215,0,0,0
1775062500,565,14211,1,1,1
1775062560,565,14223,71.12,71.12,71.12
1775062560,565,14221,15.17,15.17,15.17
1775062560,565,14215,0,0,0
1775062560,565,14211,1,1,1
1775062620,565,14223,69.29,69.3275,69.44
1775062620,565,14221,10.2,10.46,10.82
1775062620,565,14215,0,0,0
1775062620,565,14211,1,1,1
1775062680,565,14223,69.29,71.0875,73.48
1775062680,565,14221,9.67,10.265,10.54
1775062680,565,14215,0,0,0
1775062680,565,14211,1,1,1
1775062740,565,14223,69.29,71.42,73.48
1775062740,565,14221,10.52,12.035,13.93
1775062740,565,14215,0,0,0
1775062740,565,14211,1,1,1
1775062800,565,14223,70.02,71.3325,72.09
1775062800,565,14221,13.15,14.05,14.35
1775062800,565,14215,0,0,0
1775062800,565,14211,1,1,1
1775062860,565,14223,72.84,73.7625,74.07
1775062860,565,14221,13.04,14.1275,15.24
1775062860,565,14215,0,0,0
1775062860,565,14211,1,1,1
1775062920,565,14223,74.07,75.6,77.17
1775062920,565,14221,11.79,13.7475,15.84
1775062920,565,14215,0,0,0
1775062920,565,14211,1,1,1
1775062980,565,14223,74.26,74.9325,75.76
1775062980,565,14221,12.56,13.1075,13.73
1775062980,565,14215,0,0,0
1775062980,565,14211,1,1,1
1775063040,565,14223,74.07,74.1775,74.5
1775063040,565,14221,12.07,14.0375,15.39
1775063040,565,14215,0,0,0
1775063040,565,14211,1,1,1
1775063100,565,14223,74.5,74.695,74.89
1775063100,565,14221,12.63,13.115,14.24
1775063100,565,14215,0,0,0
1775063100,565,14211,1,1,1
1775063160,565,14223,75.25,75.7975,76.2
1775063160,565,14221,16.04,16.5625,17.42
1775063160,565,14215,0,0,0
1775063160,565,14211,1,1,1
1775063220,565,14223,76.2,76.44,76.7
1775063220,565,14221,12.7,14.2,15.63
1775063220,565,14215,0,0,0
1775063220,565,14211,1,1,1
1775063280,565,14223,75.69,76.4475,76.7
1775063280,565,14221,13.13,16.795,19.77
1775063280,565,14215,0,0,0
1775063280,565,14211,1,1,1
1775063340,565,14223,74.42,75.7425,76.7
1775063340,565,14221,12.96,15.7225,17.4
1775063340,565,14215,0,0,0
1775063340,565,14211,1,1,1
1775063400,565,14223,74.83,76.115,76.7
1775063400,565,14221,12.64,14.395,17.87
1775063400,565,14215,0,0,0
1775063400,565,14211,1,1,1
1775063460,565,14223,76.27,76.66,76.89
1775063460,565,14221,13.15,13.63,14.07
1775063460,565,14215,0,0,0
1775063460,565,14211,1,1,1
1775063520,565,14223,74.91,75.65,76.27
1775063520,565,14221,10.61,11.75,12.32
1775063520,565,14215,0,0,0
1775063520,565,14211,1,1,1
1775063580,565,14223,74.44,74.44,74.44
1775063580,565,14221,11.94,11.94,11.94
1775063580,565,14215,0,0,0
1775063580,565,14211,1,1,1
1775063640,565,14223,73.87,74.5,75.85
1775063640,565,14221,14.09,14.93,15.68
1775063640,565,14215,0,0,0
1775063640,565,14211,1,1,1
1775063700,565,14223,73.87,73.87,73.87
1775063700,565,14221,11.54,13.7467,17.09
1775063700,565,14215,0,0,0
1775063700,565,14211,1,1,1
1775063760,565,14223,73.57,73.7767,73.88
1775063760,565,14221,13.37,15.2567,16.43
1775063760,565,14215,0,0,0
1775063760,565,14211,1,1,1
1775063820,565,14223,72.24,72.7625,73.26
1775063820,565,14221,12.7,13.9975,15.06
1775063820,565,14215,0,0,0
1775063820,565,14211,1,1,1
1775063880,565,14223,71.14,71.6625,72.24
1775063880,565,14221,13.08,13.4,13.66
1775063880,565,14215,0,0,0
1775063880,565,14211,1,1,1
1775063940,565,14223,71.14,71.28,71.42
1775063940,565,14221,13.92,14.6375,15.43
1775063940,565,14215,0,0,0
1775063940,565,14211,1,1,1
1775064000,565,14223,70.4,71.165,71.42
1775064000,565,14221,12.23,13.29,14.78
1775064000,565,14215,0,0,0
1775064000,565,14211,1,1,1
1775064060,565,14223,69.95,70.09,70.25
1775064060,565,14221,11.87,14.1125,16.45
1775064060,565,14215,0,0,0
1775064060,565,14211,1,1,1
1775064120,565,14223,70.08,70.5,70.96
1775064120,565,14221,14.07,14.805,15.62
1775064120,565,14215,0,0,0
1775064120,565,14211,1,1,1
1775064180,565,14223,71.34,71.6575,72.61
1775064180,565,14221,14.1,15.9375,16.55
1775064180,565,14215,0,0,0
1775064180,565,14211,1,1,1
1775064240,565,14223,70.01,70.82,72.63
1775064240,565,14221,12.31,14.1925,16.77
1775064240,565,14215,0,0,0
1775064240,565,14211,1,1,1
1775064300,565,14223,68.13,69.235,70.01
1775064300,565,14221,11.71,14.76,16.48
1775064300,565,14215,0,0,0
1775064300,565,14211,1,1,1
1775064360,565,14223,67.57,67.57,67.57
1775064360,565,14221,12.54,16.555,19.83
1775064360,565,14215,0,0,0
1775064360,565,14211,1,1,1
1775064420,565,14223,71.44,72.145,72.38
1775064420,565,14221,16.09,18.5725,19.82
1775064420,565,14215,0,0,0
1775064420,565,14211,1,1,1
1775064480,565,14223,72.7,73.365,73.99
1775064480,565,14221,10.61,14.1925,18.07
1775064480,565,14215,0,0,0
1775064480,565,14211,1,1,1
1775064540,565,14223,73.55,73.7767,73.92
1775064540,565,14221,11.93,12.3667,12.94
1775064540,565,14215,0,0,0
1775064540,565,14211,1,1,1
1775064600,565,14223,73.92,73.92,73.92
1775064600,565,14221,14.34,14.34,14.34
1775064600,565,14215,0,0,0
1775064600,565,14211,1,1,1
1775064660,565,14223,73.85,73.9025,73.92
1775064660,565,14221,13.66,14.17,14.34
1775064660,565,14215,0,0,0
1775064660,565,14211,1,1,1
1775064720,565,14223,67.57,71.98,73.91
1775064720,565,14221,13.22,14.1475,15.65
1775064720,565,14215,0,0,0
1775064720,565,14211,1,1,1
1775064780,565,14223,65.92,66.105,66.29
1775064780,565,14221,13.13,14.2825,15.43
1775064780,565,14215,0,0,0
1775064780,565,14211,1,1,1
1775064840,565,14223,65.56,65.56,65.56
1775064840,565,14221,13.65,15.12,16.22
1775064840,565,14215,0,0,0
1775064840,565,14211,1,1,1
1775064900,565,14223,64.99,69.27,73.69
1775064900,565,14221,13.91,14.1275,14.62
1775064900,565,14215,0,0,0
1775064900,565,14211,1,1,1
1775064960,565,14223,64.47,64.86,64.99
1775064960,565,14221,11.97,14.625,16.45
1775064960,565,14215,0,0,0
1775064960,565,14211,1,1,1
1775065020,565,14223,65.46,65.9075,66.58
1775065020,565,14221,13.01,13.8625,14.3
1775065020,565,14215,0,0,0
1775065020,565,14211,1,1,1
1775065080,565,14223,67.15,67.5925,67.74
1775065080,565,14221,11.75,12.9075,13.87
1775065080,565,14215,0,0,0
1775065080,565,14211,1,1,1
1775065140,565,14223,68.36,69.4775,70.22
1775065140,565,14221,10.67,13.06,15.4
1775065140,565,14215,0,0,0
1775065140,565,14211,1,1,1
1775065200,565,14223,70.22,70.46,70.54
1775065200,565,14221,12.83,14.2575,16.55
1775065200,565,14215,0,0,0
1775065200,565,14211,1,1,1
1775065260,565,14223,70.54,70.955,71.94
1775065260,565,14221,8.59,11.405,13.19
1775065260,565,14215,0,0,0
1775065260,565,14211,1,1,1
1775065320,565,14223,71.33,71.58,71.7
1775065320,565,14221,11.62,13.9625,15.95
1775065320,565,14215,0,0,0
1775065320,565,14211,1,1,1
1775065380,565,14223,71.7,71.8,71.85
1775065380,565,14221,13.64,14.1867,14.54
1775065380,565,14215,0,0,0
1775065380,565,14211,1,1,1
1775065440,565,14223,71.85,71.85,71.85
1775065440,565,14221,14.14,14.14,14.14
1775065440,565,14215,0,0,0
1775065440,565,14211,1,1,1
1775065500,565,14223,71.89,72.22,72.33
1775065500,565,14221,13.12,13.9575,14.99
1775065500,565,14215,0,0,0
1775065500,565,14211,1,1,1
1775065560,565,14223,69.38,69.38,69.38
1775065560,565,14221,15.2,15.2,15.2
1775065560,565,14215,0,0,0
1775065560,565,14211,1,1,1
1775065620,565,14223,71.71,71.86,71.91
1775065620,565,14221,12.45,12.7075,13.15
1775065620,565,14215,0,0,0
1775065620,565,14211,1,1,1
1775065680,565,14223,71.91,72.0675,72.54
1775065680,565,14221,11.87,14.4975,17.03
1775065680,565,14215,0,0,0
1775065680,565,14211,1,1,1
1775065740,565,14223,72.88,72.9675,73.08
1775065740,565,14221,10.93,13.4125,15.93
1775065740,565,14215,0,0,0
1775065740,565,14211,1,1,1
1775065800,565,14223,73.12,73.1825,73.23
1775065800,565,14221,10.64,13.1325,14.73
1775065800,565,14215,0,0,0
1775065800,565,14211,1,1,1
1775065860,565,14223,73.03,73.0625,73.16
1775065860,565,14221,12.3,13.425,14.03
1775065860,565,14215,0,0,0
1775065860,565,14211,1,1,1
1775065920,565,14223,70.97,72.3433,73.03
1775065920,565,14221,13.29,13.3033,13.33
1775065920,565,14215,0,0,0
1775065920,565,14211,1,1,1
1775065980,565,14223,70.82,70.91,70.97
1775065980,565,14221,10.35,12.114,13.29
1775065980,565,14215,0,0,0
1775065980,565,14211,1,1,1
1775066040,565,14223,70.82,70.95,71.08
1775066040,565,14221,10.35,12.515,17.16
1775066040,565,14215,0,0,0
1775066040,565,14211,1,1,1
1775066100,565,14223,72.62,72.71,72.8
1775066100,565,14221,10.41,11.715,13.8
1775066100,565,14215,0,0,0
1775066100,565,14211,1,1,1
1775066160,565,14223,72.29,72.4367,72.62
1775066160,565,14221,11.52,12.0533,12.53
1775066160,565,14215,0,0,0
1775066160,565,14211,1,1,1
1775066220,565,14223,72.26,72.26,72.26
1775066220,565,14221,13.43,13.43,13.43
1775066220,565,14215,0,0,0
1775066220,565,14211,1,1,1
1775066280,565,14223,72.03,72.2333,72.38
1775066280,565,14221,12.15,13.2367,15.3
1775066280,565,14215,0,0,0
1775066280,565,14211,1,1,1
1775066340,565,14223,71.39,71.67,72.03
1775066340,565,14221,12.61,15.11,18.07
1775066340,565,14215,0,0,0
1775066340,565,14211,1,1,1
1775066400,565,14223,71.25,71.25,71.25
1775066400,565,14221,11.53,13.9025,15.72
1775066400,565,14215,0,0,0
1775066400,565,14211,1,1,1
1775066460,565,14223,70.86,70.965,71.03
1775066460,565,14221,14.19,15.6475,18.43
1775066460,565,14215,0,0,0
1775066460,565,14211,1,1,1
1775066520,565,14223,69.19,70.3975,70.8
1775066520,565,14221,13.02,15.895,18.09
1775066520,565,14215,0,0,0
1775066520,565,14211,1,1,1
1775066580,565,14223,68.81,69.125,69.31
1775066580,565,14221,11.17,14.6775,16.57
1775066580,565,14215,0,0,0
1775066580,565,14211,1,1,1
1775066640,565,14223,68.64,70.11,70.6
1775066640,565,14221,11,13.65,17.39
1775066640,565,14215,0,0,0
1775066640,565,14211,1,1,1
1775066700,565,14223,70.25,70.48,70.82
1775066700,565,14221,12.26,12.945,13.9
1775066700,565,14215,0,0,0
1775066700,565,14211,1,1,1
1775066760,565,14223,70.25,70.425,70.82
1775066760,565,14221,10.04,11.3375,12.81
1775066760,565,14215,0,0,0
1775066760,565,14211,1,1,1
1775066820,565,14223,69.32,69.8525,70.25
1775066820,565,14221,10.95,12.8675,15.98
1775066820,565,14215,0,0,0
1775066820,565,14211,1,1,1
1775066880,565,14223,68.63,69.1,69.32
1775066880,565,14221,10.14,12.265,14.89
1775066880,565,14215,0,0,0
1775066880,565,14211,1,1,1
1775066940,565,14223,67.61,67.9275,68.63
1775066940,565,14221,11.16,11.9525,13.39
1775066940,565,14215,0,0,0
1775066940,565,14211,1,1,1
1775067000,565,14223,67.66,67.815,67.89
1775067000,565,14221,10.7,16.0425,19.15
1775067000,565,14215,0,0,0
1775067000,565,14211,1,1,1
1775067060,565,14223,68.02,68.3467,68.71
1775067060,565,14221,13.16,13.7,13.99
1775067060,565,14215,0,0,0
1775067060,565,14211,1,1,1
1775067120,565,14223,69.42,69.6667,69.86
1775067120,565,14221,11.86,13.17,14.68
1775067120,565,14215,0,0,0
1775067120,565,14211,1,1,1
1775067180,565,14223,69.67,69.7375,69.86
1775067180,565,14221,14.73,16.0175,17.3
1775067180,565,14215,0,0,0
1775067180,565,14211,1,1,1
1775067240,565,14223,69.67,72.5925,76.47
1775067240,565,14221,13.27,15.005,17.9
1775067240,565,14215,0,0,0
1775067240,565,14211,1,1,1
1775067300,565,14223,69.67,71.855,76.25
1775067300,565,14221,12.61,15.165,17.18
1775067300,565,14215,0,0,0
1775067300,565,14211,1,1,1
1775067360,565,14223,71.12,71.1775,71.24
1775067360,565,14221,12.25,13.4775,15.75
1775067360,565,14215,0,0,0
1775067360,565,14211,1,1,1
1775067420,565,14223,71.14,71.42,72.01
1775067420,565,14221,12.39,16.06,19.37
1775067420,565,14215,0,0,0
1775067420,565,14211,1,1,1
1775067480,565,14223,72.16,72.19,72.2
1775067480,565,14221,11.95,12.8075,14.51
1775067480,565,14215,0,0,0
1775067480,565,14211,1,1,1
1775067540,565,14223,72.05,72.085,72.12
1775067540,565,14221,12.42,13.7225,15.69
1775067540,565,14215,0,0,0
1775067540,565,14211,1,1,1
1775067600,565,14223,71.62,71.8675,72.05
1775067600,565,14221,12.26,13.0525,13.88
1775067600,565,14215,0,0,0
1775067600,565,14211,1,1,1
1775067660,565,14223,71.27,71.4075,71.62
1775067660,565,14221,11.15,12.8025,14.3
1775067660,565,14215,0,0,0
1775067660,565,14211,1,1,1
1775067720,565,14223,71.54,71.6075,71.63
1775067720,565,14221,11.58,12.6675,14.49
1775067720,565,14215,0,0,0
1775067720,565,14211,1,1,1
1775067780,565,14223,71.91,72.0975,72.28
1775067780,565,14221,11.45,12.6475,15.07
1775067780,565,14215,0,0,0
1775067780,565,14211,1,1,1
1775067840,565,14223,72.26,72.3867,72.46
1775067840,565,14221,10.88,13.15,15.36
1775067840,565,14215,0,0,0
1775067840,565,14211,1,1,1
1775067900,565,14223,72.09,72.105,72.13
1775067900,565,14221,13.05,13.4075,13.79
1775067900,565,14215,0,0,0
1775067900,565,14211,1,1,1
1775067960,565,14223,71.88,71.97,72.16
1775067960,565,14221,10.24,12.08,14.79
1775067960,565,14215,0,0,0
1775067960,565,14211,1,1,1
1775068020,565,14223,0,0,0
1775068020,565,14221,0,0,0
1775068020,565,14215,0,0,0
1775068020,565,14211,1,1,1
1775068080,565,14223,0,0,0
1775068080,565,14221,0,0,0
1775068080,565,14215,0,0,0
1775068080,565,14211,1,1,1
1775068140,565,14223,70.62,70.62,70.62
1775068140,565,14221,16.29,16.29,16.29
1775068140,565,14215,0,0,0
1775068140,565,14211,1,1,1
1775068200,565,14223,70.62,70.62,70.62
1775068200,565,14221,16.29,16.29,16.29
1775068200,565,14215,0,0,0
1775068200,565,14211,1,1,1
1775068260,565,14223,70.23,70.625,71.73
1775068260,565,14221,15.59,17.1925,17.74
1775068260,565,14215,0,0,0
1775068260,565,14211,1,1,1
1775068320,565,14223,70.31,71.035,71.76
1775068320,565,14221,12.97,15.355,17.74
1775068320,565,14215,0,0,0
1775068320,565,14211,1,1,1
1775068380,565,14223,70.58,70.58,70.58
1775068380,565,14221,12.91,12.91,12.91
1775068380,565,14215,0,0,0
1775068380,565,14211,1,1,1
1775068440,565,14223,72.5,72.5,72.5
1775068440,565,14221,15.19,15.19,15.19
1775068440,565,14215,0,0,0
1775068440,565,14211,1,1,1
1775068500,565,14223,72.5,72.5,72.5
1775068500,565,14221,15.19,15.19,15.19
1775068500,565,14215,0,0,0
1775068500,565,14211,1,1,1
1775068560,565,14223,71.88,71.88,71.88
1775068560,565,14221,15.33,15.33,15.33
1775068560,565,14215,0,0.166667,1
1775068560,565,14211,1,1,1
1775068620,565,14223,71.88,71.88,71.88
1775068620,565,14221,15.33,15.33,15.33
1775068620,565,14215,0,0,0
1775068620,565,14211,1,1,1
1775068680,565,14223,71.88,71.88,71.88
1775068680,565,14221,15.33,15.33,15.33
1775068680,565,14215,0,0,0
1775068680,565,14211,1,1,1
1775068740,565,14223,71.51,71.695,71.88
1775068740,565,14221,14.11,14.72,15.33
1775068740,565,14215,0,0,0
1775068740,565,14211,1,1,1
1775068800,565,14223,0,0,0
1775068800,565,14221,0,0,0
1775068800,565,14215,0,0,0
1775068800,565,14211,1,1,1
1775068860,565,14223,71.51,71.5975,71.86
1775068860,565,14221,14.11,14.5425,15.84
1775068860,565,14215,0,0,0
1775068860,565,14211,1,1,1
1775068920,565,14223,72.19,72.605,73.85
1775068920,565,14221,11.06,13.9775,14.95
1775068920,565,14215,0,0,0
1775068920,565,14211,1,1,1
1775068980,565,14223,73.85,73.85,73.85
1775068980,565,14221,11.06,11.06,11.06
1775068980,565,14215,0,0,0
1775068980,565,14211,1,1,1
1775069040,565,14223,73.85,73.85,73.85
1775069040,565,14221,11.06,11.06,11.06
1775069040,565,14215,0,0,0
1775069040,565,14211,1,1,1
1775069100,565,14223,72.7,73.62,73.85
1775069100,565,14221,11.06,11.946,15.49
1775069100,565,14215,0,0,0
1775069100,565,14211,1,1,1
1775069160,565,14223,72.96,73.39,73.94
1775069160,565,14221,14.74,15.8233,16.77
1775069160,565,14215,0,0,0
1775069160,565,14211,1,1,1
1775069220,565,14223,73.27,73.27,73.27
1775069220,565,14221,13.23,13.23,13.23
1775069220,565,14215,0,0,0
1775069220,565,14211,1,1,1
1775069280,565,14223,73.27,73.27,73.27
1775069280,565,14221,14.58,14.58,14.58
1775069280,565,14215,0,0,0
1775069280,565,14211,1,1,1
1775069340,565,14223,73.27,73.27,73.27
1775069340,565,14221,14.58,14.58,14.58
1775069340,565,14215,0,0,0
1775069340,565,14211,1,1,1
1775069400,565,14223,73.27,73.27,73.27
1775069400,565,14221,14.58,14.58,14.58
1775069400,565,14215,0,0,0
1775069400,565,14211,1,1,1
1775069460,565,14223,73.27,73.27,73.27
1775069460,565,14221,14.58,14.58,14.58
1775069460,565,14215,0,0,0
1775069460,565,14211,1,1,1
1775069520,565,14223,73.27,73.27,73.27
1775069520,565,14221,14.58,14.58,14.58
1775069520,565,14215,0,0,0
1775069520,565,14211,1,1,1
1775069580,565,14223,73.27,73.27,73.27
1775069580,565,14221,14.58,14.58,14.58
1775069580,565,14215,0,0,0
1775069580,565,14211,1,1,1
1775069640,565,14223,73.27,73.27,73.27
1775069640,565,14221,14.58,14.58,14.58
1775069640,565,14215,0,0,0
1775069640,565,14211,1,1,1
1775069700,565,14223,73.27,73.27,73.27
1775069700,565,14221,14.58,14.58,14.58
1775069700,565,14215,0,0,0
1775069700,565,14211,1,1,1
1775069760,565,14223,73.27,73.27,73.27
1775069760,565,14221,14.58,14.58,14.58
1775069760,565,14215,0,0,0
1775069760,565,14211,1,1,1
1775069820,565,14223,73.27,73.27,73.27
1775069820,565,14221,14.58,14.58,14.58
1775069820,565,14215,0,0,0
1775069820,565,14211,1,1,1
1775069880,565,14223,73.27,73.27,73.27
1775069880,565,14221,14.58,14.58,14.58
1775069880,565,14215,0,0,0
1775069880,565,14211,1,1,1
1775069940,565,14223,72.32,72.32,72.32
1775069940,565,14221,14.58,14.58,14.58
1775069940,565,14215,0,0,0
1775069940,565,14211,1,1,1
1775070000,565,14223,72.16,72.376,72.54
1775070000,565,14221,13.74,14.172,14.58
1775070000,565,14215,0,0,0
1775070000,565,14211,1,1,1
1775070060,565,14223,72.5,72.5825,72.75
1775070060,565,14221,13.97,14.4325,15.8
1775070060,565,14215,0,0,0
1775070060,565,14211,1,1,1
1775070120,565,14223,71.72,71.7467,71.76
1775070120,565,14221,13.91,14.4833,14.77
1775070120,565,14215,0,0,0
1775070120,565,14211,1,1,1
1775070180,565,14223,71.72,71.72,71.72
1775070180,565,14221,14.77,14.77,14.77
1775070180,565,14215,0,0,0
1775070180,565,14211,1,1,1
1775070240,565,14223,71.58,71.7975,71.87
1775070240,565,14221,16.45,16.605,17.07
1775070240,565,14215,0,0,0
1775070240,565,14211,1,1,1
1775070300,565,14223,70.8,71.09,71.43
1775070300,565,14221,17.07,18.725,20.25
1775070300,565,14215,0,0,0
1775070300,565,14211,1,1,1
1775070360,565,14223,70.67,70.705,70.81
1775070360,565,14221,15.99,16.1475,16.2
1775070360,565,14215,0,0,0
1775070360,565,14211,1,1,1
1775070420,565,14223,70.67,70.67,70.67
1775070420,565,14221,16.2,16.2,16.2
1775070420,565,14215,0,0,0
1775070420,565,14211,1,1,1
1775070480,565,14223,70.67,70.67,70.67
1775070480,565,14221,16.2,16.2,16.2
1775070480,565,14215,0,0,0
1775070480,565,14211,1,1,1
1775070540,565,14223,70.67,70.67,70.67
1775070540,565,14221,16.2,16.2,16.2
1775070540,565,14215,0,0,0
1775070540,565,14211,1,1,1
1775070600,565,14223,70.67,70.67,70.67
1775070600,565,14221,16.2,16.2,16.2
1775070600,565,14215,0,0,0
1775070600,565,14211,1,1,1
1775070660,565,14223,70.67,70.67,70.67
1775070660,565,14221,16.2,16.2,16.2
1775070660,565,14215,0,0,0
1775070660,565,14211,1,1,1
1775070720,565,14223,70.67,70.67,70.67
1775070720,565,14221,16.2,16.2,16.2
1775070720,565,14215,0,0,0
1775070720,565,14211,1,1,1
1775070780,565,14223,70.39,70.53,70.67
1775070780,565,14221,16.2,16.2,16.2
1775070780,565,14215,0,0,0
1775070780,565,14211,1,1,1
1775070840,565,14223,70.09,71.25,71.83
1775070840,565,14221,13.9,14.5167,15.75
1775070840,565,14215,0,0,0
1775070840,565,14211,1,1,1
1775070900,565,14223,71.83,71.83,71.83
1775070900,565,14221,13.9,13.9,13.9
1775070900,565,14215,0,0,0
1775070900,565,14211,1,1,1
1775070960,565,14223,71.68,71.68,71.68
1775070960,565,14221,17.56,17.8875,18.47
1775070960,565,14215,0,0,0
1775070960,565,14211,1,1,1
1775071020,565,14223,71.64,71.7,71.74
1775071020,565,14221,15.39,17.005,18.74
1775071020,565,14215,0,0,0
1775071020,565,14211,1,1,1
1775071080,565,14223,71.14,71.2225,71.47
1775071080,565,14221,15.43,17.705,19.77
1775071080,565,14215,0,0,0
1775071080,565,14211,1,1,1
1775071140,565,14223,73.84,73.84,73.84
1775071140,565,14221,19.59,19.59,19.59
1775071140,565,14215,0,0,0
1775071140,565,14211,1,1,1
1775071200,565,14223,73.84,73.84,73.84
1775071200,565,14221,19.59,19.59,19.59
1775071200,565,14215,0,0,0
1775071200,565,14211,1,1,1
1775071260,565,14223,0,0,0
1775071260,565,14221,0,0,0
1775071260,565,14215,0,0,0
1775071260,565,14211,1,1,1
1775071320,565,14223,73.84,73.84,73.84
1775071320,565,14221,19.59,19.59,19.59
1775071320,565,14215,0,0,0
1775071320,565,14211,1,1,1
1775071380,565,14223,73.84,73.84,73.84
1775071380,565,14221,19.59,19.59,19.59
1775071380,565,14215,0,0,0
1775071380,565,14211,1,1,1
1775071440,565,14223,73.84,73.84,73.84
1775071440,565,14221,19.59,19.59,19.59
1775071440,565,14215,0,0,0
1775071440,565,14211,1,1,1
1775071500,565,14223,73.84,74.205,74.73
1775071500,565,14221,16.53,19.5575,22.52
1775071500,565,14215,0,0,0
1775071500,565,14211,1,1,1
1775071560,565,14223,73.79,74.306,74.73
1775071560,565,14221,16.53,17.574,18.27
1775071560,565,14215,0,0,0
1775071560,565,14211,1,1,1
1775071620,565,14223,74.14,74.14,74.14
1775071620,565,14221,18.27,18.27,18.27
1775071620,565,14215,0,0,0
1775071620,565,14211,1,1,1
1775071680,565,14223,74.14,74.14,74.14
1775071680,565,14221,18.27,18.27,18.27
1775071680,565,14215,0,0,0
1775071680,565,14211,1,1,1
1775071740,565,14223,74.14,74.14,74.14
1775071740,565,14221,18.27,18.27,18.27
1775071740,565,14215,0,0,0
1775071740,565,14211,1,1,1
1775071800,565,14223,74.14,74.14,74.14
1775071800,565,14221,18.27,18.27,18.27
1775071800,565,14215,0,0,0
1775071800,565,14211,1,1,1
1775071860,565,14223,71.14,73.796,74.78
1775071860,565,14221,15.91,16.854,18.27
1775071860,565,14215,0,0,0
1775071860,565,14211,1,1,1
1775071920,565,14223,74.78,75.125,75.47
1775071920,565,14221,15.91,16.325,16.74
1775071920,565,14215,0,0,0
1775071920,565,14211,1,1,1
1775071980,565,14223,75.47,75.47,75.47
1775071980,565,14221,16.74,16.74,16.74
1775071980,565,14215,0,0,0
1775071980,565,14211,1,1,1
1775072040,565,14223,75.47,75.47,75.47
1775072040,565,14221,16.74,16.74,16.74
1775072040,565,14215,0,0,0
1775072040,565,14211,1,1,1
1775072100,565,14223,75.47,75.47,75.47
1775072100,565,14221,16.74,16.74,16.74
1775072100,565,14215,0,0,0
1775072100,565,14211,1,1,1
1775072160,565,14223,75.47,75.9125,76.06
1775072160,565,14221,15.9,16.11,16.74
1775072160,565,14215,0,0,0
1775072160,565,14211,1,1,1
1775072220,565,14223,76.06,76.06,76.06
1775072220,565,14221,15.9,15.9,15.9
1775072220,565,14215,0,0,0
1775072220,565,14211,1,1,1
1775072280,565,14223,70.64,74.2533,76.06
1775072280,565,14221,15.9,17.0467,19.34
1775072280,565,14215,0,0,0
1775072280,565,14211,1,1,1
1775072340,565,14223,69.94,69.94,69.94
1775072340,565,14221,17.86,17.86,17.86
1775072340,565,14215,0,0,0
1775072340,565,14211,1,1,1
1775072400,565,14223,69.94,72.4375,73.27
1775072400,565,14221,18.27,18.2925,18.3
1775072400,565,14215,0,0,0
1775072400,565,14211,1,1,1
1775072460,565,14223,69.94,71.825,73.71
1775072460,565,14221,17.58,18.34,19.93
1775072460,565,14215,0,0,0
1775072460,565,14211,1,1,1
1775072520,565,14223,73.08,73.5525,73.71
1775072520,565,14221,13.48,16.555,17.58
1775072520,565,14215,0,0,0
1775072520,565,14211,1,1,1
1775072580,565,14223,69.96,71.0233,72.95
1775072580,565,14221,11.48,12.3533,13.62
1775072580,565,14215,0,0,0
1775072580,565,14211,1,1,1
1775072640,565,14223,70.62,71.92,72.57
1775072640,565,14221,10.69,10.7367,10.83
1775072640,565,14215,0,0,0
1775072640,565,14211,1,1,1
1775072700,565,14223,70.41,70.9675,72.45
1775072700,565,14221,11.37,12.005,13.15
1775072700,565,14215,0,0,0
1775072700,565,14211,1,1,1
1775072760,565,14223,70.19,70.3,70.41
1775072760,565,14221,13.42,14.9625,17.13
1775072760,565,14215,0,0,0
1775072760,565,14211,1,1,1
1775072820,565,14223,69.69,69.765,69.84
1775072820,565,14221,12.56,14.2225,15.49
1775072820,565,14215,0,0,0
1775072820,565,14211,1,1,1
1775072880,565,14223,68.68,68.9325,69.39
1775072880,565,14221,9.76,12.235,14.21
1775072880,565,14215,0,0,0
1775072880,565,14211,1,1,1
1775072940,565,14223,68.55,68.575,68.61
1775072940,565,14221,10.28,11.79,13.7
1775072940,565,14215,0,0,0
1775072940,565,14211,1,1,1
1775073000,565,14223,68.29,68.3975,68.52
1775073000,565,14221,15.16,15.695,15.91
1775073000,565,14215,0,0,0
1775073000,565,14211,1,1,1
1775073060,565,14223,68.36,68.385,68.46
1775073060,565,14221,12.6,14.8525,18.15
1775073060,565,14215,0,0,0
1775073060,565,14211,1,1,1
1775073120,565,14223,68.52,68.5775,68.62
1775073120,565,14221,10.9,13.3275,18.61
1775073120,565,14215,0,0,0
1775073120,565,14211,1,1,1
1775073180,565,14223,68.58,68.6625,68.69
1775073180,565,14221,10.4,10.505,10.57
1775073180,565,14215,0,0,0
1775073180,565,14211,1,1,1
1775073240,565,14223,68.62,68.685,68.71
1775073240,565,14221,9.96,10.915,12.55
1775073240,565,14215,0,0,0
1775073240,565,14211,1,1,1
1775073300,565,14223,68.46,68.52,68.56
1775073300,565,14221,10.72,11.635,12.65
1775073300,565,14215,0,0,0
1775073300,565,14211,1,1,1
1775073360,565,14223,68.55,68.55,68.55
1775073360,565,14221,10.58,10.79,11.01
1775073360,565,14215,0,0,0
1775073360,565,14211,1,1,1
1775073420,565,14223,69.75,69.75,69.75
1775073420,565,14221,10.85,10.85,10.85
1775073420,565,14215,0,0,0
1775073420,565,14211,1,1,1
1775073480,565,14223,68.51,68.595,68.63
1775073480,565,14221,10.66,11.2975,12.67
1775073480,565,14215,0,0,0
1775073480,565,14211,1,1,1
1775073540,565,14223,68.01,68.01,68.01
1775073540,565,14221,10.49,10.522,10.53
1775073540,565,14215,0,0,0
1775073540,565,14211,1,1,1
1775073600,565,14223,68.01,68.0267,68.06
1775073600,565,14221,10.53,12.39,16.11
1775073600,565,14215,0,0,0
1775073600,565,14211,1,1,1
1775073660,565,14223,0,0,0
1775073660,565,14221,0,0,0
1775073660,565,14215,0,0,0
1775073660,565,14211,1,1,1
1775073720,565,14223,67.89,68.162,68.38
1775073720,565,14221,11.95,13.496,14.29
1775073720,565,14215,0,0,0
1775073720,565,14211,1,1,1
1775073780,565,14223,68.44,68.4725,68.53
1775073780,565,14221,9.84,12.375,16.11
1775073780,565,14215,0,0,0
1775073780,565,14211,1,1,1
1775073840,565,14223,68.45,68.4967,68.52
1775073840,565,14221,11.68,15.13,17.91
1775073840,565,14215,0,0,0
1775073840,565,14211,1,1,1
1775073900,565,14223,68.47,69.14,71.1
1775073900,565,14221,10.86,11.6025,12.23
1775073900,565,14215,0,0,0
1775073900,565,14211,1,1,1
1775073960,565,14223,68.33,68.45,68.5
1775073960,565,14221,10.62,11.2375,11.67
1775073960,565,14215,0,0,0
1775073960,565,14211,1,1,1
1775074020,565,14223,68.26,68.2925,68.35
1775074020,565,14221,10.56,11.4,12.31
1775074020,565,14215,0,0,0
1775074020,565,14211,1,1,1
1775074080,565,14223,68.3,68.3175,68.35
1775074080,565,14221,11.12,11.3125,11.65
1775074080,565,14215,0,0,0
1775074080,565,14211,1,1,1
1775074140,565,14223,68.37,68.4975,68.63
1775074140,565,14221,10.62,11.3575,12.03
1775074140,565,14215,0,0,0
1775074140,565,14211,1,1,1
1775074200,565,14223,68.63,68.6467,68.68
1775074200,565,14221,11.22,11.6167,12.34
1775074200,565,14215,0,0,0
1775074200,565,14211,1,1,1
1775074260,565,14223,68.68,68.68,68.68
1775074260,565,14221,10.72,10.72,10.72
1775074260,565,14215,0,0,0
1775074260,565,14211,1,1,1
1775074320,565,14223,68.75,68.75,68.75
1775074320,565,14221,10.77,11.1933,11.45
1775074320,565,14215,0,0,0
1775074320,565,14211,1,1,1
1775074380,565,14223,68.79,68.8275,68.86
1775074380,565,14221,11.12,11.3225,11.67
1775074380,565,14215,0,0,0
1775074380,565,14211,1,1,1
1775074440,565,14223,68.99,68.99,68.99
1775074440,565,14221,10.72,11.2375,11.71
1775074440,565,14215,0,0,0
1775074440,565,14211,1,1,1
1775074500,565,14223,68.99,69.425,69.69
1775074500,565,14221,11.11,11.3875,11.61
1775074500,565,14215,0,0,0
1775074500,565,14211,1,1,1
1775074560,565,14223,69.63,69.635,69.64
1775074560,565,14221,10.58,11.2225,11.87
1775074560,565,14215,0,0,0
1775074560,565,14211,1,1,1
1775074620,565,14223,69.3,69.445,69.55
1775074620,565,14221,10.84,11.4075,11.71
1775074620,565,14215,0,0,0
1775074620,565,14211,1,1,1
1775074680,565,14223,68.96,68.975,69
1775074680,565,14221,10.83,11.235,11.61
1775074680,565,14215,0,0,0
1775074680,565,14211,1,1,1
1775074740,565,14223,68.42,68.5,68.71
1775074740,565,14221,10.14,10.955,11.67
1775074740,565,14215,0,0,0
1775074740,565,14211,1,1,1
1775074800,565,14223,68.44,68.465,68.49
1775074800,565,14221,11.67,12.2825,13.28
1775074800,565,14215,0,0,0
1775074800,565,14211,1,1,1
1775074860,565,14223,68.22,68.3425,68.48
1775074860,565,14221,10.17,10.9925,11.51
1775074860,565,14215,0,0,0
1775074860,565,14211,1,1,1
1775074920,565,14223,67.76,67.76,67.76
1775074920,565,14221,10.72,11.52,12.05
1775074920,565,14215,0,0,0
1775074920,565,14211,1,1,1
1775074980,565,14223,67.64,67.6825,67.79
1775074980,565,14221,11.17,11.935,13.42
1775074980,565,14215,0,0,0
1775074980,565,14211,1,1,1
1775075040,565,14223,67.98,67.9867,68
1775075040,565,14221,10.07,11.0833,12.19
1775075040,565,14215,0,0,0
1775075040,565,14211,1,1,1
1775075100,565,14223,68.15,68.15,68.15
1775075100,565,14221,12.66,12.66,12.66
1775075100,565,14215,0,0,0
1775075100,565,14211,1,1,1
1775075160,565,14223,68.3,68.3475,68.39
1775075160,565,14221,10.82,14.74,17.41
1775075160,565,14215,0,0,0
1775075160,565,14211,1,1,1
1775075220,565,14223,68.45,68.475,68.51
1775075220,565,14221,10.19,11.1,11.67
1775075220,565,14215,0,0,0
1775075220,565,14211,1,1,1
1775075280,565,14223,68.02,68.28,68.49
1775075280,565,14221,10.51,12.29,14.94
1775075280,565,14215,0,0,0
1775075280,565,14211,1,1,1
1775075340,565,14223,68.02,69.706,70.83
1775075340,565,14221,10.87,10.91,10.92
1775075340,565,14215,0,0,0
1775075340,565,14211,1,1,1
1775075400,565,14223,71.1,71.1,71.1
1775075400,565,14221,15.42,15.42,15.42
1775075400,565,14215,0,0,0
1775075400,565,14211,1,1,1
1775075460,565,14223,70.47,70.5275,70.7
1775075460,565,14221,12.98,14.81,15.42
1775075460,565,14215,0,0,0
1775075460,565,14211,1,1,1
1775075520,565,14223,70.7,70.7,70.7
1775075520,565,14221,12.98,12.98,12.98
1775075520,565,14215,0,0,0
1775075520,565,14211,1,1,1
1775075580,565,14223,0,0,0
1775075580,565,14221,0,0,0
1775075580,565,14215,0,0,0
1775075580,565,14211,1,1,1
1775075640,565,14223,67.37,69.325,71.21
1775075640,565,14221,12.98,16.03,19.23
1775075640,565,14215,0,0,0
1775075640,565,14211,1,1,1
1775075700,565,14223,66.93,67.26,67.37
1775075700,565,14221,12.63,14.96,16.29
1775075700,565,14215,0,0,0
1775075700,565,14211,1,1,1
1775075760,565,14223,66.55,66.835,66.93
1775075760,565,14221,13.62,15.985,19.31
1775075760,565,14215,0,0,0
1775075760,565,14211,1,1,1
1775075820,565,14223,66.14,66.2175,66.27
1775075820,565,14221,12.54,15,17.2
1775075820,565,14215,0,0,0
1775075820,565,14211,1,1,1
1775075880,565,14223,66.27,66.375,66.41
1775075880,565,14221,15.94,18.0375,19
1775075880,565,14215,0,0,0
1775075880,565,14211,1,1,1
1775075940,565,14223,66.79,66.82,66.85
1775075940,565,14221,15.39,16.89,19.06
1775075940,565,14215,0,0,0
1775075940,565,14211,1,1,1
1775076000,565,14223,66.87,68.2033,68.87
1775076000,565,14221,18.05,19.0567,19.56
1775076000,565,14215,0,0,0
1775076000,565,14211,1,1,1
1775076060,565,14223,68.87,68.87,68.87
1775076060,565,14221,19.56,19.56,19.56
1775076060,565,14215,0,0,0
1775076060,565,14211,1,1,1
1775076120,565,14223,68.87,69.02,69.47
1775076120,565,14221,13.97,18.1625,19.56
1775076120,565,14215,0,0,0
1775076120,565,14211,1,1,1
1775076180,565,14223,69.49,69.49,69.49
1775076180,565,14221,16.38,16.38,16.38
1775076180,565,14215,0,0,0
1775076180,565,14211,1,1,1
1775076240,565,14223,67.24,68.82,69.49
1775076240,565,14221,15.12,16.255,17.14
1775076240,565,14215,0,0,0
1775076240,565,14211,1,1,1
1775076300,565,14223,66.82,67.065,67.4
1775076300,565,14221,10.71,12.265,14.73
1775076300,565,14215,0,0,0
1775076300,565,14211,1,1,1
1775076360,565,14223,67.29,67.3425,67.37
1775076360,565,14221,10.58,11.34,12.31
1775076360,565,14215,0,0,0
1775076360,565,14211,1,1,1
1775076420,565,14223,67.08,67.2225,67.35
1775076420,565,14221,10.34,10.7025,10.89
1775076420,565,14215,0,0,0
1775076420,565,14211,1,1,1
1775076480,565,14223,66.87,67.1025,67.3
1775076480,565,14221,9.52,9.945,10.39
1775076480,565,14215,0,0,0
1775076480,565,14211,1,1,1
1775076540,565,14223,66.56,66.64,66.75
1775076540,565,14221,9.39,10.1133,10.99
1775076540,565,14215,0,0,0
1775076540,565,14211,1,1,1
1775076600,565,14223,66.93,67.4625,69.06
1775076600,565,14221,10.18,11.035,13.6
1775076600,565,14215,0,0,0
1775076600,565,14211,1,1,1
1775076660,565,14223,66.7,68.1267,70.98
1775076660,565,14221,15.98,17.45,18.61
1775076660,565,14215,0,0,0
1775076660,565,14211,1,1,1
1775076720,565,14223,70.98,70.98,70.98
1775076720,565,14221,18.61,18.61,18.61
1775076720,565,14215,0,0,0
1775076720,565,14211,1,1,1
1775076780,565,14223,71.09,71.33,71.41
1775076780,565,14221,13.86,18.675,20.28
1775076780,565,14215,0,0,0
1775076780,565,14211,1,1,1
1775076840,565,14223,66.68,66.795,66.91
1775076840,565,14221,12.22,13.5975,14.91
1775076840,565,14215,0,0,0
1775076840,565,14211,1,1,1
1775076900,565,14223,66.86,66.92,66.98
1775076900,565,14221,11.73,13.8125,17.37
1775076900,565,14215,0,0,0
1775076900,565,14211,1,1,1
1775076960,565,14223,66.26,68.455,70.65
1775076960,565,14221,11.35,11.9575,12.16
1775076960,565,14215,0,0,0
1775076960,565,14211,1,1,1
1775077020,565,14223,66.12,66.2333,66.32
1775077020,565,14221,9.95,10.9933,12.51
1775077020,565,14215,0,0,0
1775077020,565,14211,1,1,1
1775077080,565,14223,0,0,0
1775077080,565,14221,0,0,0
1775077080,565,14215,0,0,0
1775077080,565,14211,1,1,1
1775077140,565,14223,68.35,68.35,68.35
1775077140,565,14221,9.66,9.66,9.66
1775077140,565,14215,0,0,0
1775077140,565,14211,1,1,1
1775077200,565,14223,68.03,69.9633,70.93
1775077200,565,14221,13.95,14.3667,15.2
1775077200,565,14215,0,0,0
1775077200,565,14211,1,1,1
1775077260,565,14223,70.6,70.6,70.6
1775077260,565,14221,16.97,16.97,16.97
1775077260,565,14215,0,0,0
1775077260,565,14211,1,1,1
1775077320,565,14223,70.6,70.6,70.6
1775077320,565,14221,18.82,18.82,18.82
1775077320,565,14215,0,0,0
1775077320,565,14211,1,1,1
1775077380,565,14223,70.33,70.3975,70.6
1775077380,565,14221,18.2,18.355,18.82
1775077380,565,14215,0,0,0
1775077380,565,14211,1,1,1
1775077440,565,14223,66.06,69.2475,70.33
1775077440,565,14221,16.03,17.43,18.53
1775077440,565,14215,0,0,0
1775077440,565,14211,1,1,1
1775077500,565,14223,65.71,67.6675,68.32
1775077500,565,14221,20.37,20.8425,21
1775077500,565,14215,0,0,0
1775077500,565,14211,1,1,1
1775077560,565,14223,65.17,65.3375,65.48
1775077560,565,14221,14.84,16.8725,18.2
1775077560,565,14215,0,0,0
1775077560,565,14211,1,1,1
1775077620,565,14223,64.44,65.695,68.64
1775077620,565,14221,12.65,15.7725,18.71
1775077620,565,14215,0,0,0
1775077620,565,14211,1,1,1
1775077680,565,14223,68.64,68.64,68.64
1775077680,565,14221,18.71,18.71,18.71
1775077680,565,14215,0,0,0
1775077680,565,14211,1,1,1
1775077740,565,14223,68.64,68.64,68.64
1775077740,565,14221,18.71,18.71,18.71
1775077740,565,14215,0,0,0
1775077740,565,14211,1,1,1
1775077800,565,14223,68.21,68.296,68.64
1775077800,565,14221,18.71,19.854,20.14
1775077800,565,14215,0,0,0
1775077800,565,14211,1,1,1
1775077860,565,14223,68.21,68.21,68.21
1775077860,565,14221,20.14,20.14,20.14
1775077860,565,14215,0,0,0
1775077860,565,14211,1,1,1
1775077920,565,14223,68.21,68.21,68.21
1775077920,565,14221,20.14,20.14,20.14
1775077920,565,14215,0,0,0
1775077920,565,14211,1,1,1
1775077980,565,14223,68.21,68.21,68.21
1775077980,565,14221,20.14,20.14,20.14
1775077980,565,14215,0,0,0
1775077980,565,14211,1,1,1
1775078040,565,14223,69.46,69.8775,71.13
1775078040,565,14221,14.8,16.525,17.1
1775078040,565,14215,0,0,0
1775078040,565,14211,1,1,1
1775078100,565,14223,71.77,72,72.21
1775078100,565,14221,13.23,15.355,17.47
1775078100,565,14215,0,0,0
1775078100,565,14211,1,1,1
1775078160,565,14223,64.44,66.37,71.12
1775078160,565,14221,16.05,17.785,19.66
1775078160,565,14215,0,0,0
1775078160,565,14211,1,1,1
1775078220,565,14223,65.3,65.385,65.64
1775078220,565,14221,15.15,16.135,18.41
1775078220,565,14215,0,0,0
1775078220,565,14211,1,1,1
1775078280,565,14223,65.91,66.205,66.57
1775078280,565,14221,10.85,14.245,17.91
1775078280,565,14215,0,0,0
1775078280,565,14211,1,1,1
1775078340,565,14223,66.34,66.4167,66.57
1775078340,565,14221,19.8,20.1533,20.33
1775078340,565,14215,0,0,0
1775078340,565,14211,1,1,1
1775078400,565,14223,66.34,66.34,66.34
1775078400,565,14221,18.85,18.85,18.85
1775078400,565,14215,0,0,0
1775078400,565,14211,1,1,1
1775078460,565,14223,66.81,67.02,67.19
1775078460,565,14221,11.78,13.36,14.32
1775078460,565,14215,0,0,0
1775078460,565,14211,1,1,1
1775078520,565,14223,66.92,66.97,67.06
1775078520,565,14221,13.35,15.545,17.02
1775078520,565,14215,0,0,0
1775078520,565,14211,1,1,1
1775078580,565,14223,67.06,67.6625,69.47
1775078580,565,14221,12.97,15.37,16.48
1775078580,565,14215,0,0,0
1775078580,565,14211,1,1,1
1775078640,565,14223,68.59,68.7625,69.28
1775078640,565,14221,14.18,15.445,19.24
1775078640,565,14215,0,0,0
1775078640,565,14211,1,1,1
1775078700,565,14223,70.39,71.36,72.52
1775078700,565,14221,13.91,16.1675,19.24
1775078700,565,14215,0,0,0
1775078700,565,14211,1,1,1
1775078760,565,14223,66.87,69.9,72.9
1775078760,565,14221,11.66,13.575,16.17
1775078760,565,14215,0,0,0
1775078760,565,14211,1,1,1
1775078820,565,14223,66.94,67.045,67.08
1775078820,565,14221,14.41,15.4475,16.46
1775078820,565,14215,0,0,0
1775078820,565,14211,1,1,1
1775078880,565,14223,67.3,70.66,72.34
1775078880,565,14221,17.47,17.47,17.47
1775078880,565,14215,0,0,0
1775078880,565,14211,1,1,1
1775078940,565,14223,72.68,72.68,72.68
1775078940,565,14221,17.47,17.47,17.47
1775078940,565,14215,0,0,0
1775078940,565,14211,1,1,1
1775079000,565,14223,73.42,73.42,73.42
1775079000,565,14221,17.3,17.855,18.04
1775079000,565,14215,0,0,0
1775079000,565,14211,1,1,1
1775079060,565,14223,72.69,72.69,72.69
1775079060,565,14221,17.72,17.72,17.72
1775079060,565,14215,0,0,0
1775079060,565,14211,1,1,1
1775079120,565,14223,72.69,72.69,72.69
1775079120,565,14221,17.72,17.72,17.72
1775079120,565,14215,0,0,0
1775079120,565,14211,1,1,1
1775079180,565,14223,72.69,72.69,72.69
1775079180,565,14221,17.72,17.72,17.72
1775079180,565,14215,0,0,0
1775079180,565,14211,1,1,1
1775079240,565,14223,67.3,67.3,67.3
1775079240,565,14221,19.67,19.67,19.67
1775079240,565,14215,0,0,0
1775079240,565,14211,1,1,1
1775079300,565,14223,74.04,74.04,74.04
1775079300,565,14221,21.53,21.53,21.53
1775079300,565,14215,0,0,0
1775079300,565,14211,1,1,1
1775079360,565,14223,73.24,73.246,73.27
1775079360,565,14221,17.8,18.648,18.86
1775079360,565,14215,0,0,0
1775079360,565,14211,1,1,1
1775079420,565,14223,72.18,72.71,73.24
1775079420,565,14221,18.86,19.635,21.63
1775079420,565,14215,0,0,0
1775079420,565,14211,1,1,1
1775079480,565,14223,72.18,72.18,72.18
1775079480,565,14221,21.63,21.63,21.63
1775079480,565,14215,0,0,0
1775079480,565,14211,1,1,1
1775079540,565,14223,72.18,72.18,72.18
1775079540,565,14221,21.63,21.63,21.63
1775079540,565,14215,0,0,0
1775079540,565,14211,1,1,1
1775079600,565,14223,67.3,70.7825,71.97
1775079600,565,14221,17.93,20.305,23.66
1775079600,565,14215,0,0,0
1775079600,565,14211,1,1,1
1775079660,565,14223,67.75,68.98,71.93
1775079660,565,14221,14.5,16.0325,17.93
1775079660,565,14215,0,0,0
1775079660,565,14211,1,1,1
1775079720,565,14223,68.49,69.175,69.93
1775079720,565,14221,11.77,13.985,17.98
1775079720,565,14215,0,0,0
1775079720,565,14211,1,1,1
1775079780,565,14223,70.04,70.1825,70.61
1775079780,565,14221,13.85,14.2075,14.52
1775079780,565,14215,0,0,0
1775079780,565,14211,1,1,1
1775079840,565,14223,70.61,70.845,70.99
1775079840,565,14221,12.51,14.8675,16.48
1775079840,565,14215,0,0,0
1775079840,565,14211,1,1,1
1775079900,565,14223,70.43,70.6525,70.93
1775079900,565,14221,12.11,13.705,16.02
1775079900,565,14215,0,0,0
1775079900,565,14211,1,1,1
1775079960,565,14223,70.43,70.43,70.43
1775079960,565,14221,15.09,18.1625,19.62
1775079960,565,14215,0,0,0
1775079960,565,14211,1,1,1
1775080020,565,14223,69.65,69.91,70.15
1775080020,565,14221,12.21,13.6125,15.12
1775080020,565,14215,0,0,0
1775080020,565,14211,1,1,1
1775080080,565,14223,69.45,70.4625,70.8
1775080080,565,14221,17.07,17.07,17.07
1775080080,565,14215,0,0,0
1775080080,565,14211,1,1,1
1775080140,565,14223,68.45,68.825,69.61
1775080140,565,14221,12.41,15.305,17.07
1775080140,565,14215,0,0,0
1775080140,565,14211,1,1,1
1775080200,565,14223,68.71,68.9775,69.07
1775080200,565,14221,14.23,15.7,17.36
1775080200,565,14215,0,0,0
1775080200,565,14211,1,1,1
1775080260,565,14223,69.06,69.066,69.09
1775080260,565,14221,16.35,18.722,19.66
1775080260,565,14215,0,0,0
1775080260,565,14211,1,1,1
1775080320,565,14223,68.89,69.01,69.09
1775080320,565,14221,13.28,14.2175,16.18
1775080320,565,14215,0,0,0
1775080320,565,14211,1,1,1
1775080380,565,14223,68.86,68.885,68.93
1775080380,565,14221,14.96,15.61,15.98
1775080380,565,14215,0,0,0
1775080380,565,14211,1,1,1
1775080440,565,14223,69,69.045,69.06
1775080440,565,14221,15.96,17.3425,18.98
1775080440,565,14215,0,0,0
1775080440,565,14211,1,1,1
1775080500,565,14223,68.97,69.03,69.07
1775080500,565,14221,17.02,17.505,18.34
1775080500,565,14215,0,0,0
1775080500,565,14211,1,1,1
1775080560,565,14223,68.99,71.0075,71.68
1775080560,565,14221,16.44,16.44,16.44
1775080560,565,14215,0,0,0
1775080560,565,14211,1,1,1
1775080620,565,14223,68.33,69.9275,71.23
1775080620,565,14221,12.53,13.735,14.71
1775080620,565,14215,0,0,0
1775080620,565,14211,1,1,1
1775080680,565,14223,66.92,67.4975,68.33
1775080680,565,14221,13.37,14.975,16.37
1775080680,565,14215,0,0,0
1775080680,565,14211,1,1,1
1775080740,565,14223,66.83,66.84,66.87
1775080740,565,14221,12.55,15.795,17.98
1775080740,565,14215,0,0,0
1775080740,565,14211,1,1,1
1775080800,565,14223,66.87,67.06,67.25
1775080800,565,14221,12.56,14.6875,16.65
1775080800,565,14215,0,0,0
1775080800,565,14211,1,1,1
1775080860,565,14223,67.37,70.3775,71.38
1775080860,565,14221,14.68,14.68,14.68
1775080860,565,14215,0,0,0
1775080860,565,14211,1,1,1
1775080920,565,14223,71.38,71.9125,73.51
1775080920,565,14221,12.38,14.105,14.68
1775080920,565,14215,0,0,0
1775080920,565,14211,1,1,1
1775080980,565,14223,67.37,70.2325,73.37
1775080980,565,14221,16.86,17.8575,18.65
1775080980,565,14215,0,0,0
1775080980,565,14211,1,1,1
1775081040,565,14223,67.45,67.45,67.45
1775081040,565,14221,16.83,17.73,19.26
1775081040,565,14215,0,0,0
1775081040,565,14211,1,1,1
1775081100,565,14223,67.45,67.45,67.45
1775081100,565,14221,17.08,17.08,17.08
1775081100,565,14215,0,0,0
1775081100,565,14211,1,1,1
1775081160,565,14223,66.53,66.53,66.53
1775081160,565,14221,17.59,19.0367,19.81
1775081160,565,14215,0,0,0
1775081160,565,14211,1,1,1
1775081220,565,14223,66.53,66.58,66.63
1775081220,565,14221,16.69,18.4625,19.91
1775081220,565,14215,0,0,0
1775081220,565,14211,1,1,1
1775081280,565,14223,66.82,69.055,71.28
1775081280,565,14221,21.69,22.5375,22.82
1775081280,565,14215,0,0,0
1775081280,565,14211,1,1,1
1775081340,565,14223,71.69,71.69,71.69
1775081340,565,14221,22.91,22.91,22.91
1775081340,565,14215,0,0,0
1775081340,565,14211,1,1,1
1775081400,565,14223,66.97,71.005,72.61
1775081400,565,14221,18.49,21.015,23.71
1775081400,565,14215,0,0,0
1775081400,565,14211,1,1,1
1775081460,565,14223,66.97,68.445,72.87
1775081460,565,14221,16.19,18.16,20.61
1775081460,565,14215,0,0,0
1775081460,565,14211,1,1,1
1775081520,565,14223,66.84,68.165,71.95
1775081520,565,14221,16.87,18.37,19.29
1775081520,565,14215,0,0,0
1775081520,565,14211,1,1,1
1775081580,565,14223,71.95,71.95,71.95
1775081580,565,14221,18.66,18.66,18.66
1775081580,565,14215,0,0,0
1775081580,565,14211,1,1,1
1775081640,565,14223,71.95,71.95,71.95
1775081640,565,14221,18.66,18.66,18.66
1775081640,565,14215,0,0,0
1775081640,565,14211,1,1,1
1775081700,565,14223,66.98,70.055,71.08
1775081700,565,14221,15.74,18.4925,19.41
1775081700,565,14215,0,0,0
1775081700,565,14211,1,1,1
1775081760,565,14223,66.98,67.0367,67.15
1775081760,565,14221,14.23,15.2333,15.9
1775081760,565,14215,0,0,0
1775081760,565,14211,1,1,1
1775081820,565,14223,73.61,73.61,73.61
1775081820,565,14221,14.93,15.6825,17.94
1775081820,565,14215,0,0,0
1775081820,565,14211,1,1,1
1775081880,565,14223,71.82,72.8475,73.19
1775081880,565,14221,19.06,19.1575,19.19
1775081880,565,14215,0,0,0
1775081880,565,14211,1,1,1
1775081940,565,14223,67.06,68.405,72.42
1775081940,565,14221,19.08,19.3075,19.95
1775081940,565,14215,0,0,0
1775081940,565,14211,1,1,1
1775082000,565,14223,66.78,66.795,66.82
1775082000,565,14221,20.03,20.46,20.89
1775082000,565,14215,0,0,0
1775082000,565,14211,1,1,1
1775082060,565,14223,66.75,69.93,71.52
1775082060,565,14221,15.91,17.3067,20.1
1775082060,565,14215,0,0,0
1775082060,565,14211,1,1,1
1775082120,565,14223,71.52,71.52,71.52
1775082120,565,14221,15.91,15.91,15.91
1775082120,565,14215,0,0,0
1775082120,565,14211,1,1,1
1775082180,565,14223,71.52,71.9367,72.34
1775082180,565,14221,14.99,16.38,17.59
1775082180,565,14215,0,0,0
1775082180,565,14211,1,1,1
1775082240,565,14223,71.95,71.95,71.95
1775082240,565,14221,17.59,17.59,17.59
1775082240,565,14215,0,0,0
1775082240,565,14211,1,1,1
1775082300,565,14223,71.95,71.95,71.95
1775082300,565,14221,17.59,17.59,17.59
1775082300,565,14215,0,0,0
1775082300,565,14211,1,1,1
1775082360,565,14223,71.95,71.95,71.95
1775082360,565,14221,17.59,17.59,17.59
1775082360,565,14215,0,0,0
1775082360,565,14211,1,1,1
1775082420,565,14223,71.95,71.95,71.95
1775082420,565,14221,17.59,17.59,17.59
1775082420,565,14215,0,0,0
1775082420,565,14211,1,1,1
1775082480,565,14223,71.95,72.56,73.01
1775082480,565,14221,17.59,17.9975,18.27
1775082480,565,14215,0,0,0
1775082480,565,14211,1,1,1
1775082540,565,14223,72.86,72.86,72.86
1775082540,565,14221,18.27,18.27,18.27
1775082540,565,14215,0,0,0
1775082540,565,14211,1,1,1
1775082600,565,14223,66.48,66.48,66.48
1775082600,565,14221,18.69,18.69,18.69
1775082600,565,14215,0,0,0
1775082600,565,14211,1,1,1
1775082660,565,14223,71.02,71.02,71.02
1775082660,565,14221,11.41,11.41,11.41
1775082660,565,14215,0,0,0
1775082660,565,14211,1,1,1
1775082720,565,14223,0,0,0
1775082720,565,14221,0,0,0
1775082720,565,14215,0,0,0
1775082720,565,14211,1,1,1
1775082780,565,14223,71.02,71.02,71.02
1775082780,565,14221,11.41,11.41,11.41
1775082780,565,14215,0,0,0
1775082780,565,14211,1,1,1
1775082840,565,14223,71.02,71.02,71.02
1775082840,565,14221,11.41,11.41,11.41
1775082840,565,14215,0,0,0
1775082840,565,14211,1,1,1
1775082900,565,14223,65.77,69.495,70.96
1775082900,565,14221,15.66,16.525,17.39
1775082900,565,14215,0,0,0
1775082900,565,14211,1,1,1
1775082960,565,14223,69.99,70.185,70.38
1775082960,565,14221,17.39,17.39,17.39
1775082960,565,14215,0,0,0
1775082960,565,14211,1,1,1
1775083020,565,14223,69.99,69.99,69.99
1775083020,565,14221,17.39,17.39,17.39
1775083020,565,14215,0,0,0
1775083020,565,14211,1,1,1
1775083080,565,14223,65.45,67.8,69.99
1775083080,565,14221,14.89,16.415,17.39
1775083080,565,14215,0,0,0
1775083080,565,14211,1,1,1
1775083140,565,14223,65.24,65.28,65.32
1775083140,565,14221,15.54,16.385,16.78
1775083140,565,14215,0,0,0
1775083140,565,14211,1,1,1
1775083200,565,14223,65.23,65.2975,65.36
1775083200,565,14221,14.46,15.1175,15.78
1775083200,565,14215,0,0,0
1775083200,565,14211,1,1,1
1775083260,565,14223,65.61,65.6525,65.76
1775083260,565,14221,15.14,15.6425,16.01
1775083260,565,14215,0,0,0
1775083260,565,14211,1,1,1
1775083320,565,14223,64.72,65.0375,65.45
1775083320,565,14221,15.27,15.7925,16.35
1775083320,565,14215,0,0,0
1775083320,565,14211,1,1,1
1775083380,565,14223,64.44,64.5675,64.77
1775083380,565,14221,15.63,15.97,16.33
1775083380,565,14215,0,0,0
1775083380,565,14211,1,1,1
1775083440,565,14223,64.77,64.77,64.77
1775083440,565,14221,16.12,16.565,16.92
1775083440,565,14215,0,0,0
1775083440,565,14211,1,1,1
1775083500,565,14223,64.77,70.8225,72.87
1775083500,565,14221,15.98,17.5425,20.08
1775083500,565,14215,0,0,0
1775083500,565,14211,1,1,1
1775083560,565,14223,64.77,64.77,64.77
1775083560,565,14221,15.71,17.5025,19.89
1775083560,565,14215,0,0,0
1775083560,565,14211,1,1,1
1775083620,565,14223,65.22,65.2933,65.33
1775083620,565,14221,15.16,17.2633,20.82
1775083620,565,14215,0,0,0
1775083620,565,14211,1,1,1
1775083680,565,14223,65.56,66.0425,66.44
1775083680,565,14221,11.03,13.0275,15.96
1775083680,565,14215,0,0,0
1775083680,565,14211,1,1,1
1775083740,565,14223,66.44,68.3775,74.19
1775083740,565,14221,15.57,16.845,17.75
1775083740,565,14215,0,0,0
1775083740,565,14211,1,1,1
1775083800,565,14223,66.44,71.6575,73.59
1775083800,565,14221,16.52,16.81,17.44
1775083800,565,14215,0,0,0
1775083800,565,14211,1,1,1
1775083860,565,14223,66.44,71.984,73.37
1775083860,565,14221,17.44,18.8,19.58
1775083860,565,14215,0,0,0
1775083860,565,14211,1,1,1
1775083920,565,14223,66.44,71.06,73.37
1775083920,565,14221,19.58,20.2,21.44
1775083920,565,14215,0,0,0
1775083920,565,14211,1,1,1
1775083980,565,14223,66.44,66.44,66.44
1775083980,565,14221,16.82,16.82,16.82
1775083980,565,14215,0,0,0
1775083980,565,14211,1,1,1
1775084040,565,14223,68.43,69.71,72.85
1775084040,565,14221,9.83,11.4725,12.2
1775084040,565,14215,0,0,0
1775084040,565,14211,1,1,1
1775084100,565,14223,68.78,69.69,70.6
1775084100,565,14221,10.19,14.71,16.49
1775084100,565,14215,0,0,0
1775084100,565,14211,1,1,1
1775084160,565,14223,69.09,69.6433,70.6
1775084160,565,14221,16.49,17.3467,19.06
1775084160,565,14215,0,0,0
1775084160,565,14211,1,1,1
1775084220,565,14223,69.08,69.08,69.08
1775084220,565,14221,12.68,12.68,12.68
1775084220,565,14215,0,0,0
1775084220,565,14211,1,1,1
1775084280,565,14223,69.28,69.415,69.52
1775084280,565,14221,10.6,11.13,11.72
1775084280,565,14215,0,0,0
1775084280,565,14211,1,1,1
1775084340,565,14223,68.79,68.97,69.23
1775084340,565,14221,9.8,9.9925,10.15
1775084340,565,14215,0,0,0
1775084340,565,14211,1,1,1
1775084400,565,14223,67.83,68,68.35
1775084400,565,14221,10.82,13.07,16.59
1775084400,565,14215,0,0,0
1775084400,565,14211,1,1,1
1775084460,565,14223,67.7,67.7325,67.83
1775084460,565,14221,10.08,11.09,11.89
1775084460,565,14215,0,0,0
1775084460,565,14211,1,1,1
1775084520,565,14223,67.27,67.46,67.66
1775084520,565,14221,9.55,10.4475,11.06
1775084520,565,14215,0,0,0
1775084520,565,14211,1,1,1
1775084580,565,14223,66.91,67.0275,67.1
1775084580,565,14221,9.75,10.245,11.13
1775084580,565,14215,0,0,0
1775084580,565,14211,1,1,1
1775084640,565,14223,67.16,67.205,67.34
1775084640,565,14221,10.04,11.1175,11.94
1775084640,565,14215,0,0,0
1775084640,565,14211,1,1,1
1775084700,565,14223,67.09,67.2333,67.52
1775084700,565,14221,11.41,11.4967,11.67
1775084700,565,14215,0,0,0
1775084700,565,14211,1,1,1
1775084760,565,14223,66.66,67.125,68.09
1775084760,565,14221,10.55,10.795,11.41
1775084760,565,14215,0,0,0
1775084760,565,14211,1,1,1
1775084820,565,14223,68.09,68.5425,68.87
1775084820,565,14221,10.71,11.95,14.45
1775084820,565,14215,0,0,0
1775084820,565,14211,1,1,1
1775084880,565,14223,68.53,68.785,68.87
1775084880,565,14221,10.99,12.1925,13.57
1775084880,565,14215,0,0,0
1775084880,565,14211,1,1,1
1775084940,565,14223,68.9,68.9475,69.02
1775084940,565,14221,11.05,11.2825,11.63
1775084940,565,14215,0,0,0
1775084940,565,14211,1,1,1
1775085000,565,14223,68.9,68.9,68.9
1775085000,565,14221,11.05,11.05,11.05
1775085000,565,14215,0,0,0
1775085000,565,14211,1,1,1
1775085060,565,14223,0,0,0
1775085060,565,14221,0,0,0
1775085060,565,14215,0,0,0
1775085060,565,14211,1,1,1
1775085120,565,14223,68.09,68.1775,68.44
1775085120,565,14221,13.61,15.98,16.77
1775085120,565,14215,0,0,0
1775085120,565,14211,1,1,1
1775085180,565,14223,68.09,68.8767,69.34
1775085180,565,14221,13.57,15.25,16.77
1775085180,565,14215,0,0,0
1775085180,565,14211,1,1,1
1775085240,565,14223,69.45,69.45,69.45
1775085240,565,14221,13.64,13.64,13.64
1775085240,565,14215,0,0,0
1775085240,565,14211,1,1,1
1775085300,565,14223,69.27,69.6825,69.88
1775085300,565,14221,11.09,14.2375,17.64
1775085300,565,14215,0,0,0
1775085300,565,14211,1,1,1
1775085360,565,14223,69.11,69.11,69.11
1775085360,565,14221,15.84,15.84,15.84
1775085360,565,14215,0,0,0
1775085360,565,14211,1,1,1
1775085420,565,14223,69.02,69.02,69.02
1775085420,565,14221,18.74,18.74,18.74
1775085420,565,14215,0,0,0
1775085420,565,14211,1,1,1
1775085480,565,14223,69.39,69.39,69.39
1775085480,565,14221,18.45,18.45,18.45
1775085480,565,14215,0,0,0
1775085480,565,14211,1,1,1
1775085540,565,14223,68.8,69.115,69.47
1775085540,565,14221,14.02,15.54,18.45
1775085540,565,14215,0,0,0
1775085540,565,14211,1,1,1
1775085600,565,14223,68.79,68.9829,69.47
1775085600,565,14221,10.39,11.5943,14.02
1775085600,565,14215,0,0,0
1775085600,565,14211,1,1,1
1775085660,565,14223,69.42,69.42,69.42
1775085660,565,14221,10.39,10.39,10.39
1775085660,565,14215,0,0,0
1775085660,565,14211,1,1,1
1775085720,565,14223,68.45,68.89,69.42
1775085720,565,14221,13.94,14.9233,15.84
1775085720,565,14215,0,0,0
1775085720,565,14211,1,1,1
1775085780,565,14223,68.4,68.4,68.4
1775085780,565,14221,16.12,16.12,16.12
1775085780,565,14215,0,0,0
1775085780,565,14211,1,1,1
1775085840,565,14223,67.86,69.64,71.42
1775085840,565,14221,13.4,13.95,14.94
1775085840,565,14215,0,0,0
1775085840,565,14211,1,1,1
1775085900,565,14223,67.66,71.575,72.88
1775085900,565,14221,10.76,13.3175,14.17
1775085900,565,14215,0,0,0
1775085900,565,14211,1,1,1
1775085960,565,14223,72.88,73.91,74.7
1775085960,565,14221,9.99,11.3833,14.17
1775085960,565,14215,0,0,0
1775085960,565,14211,1,1,1
1775086020,565,14223,75.77,75.77,75.77
1775086020,565,14221,12,12,12
1775086020,565,14215,0,0,0
1775086020,565,14211,1,1,1
1775086080,565,14223,67.75,70.28,75.31
1775086080,565,14221,10.67,12.18,14.85
1775086080,565,14215,0,0,0
1775086080,565,14211,1,1,1
1775086140,565,14223,67.9,70.8225,73.7
1775086140,565,14221,10.77,11.44,12.61
1775086140,565,14215,0,0,0
1775086140,565,14211,1,1,1
1775086200,565,14223,68.06,70.75,73.7
1775086200,565,14221,11.19,13.7725,16.27
1775086200,565,14215,0,0,0
1775086200,565,14211,1,1,1
1775086260,565,14223,68.01,68.065,68.12
1775086260,565,14221,15.58,18.07,20.62
1775086260,565,14215,0,0,0
1775086260,565,14211,1,1,1
1775086320,565,14223,68.01,68.2825,68.5
1775086320,565,14221,10.08,13.54,17.77
1775086320,565,14215,0,0,0
1775086320,565,14211,1,1,1
1775086380,565,14223,68.63,70.4525,71.06
1775086380,565,14221,9.76,9.855,10.14
1775086380,565,14215,0,0,0
1775086380,565,14211,1,1,1
1775086440,565,14223,68.61,69.3725,71.66
1775086440,565,14221,15.05,17.94,19.32
1775086440,565,14215,0,0,0
1775086440,565,14211,1,1,1
1775086500,565,14223,68.61,70.62,71.29
1775086500,565,14221,19.58,19.58,19.58
1775086500,565,14215,0,0,0
1775086500,565,14211,1,1,1
1775086560,565,14223,70.34,70.53,70.77
1775086560,565,14221,13.47,15.0233,17.55
1775086560,565,14215,0,0,0
1775086560,565,14211,1,1,1
1775086620,565,14223,70.48,70.48,70.48
1775086620,565,14221,12.01,12.01,12.01
1775086620,565,14215,0,0,0
1775086620,565,14211,1,1,1
1775086680,565,14223,70.48,70.48,70.48
1775086680,565,14221,12.01,12.01,12.01
1775086680,565,14215,0,0,0
1775086680,565,14211,1,1,1
1775086740,565,14223,70.44,70.44,70.44
1775086740,565,14221,14.21,14.21,14.21
1775086740,565,14215,0,0,0
1775086740,565,14211,1,1,1
1775086800,565,14223,70.44,70.44,70.44
1775086800,565,14221,14.21,14.21,14.21
1775086800,565,14215,0,0,0
1775086800,565,14211,1,1,1
1775086860,565,14223,70.44,70.44,70.44
1775086860,565,14221,14.21,14.21,14.21
1775086860,565,14215,0,0,0
1775086860,565,14211,1,1,1
1775086920,565,14223,70.44,70.44,70.44
1775086920,565,14221,14.21,14.21,14.21
1775086920,565,14215,0,0,0
1775086920,565,14211,1,1,1
1775086980,565,14223,70.44,70.44,70.44
1775086980,565,14221,14.21,14.21,14.21
1775086980,565,14215,0,0,0
1775086980,565,14211,1,1,1
1775087040,565,14223,70.44,70.44,70.44
1775087040,565,14221,14.21,14.21,14.21
1775087040,565,14215,0,0,0
1775087040,565,14211,1,1,1
1775087100,565,14223,68.46,70.5575,72.58
1775087100,565,14221,13.07,15.0025,16.6
1775087100,565,14215,0,0,0
1775087100,565,14211,1,1,1
1775087160,565,14223,72.58,72.58,72.58
1775087160,565,14221,15.17,15.615,16.06
1775087160,565,14215,0,0,0
1775087160,565,14211,1,1,1
1775087220,565,14223,68.46,70.0375,74.76
1775087220,565,14221,14.23,16.3475,18.25
1775087220,565,14215,0,0,0
1775087220,565,14211,1,1,1
1775087280,565,14223,73.72,73.72,73.72
1775087280,565,14221,18.6,18.6,18.6
1775087280,565,14215,0,0,0
1775087280,565,14211,1,1,1
1775087340,565,14223,73.72,73.72,73.72
1775087340,565,14221,18.6,18.6,18.6
1775087340,565,14215,0,0,0
1775087340,565,14211,1,1,1
1775087400,565,14223,73.72,73.72,73.72
1775087400,565,14221,18.6,18.6,18.6
1775087400,565,14215,0,0,0
1775087400,565,14211,1,1,1
1775087460,565,14223,73.72,73.72,73.72
1775087460,565,14221,18.6,18.6,18.6
1775087460,565,14215,0,0,0
1775087460,565,14211,1,1,1
1775087520,565,14223,0,0,0
1775087520,565,14221,0,0,0
1775087520,565,14215,0,0,0
1775087520,565,14211,1,1,1
1775087580,565,14223,73.02,73.02,73.02
1775087580,565,14221,17.5,17.5,17.5
1775087580,565,14215,0,0,0
1775087580,565,14211,1,1,1
1775087640,565,14223,73.02,73.02,73.02
1775087640,565,14221,17.5,17.5,17.5
1775087640,565,14215,0,0,0
1775087640,565,14211,1,1,1
1775087700,565,14223,73.02,73.02,73.02
1775087700,565,14221,17.5,17.5,17.5
1775087700,565,14215,0,0,0
1775087700,565,14211,1,1,1
1775087760,565,14223,73.02,73.02,73.02
1775087760,565,14221,17.5,17.5,17.5
1775087760,565,14215,0,0,0
1775087760,565,14211,1,1,1
1775087820,565,14223,73.02,73.335,73.44
1775087820,565,14221,17.5,18.85,19.3
1775087820,565,14215,0,0,0
1775087820,565,14211,1,1,1
1775087880,565,14223,72.88,73.02,73.44
1775087880,565,14221,19.3,20.29,20.62
1775087880,565,14215,0,0,0
1775087880,565,14211,1,1,1
1775087940,565,14223,72.88,72.88,72.88
1775087940,565,14221,20.62,20.62,20.62
1775087940,565,14215,0,0,0
1775087940,565,14211,1,1,1
1775088000,565,14223,72.88,72.88,72.88
1775088000,565,14221,20.62,20.62,20.62
1775088000,565,14215,0,0,0
1775088000,565,14211,1,1,1
1775088060,565,14223,72.88,72.88,72.88
1775088060,565,14221,20.62,20.62,20.62
1775088060,565,14215,0,0,0
1775088060,565,14211,1,1,1
1775088120,565,14223,72.45,72.45,72.45
1775088120,565,14221,20.87,20.87,20.87
1775088120,565,14215,0,0,0
1775088120,565,14211,1,1,1
1775088180,565,14223,71.16,71.4525,71.88
1775088180,565,14221,17.59,19.605,21.15
1775088180,565,14215,0,0,0
1775088180,565,14211,1,1,1
1775088240,565,14223,71.16,71.16,71.16
1775088240,565,14221,17.59,17.59,17.59
1775088240,565,14215,0,0,0
1775088240,565,14211,1,1,1
1775088300,565,14223,71.16,71.16,71.16
1775088300,565,14221,17.59,17.59,17.59
1775088300,565,14215,0,0,0
1775088300,565,14211,1,1,1
1775088360,565,14223,71.16,71.16,71.16
1775088360,565,14221,17.59,17.59,17.59
1775088360,565,14215,0,0,0
1775088360,565,14211,1,1,1
1775088420,565,14223,71.16,71.16,71.16
1775088420,565,14221,17.59,17.59,17.59
1775088420,565,14215,0,0,0
1775088420,565,14211,1,1,1
1775088480,565,14223,71.16,71.16,71.16
1775088480,565,14221,17.59,17.59,17.59
1775088480,565,14215,0,0,0
1775088480,565,14211,1,1,1
1775088540,565,14223,71.16,71.16,71.16
1775088540,565,14221,17.59,17.59,17.59
1775088540,565,14215,0,0,0
1775088540,565,14211,1,1,1
1775088600,565,14223,71.16,71.16,71.16
1775088600,565,14221,17.59,17.59,17.59
1775088600,565,14215,0,0,0
1775088600,565,14211,1,1,1
1775088660,565,14223,71.16,71.16,71.16
1775088660,565,14221,17.59,17.59,17.59
1775088660,565,14215,0,0,0
1775088660,565,14211,1,1,1
1775088720,565,14223,71.16,71.16,71.16
1775088720,565,14221,17.59,17.59,17.59
1775088720,565,14215,0,0,0
1775088720,565,14211,1,1,1
1775088780,565,14223,71.16,71.16,71.16
1775088780,565,14221,17.59,17.59,17.59
1775088780,565,14215,0,0,0
1775088780,565,14211,1,1,1
1775088840,565,14223,70.76,70.86,71.16
1775088840,565,14221,17.59,18.4675,18.76
1775088840,565,14215,0,0,0
1775088840,565,14211,1,1,1
1775088900,565,14223,70.76,70.78,70.86
1775088900,565,14221,16.41,18.29,18.76
1775088900,565,14215,0,0,0
1775088900,565,14211,1,1,1
1775088960,565,14223,70.86,70.86,70.86
1775088960,565,14221,16.41,16.41,16.41
1775088960,565,14215,0,0,0
1775088960,565,14211,1,1,1
1775089020,565,14223,70.35,70.6767,71.33
1775089020,565,14221,14.21,15.1367,16.99
1775089020,565,14215,0,0,0
1775089020,565,14211,1,1,1
1775089080,565,14223,70.35,70.35,70.35
1775089080,565,14221,14.21,14.21,14.21
1775089080,565,14215,0,0,0
1775089080,565,14211,1,1,1
1775089140,565,14223,71.13,71.13,71.13
1775089140,565,14221,11.79,13.365,13.89
1775089140,565,14215,0,0,0
1775089140,565,14211,1,1,1
1775089200,565,14223,71.13,71.13,71.13
1775089200,565,14221,13.89,13.89,13.89
1775089200,565,14215,0,0,0
1775089200,565,14211,1,1,1
1775089260,565,14223,71.13,71.13,71.13
1775089260,565,14221,13.89,13.89,13.89
1775089260,565,14215,0,0,0
1775089260,565,14211,1,1,1
1775089320,565,14223,68.21,69.67,71.13
1775089320,565,14221,13.89,15.8225,18.12
1775089320,565,14215,0,0,0
1775089320,565,14211,1,1,1
1775089380,565,14223,71.69,71.69,71.69
1775089380,565,14221,19.09,19.09,19.09
1775089380,565,14215,0,0,0
1775089380,565,14211,1,1,1
1775089440,565,14223,0,0,0
1775089440,565,14221,0,0,0
1775089440,565,14215,0,0,0
1775089440,565,14211,1,1,1
1775089500,565,14223,71.69,71.69,71.69
1775089500,565,14221,19.09,19.09,19.09
1775089500,565,14215,0,0,0
1775089500,565,14211,1,1,1
1775089560,565,14223,71.69,71.69,71.69
1775089560,565,14221,19.09,19.09,19.09
1775089560,565,14215,0,0,0
1775089560,565,14211,1,1,1
1775089620,565,14223,68.09,69.6125,70.12
1775089620,565,14221,16.96,16.96,16.96
1775089620,565,14215,0,0,0
1775089620,565,14211,1,1,1
1775089680,565,14223,70.12,71.195,71.6
1775089680,565,14221,16.96,17.6875,18.11
1775089680,565,14215,0,0,0
1775089680,565,14211,1,1,1
1775089740,565,14223,70.72,71.11,71.5
1775089740,565,14221,17.84,18.175,18.51
1775089740,565,14215,0,0,0
1775089740,565,14211,1,1,1
1775089800,565,14223,67.22,69.3325,72.17
1775089800,565,14221,18.51,20.0025,20.6
1775089800,565,14215,0,0,0
1775089800,565,14211,1,1,1
1775089860,565,14223,72.17,72.17,72.17
1775089860,565,14221,20.6,20.6,20.6
1775089860,565,14215,0,0,0
1775089860,565,14211,1,1,1
1775089920,565,14223,74.39,74.39,74.39
1775089920,565,14221,20.09,20.09,20.09
1775089920,565,14215,0,0,0
1775089920,565,14211,1,1,1
1775089980,565,14223,0,0,0
1775089980,565,14221,0,0,0
1775089980,565,14215,0,0,0
1775089980,565,14211,1,1,1
1775090040,565,14223,67.22,71.575,73.54
1775090040,565,14221,17.15,18.3175,19.06
1775090040,565,14215,0,0,0
1775090040,565,14211,1,1,1
1775090100,565,14223,72.77,72.77,72.77
1775090100,565,14221,18.53,18.53,18.53
1775090100,565,14215,0,0,0
1775090100,565,14211,1,1,1
1775090160,565,14223,72.77,72.77,72.77
1775090160,565,14221,18.53,18.53,18.53
1775090160,565,14215,0,0,0
1775090160,565,14211,1,1,1
1775090220,565,14223,72.77,72.77,72.77
1775090220,565,14221,18.53,18.53,18.53
1775090220,565,14215,0,0,0
1775090220,565,14211,1,1,1
1775090280,565,14223,72.77,72.77,72.77
1775090280,565,14221,18.53,18.53,18.53
1775090280,565,14215,0,0,0
1775090280,565,14211,1,1,1
1775090340,565,14223,72.77,72.77,72.77
1775090340,565,14221,18.53,18.53,18.53
1775090340,565,14215,0,0,0
1775090340,565,14211,1,1,1
1775090400,565,14223,72.77,72.77,72.77
1775090400,565,14221,18.53,18.53,18.53
1775090400,565,14215,0,0,0
1775090400,565,14211,1,1,1
1775090460,565,14223,72.77,72.77,72.77
1775090460,565,14221,18.53,18.53,18.53
1775090460,565,14215,0,0,0
1775090460,565,14211,1,1,1
1775090520,565,14223,73.87,73.87,73.87
1775090520,565,14221,14.96,14.96,14.96
1775090520,565,14215,0,0,0
1775090520,565,14211,1,1,1
1775090580,565,14223,73.61,73.675,73.87
1775090580,565,14221,13.93,14.1875,14.96
1775090580,565,14215,0,0,0
1775090580,565,14211,1,1,1
1775090640,565,14223,73.61,74.6025,75.38
1775090640,565,14221,13.93,15.5425,16.83
1775090640,565,14215,0,0,0
1775090640,565,14211,1,1,1
1775090700,565,14223,66.82,72.56,74.71
1775090700,565,14221,14.16,16.2975,18.78
1775090700,565,14215,0,0,0
1775090700,565,14211,1,1,1
1775090760,565,14223,72.84,72.84,72.84
1775090760,565,14221,12.33,12.33,12.33
1775090760,565,14215,0,0,0
1775090760,565,14211,1,1,1
1775090820,565,14223,72.84,72.84,72.84
1775090820,565,14221,12.33,12.33,12.33
1775090820,565,14215,0,0,0
1775090820,565,14211,1,1,1
1775090880,565,14223,72.84,72.84,72.84
1775090880,565,14221,12.33,12.33,12.33
1775090880,565,14215,0,0,0
1775090880,565,14211,1,1,1
1775090940,565,14223,72.84,72.84,72.84
1775090940,565,14221,12.33,12.33,12.33
1775090940,565,14215,0,0,0
1775090940,565,14211,1,1,1
1775091000,565,14223,72.84,72.84,72.84
1775091000,565,14221,12.33,12.33,12.33
1775091000,565,14215,0,0,0
1775091000,565,14211,1,1,1
1775091060,565,14223,72.84,72.84,72.84
1775091060,565,14221,12.33,12.33,12.33
1775091060,565,14215,0,0,0
1775091060,565,14211,1,1,1
1775091120,565,14223,72.84,73.2,73.39
1775091120,565,14221,12.33,12.33,12.33
1775091120,565,14215,0,0,0
1775091120,565,14211,1,1,1
1775091180,565,14223,73.39,73.39,73.39
1775091180,565,14221,12.33,12.33,12.33
1775091180,565,14215,0,0,0
1775091180,565,14211,1,1,1
1775091240,565,14223,73.39,73.39,73.39
1775091240,565,14221,12.33,12.33,12.33
1775091240,565,14215,0,0,0
1775091240,565,14211,1,1,1
1775091300,565,14223,66.63,71.1367,73.39
1775091300,565,14221,12.33,13.06,14.52
1775091300,565,14215,0,0,0
1775091300,565,14211,1,1,1
1775091360,565,14223,66.05,70.7,72.25
1775091360,565,14221,17.4,17.8,19
1775091360,565,14215,0,0,0
1775091360,565,14211,1,1,1
1775091420,565,14223,66.05,71.765,73.67
1775091420,565,14221,19.69,19.8475,19.9
1775091420,565,14215,0,0,0
1775091420,565,14211,1,1,1
1775091480,565,14223,73.67,73.815,74.25
1775091480,565,14221,15.81,16.525,18.67
1775091480,565,14215,0,0,0
1775091480,565,14211,1,1,1
1775091540,565,14223,65.83,65.945,66.05
1775091540,565,14221,14.86,16.49,17.69
1775091540,565,14215,0,0,0
1775091540,565,14211,1,1,1
1775091600,565,14223,65.61,65.7925,65.89
1775091600,565,14221,15.49,17.4425,18.43
1775091600,565,14215,0,0,0
1775091600,565,14211,1,1,1
1775091660,565,14223,65.44,72.025,74.22
1775091660,565,14221,13.83,14.065,14.77
1775091660,565,14215,0,0,0
1775091660,565,14211,1,1,1
1775091720,565,14223,73.85,74.035,74.22
1775091720,565,14221,13.36,13.595,13.83
1775091720,565,14215,0,0,0
1775091720,565,14211,1,1,1
1775091780,565,14223,65.44,68.2933,73.85
1775091780,565,14221,15.47,16.0667,17.09
1775091780,565,14215,0,0,0
1775091780,565,14211,1,1,1
1775091840,565,14223,0,0,0
1775091840,565,14221,0,0,0
1775091840,565,14215,0,0,0
1775091840,565,14211,1,1,1
1775091900,565,14223,73.08,73.08,73.08
1775091900,565,14221,15.29,15.29,15.29
1775091900,565,14215,0,0,0
1775091900,565,14211,1,1,1
1775091960,565,14223,73.92,73.9287,73.99
1775091960,565,14221,12.53,12.6862,13.78
1775091960,565,14215,0,0,0
1775091960,565,14211,1,1,1
1775092020,565,14223,73.68,73.935,74.02
1775092020,565,14221,10.82,11.365,12.26
1775092020,565,14215,0,0,0
1775092020,565,14211,1,1,1
1775092080,565,14223,65.51,69.795,74.02
1775092080,565,14221,10.82,12.945,15.44
1775092080,565,14215,0,0,0
1775092080,565,14211,1,1,1
1775092140,565,14223,64.86,65.35,65.6
1775092140,565,14221,13.91,14.1575,14.7
1775092140,565,14215,0,0,0
1775092140,565,14211,1,1,1
1775092200,565,14223,64.86,70.1667,72.82
1775092200,565,14221,15.52,15.52,15.52
1775092200,565,14215,0,0,0
1775092200,565,14211,1,1,1
1775092260,565,14223,72.82,72.82,72.82
1775092260,565,14221,15.52,15.52,15.52
1775092260,565,14215,0,0,0
1775092260,565,14211,1,1,1
1775092320,565,14223,71.97,72.25,72.81
1775092320,565,14221,12.34,13.7433,16.55
1775092320,565,14215,0,0,0
1775092320,565,14211,1,1,1
1775092380,565,14223,64.86,68.415,71.97
1775092380,565,14221,12.34,13.8425,16.19
1775092380,565,14215,0,0,0
1775092380,565,14211,1,1,1
1775092440,565,14223,64.86,67.55,72.93
1775092440,565,14221,11.37,11.7733,12.41
1775092440,565,14215,0,0,0
1775092440,565,14211,1,1,1
1775092500,565,14223,64.86,70.85,72.93
1775092500,565,14221,11.54,14.69,19.09
1775092500,565,14215,0,0,0
1775092500,565,14211,1,1,1
1775092560,565,14223,64.86,69.96,71.66
1775092560,565,14221,15.42,15.76,16.78
1775092560,565,14215,0,0,0
1775092560,565,14211,1,1,1
1775092620,565,14223,72.35,72.4967,72.66
1775092620,565,14221,14.52,15.0333,15.7
1775092620,565,14215,0,0,0
1775092620,565,14211,1,1,1
1775092680,565,14223,72.67,72.67,72.67
1775092680,565,14221,16.17,16.17,16.17
1775092680,565,14215,0,0,0
1775092680,565,14211,1,1,1
1775092740,565,14223,72.67,72.7433,72.89
1775092740,565,14221,16.17,16.3433,16.69
1775092740,565,14215,0,0,0
1775092740,565,14211,1,1,1
1775092800,565,14223,64.78,68.375,71.94
1775092800,565,14221,14.86,16.19,17.26
1775092800,565,14215,0,0,0
1775092800,565,14211,1,1,1
1775092860,565,14223,71.9,71.91,71.94
1775092860,565,14221,16.32,16.86,17.04
1775092860,565,14215,0,0,0
1775092860,565,14211,1,1,1
1775092920,565,14223,71.9,71.9,71.9
1775092920,565,14221,17.04,17.04,17.04
1775092920,565,14215,0,0,0
1775092920,565,14211,1,1,1
1775092980,565,14223,71.9,71.9,71.9
1775092980,565,14221,17.04,17.04,17.04
1775092980,565,14215,0,0,0
1775092980,565,14211,1,1,1
1775093040,565,14223,71.35,71.4875,71.9
1775093040,565,14221,14.38,15.045,17.04
1775093040,565,14215,0,0,0
1775093040,565,14211,1,1,1
1775093100,565,14223,70.01,70.0625,70.22
1775093100,565,14221,13.22,13.475,13.56
1775093100,565,14215,0,0,0
1775093100,565,14211,0,0.909091,1
1775093160,565,14223,0,0,0
1775093160,565,14221,0,0,0
1775093160,565,14215,0,0,0
1775093160,565,14211,0,0,0
1775093220,565,14223,0,0,0
1775093220,565,14221,0,0,0
1775093220,565,14215,0,0,0
1775093220,565,14211,0,0,0
1775093280,565,14223,0,0,0
1775093280,565,14221,0,0,0
1775093280,565,14215,0,0,0
1775093280,565,14211,0,0,0
1775093340,565,14223,0,0,0
1775093340,565,14221,0,0,0
1775093340,565,14215,0,0,0
1775093340,565,14211,0,0,0
1775093400,565,14223,0,0,0
1775093400,565,14221,0,0,0
1775093400,565,14215,0,0,0
1775093400,565,14211,0,0,0
1775093460,565,14223,0,0,0
1775093460,565,14221,0,0,0
1775093460,565,14215,0,0,0
1775093460,565,14211,0,0,0
1775093520,565,14223,0,0,0
1775093520,565,14221,0,0,0
1775093520,565,14215,0,0,0
1775093520,565,14211,0,0,0
1775093580,565,14223,0,0,0
1775093580,565,14221,0,0,0
1775093580,565,14215,0,0,0
1775093580,565,14211,0,0,0
1775093640,565,14223,0,0,0
1775093640,565,14221,13.56,13.56,13.56
1775093640,565,14215,0,0,0
1775093640,565,14211,0,0.866667,1
1775093700,565,14223,0,0,0
1775093700,565,14221,0,0,0
1775093700,565,14215,0,0,0
1775093700,565,14211,0,0,0
1775093760,565,14223,0,0,0
1775093760,565,14221,0,0,0
1775093760,565,14215,0,0,0
1775093760,565,14211,0,0,0
1775093820,565,14223,0,0,0
1775093820,565,14221,0,0,0
1775093820,565,14215,0,0,0
1775093820,565,14211,0,0,0
1775093880,565,14223,0,0,0
1775093880,565,14221,0,0,0
1775093880,565,14215,0,0,0
1775093880,565,14211,0,0,0
1775093940,565,14223,0,0,0
1775093940,565,14221,0,0,0
1775093940,565,14215,0,0,0
1775093940,565,14211,0,0,0
1775094000,565,14223,0,0,0
1775094000,565,14221,0,0,0
1775094000,565,14215,0,0,0
1775094000,565,14211,0,0,0
1775094060,565,14223,0,0,0
1775094060,565,14221,0,0,0
1775094060,565,14215,0,0,0
1775094060,565,14211,0,0,0
1775094120,565,14223,0,0,0
1775094120,565,14221,0,0,0
1775094120,565,14215,0,0,0
1775094120,565,14211,0,0,0
1775094180,565,14223,0,0,0
1775094180,565,14221,0,0,0
1775094180,565,14215,0,0,0
1775094180,565,14211,0,0,0
1775094240,565,14223,0,0,0
1775094240,565,14221,0,0,0
1775094240,565,14215,0,0,0
1775094240,565,14211,0,0,0
1775094300,565,14223,0,0,0
1775094300,565,14221,0,0,0
1775094300,565,14215,0,0,0
1775094300,565,14211,0,0,0
1775094360,565,14223,0,0,0
1775094360,565,14221,0,0,0
1775094360,565,14215,0,0,0
1775094360,565,14211,0,0,0
1775094420,565,14223,0,0,0
1775094420,565,14221,0,0,0
1775094420,565,14215,0,0,0
1775094420,565,14211,0,0,0
1775094480,565,14223,0,0,0
1775094480,565,14221,0,0,0
1775094480,565,14215,0,0,0
1775094480,565,14211,0,0,0
1775094540,565,14223,0,0,0
1775094540,565,14221,0,0,0
1775094540,565,14215,0,0,0
1775094540,565,14211,0,0,0
1775094600,565,14223,0,0,0
1775094600,565,14221,0,0,0
1775094600,565,14215,0,0,0
1775094600,565,14211,0,0,0
1775094660,565,14223,0,0,0
1775094660,565,14221,0,0,0
1775094660,565,14215,0,0,0
1775094660,565,14211,0,0,0
1775094720,565,14223,0,0,0
1775094720,565,14221,0,0,0
1775094720,565,14215,0,0,0
1775094720,565,14211,0,0,0
1775094780,565,14223,0,0,0
1775094780,565,14221,0,0,0
1775094780,565,14215,0,0,0
1775094780,565,14211,0,0,0
1775094840,565,14223,0,0,0
1775094840,565,14221,0,0,0
1775094840,565,14215,0,0,0
1775094840,565,14211,0,0,0
1775094900,565,14223,0,0,0
1775094900,565,14221,0,0,0
1775094900,565,14215,0,0,0
1775094900,565,14211,0,0,0
1775094960,565,14223,0,0,0
1775094960,565,14221,0,0,0
1775094960,565,14215,0,0,0
1775094960,565,14211,0,0,0
1775095020,565,14223,0,0,0
1775095020,565,14221,0,0,0
1775095020,565,14215,0,0,0
1775095020,565,14211,0,0,0
1775095080,565,14223,0,0,0
1775095080,565,14221,0,0,0
1775095080,565,14215,0,0,0
1775095080,565,14211,0,0,0
1775095140,565,14223,0,0,0
1775095140,565,14221,0,0,0
1775095140,565,14215,0,0,0
1775095140,565,14211,0,0,0
1775095200,565,14223,0,0,0
1775095200,565,14221,0,0,0
1775095200,565,14215,0,0,0
1775095200,565,14211,0,0,0
1775095260,565,14223,0,0,0
1775095260,565,14221,0,0,0
1775095260,565,14215,0,0,0
1775095260,565,14211,0,0,0
1775095320,565,14223,0,0,0
1775095320,565,14221,0,0,0
1775095320,565,14215,0,0,0
1775095320,565,14211,0,0,0
1775095380,565,14223,0,0,0
1775095380,565,14221,0,0,0
1775095380,565,14215,0,0,0
1775095380,565,14211,0,0,0
1775095440,565,14223,0,0,0
1775095440,565,14221,0,0,0
1775095440,565,14215,0,0,0
1775095440,565,14211,0,0,0
1775095500,565,14223,0,0,0
1775095500,565,14221,0,0,0
1775095500,565,14215,0,0,0
1775095500,565,14211,0,0,0
1775095560,565,14223,0,0,0
1775095560,565,14221,0,0,0
1775095560,565,14215,0,0,0
1775095560,565,14211,0,0,0
1775095620,565,14223,0,0,0
1775095620,565,14221,0,0,0
1775095620,565,14215,0,0,0
1775095620,565,14211,0,0,0
1775095680,565,14223,0,0,0
1775095680,565,14221,0,0,0
1775095680,565,14215,0,0,0
1775095680,565,14211,0,0.166667,1
1775095740,565,14223,0,0,0
1775095740,565,14221,0,0,0
1775095740,565,14215,0,0,0
1775095740,565,14211,1,1,1
1775095800,565,14223,0,0,0
1775095800,565,14221,0,0,0
1775095800,565,14215,0,0,0
1775095800,565,14211,0,0,0
1775095860,565,14223,0,0,0
1775095860,565,14221,0,0,0
1775095860,565,14215,0,0,0
1775095860,565,14211,0,0,0
1775095920,565,14223,0,0,0
1775095920,565,14221,0,0,0
1775095920,565,14215,0,0,0
1775095920,565,14211,0,0,0
1775095980,565,14223,0,0,0
1775095980,565,14221,0,0,0
1775095980,565,14215,0,0,0
1775095980,565,14211,0,0,0
1775096040,565,14223,0,0,0
1775096040,565,14221,0,0,0
1775096040,565,14215,0,0,0
1775096040,565,14211,0,0,0
1775096100,565,14223,0,0,0
1775096100,565,14221,0,0,0
1775096100,565,14215,0,0,0
1775096100,565,14211,0,0,0
1775096160,565,14223,0,0,0
1775096160,565,14221,0,0,0
1775096160,565,14215,0,0,0
1775096160,565,14211,0,0,0
1775096220,565,14223,0,0,0
1775096220,565,14221,0,0,0
1775096220,565,14215,0,0,0
1775096220,565,14211,0,0,0
1775096280,565,14223,0,0,0
1775096280,565,14221,0,0,0
1775096280,565,14215,0,0,0
1775096280,565,14211,0,0,0
1775096340,565,14223,0,0,0
1775096340,565,14221,0,0,0
1775096340,565,14215,0,0,0
1775096340,565,14211,0,0,0
1775096400,565,14223,0,0,0
1775096400,565,14221,0,0,0
1775096400,565,14215,0,0,0
1775096400,565,14211,0,0,0
1775096460,565,14223,0,0,0
1775096460,565,14221,0,0,0
1775096460,565,14215,0,0,0
1775096460,565,14211,0,0,0
1775096520,565,14223,0,0,0
1775096520,565,14221,0,0,0
1775096520,565,14215,0,0,0
1775096520,565,14211,0,0,0
1775096580,565,14223,0,0,0
1775096580,565,14221,0,0,0
1775096580,565,14215,0,0,0
1775096580,565,14211,0,0,0
1775096640,565,14223,0,0,0
1775096640,565,14221,0,0,0
1775096640,565,14215,0,0,0
1775096640,565,14211,0,0,0
1775096700,565,14223,0,0,0
1775096700,565,14221,0,0,0
1775096700,565,14215,0,0,0
1775096700,565,14211,0,0,0
1775096760,565,14223,0,0,0
1775096760,565,14221,0,0,0
1775096760,565,14215,0,0,0
1775096760,565,14211,0,0,0
1775096820,565,14223,0,0,0
1775096820,565,14221,0,0,0
1775096820,565,14215,0,0,0
1775096820,565,14211,0,0,0
1775096880,565,14223,0,0,0
1775096880,565,14221,0,0,0
1775096880,565,14215,0,0,0
1775096880,565,14211,0,0,0
1775096940,565,14223,0,0,0
1775096940,565,14221,0,0,0
1775096940,565,14215,0,0,0
1775096940,565,14211,0,0,0
1775097000,565,14223,0,0,0
1775097000,565,14221,0,0,0
1775097000,565,14215,0,0,0
1775097000,565,14211,0,0,0
1775097060,565,14223,0,0,0
1775097060,565,14221,0,0,0
1775097060,565,14215,0,0,0
1775097060,565,14211,0,0,0
1775097120,565,14223,0,0,0
1775097120,565,14221,0,0,0
1775097120,565,14215,0,0,0
1775097120,565,14211,0,0,0
1775097180,565,14223,0,0,0
1775097180,565,14221,0,0,0
1775097180,565,14215,0,0,0
1775097180,565,14211,0,0,0
1775097240,565,14223,0,0,0
1775097240,565,14221,0,0,0
1775097240,565,14215,0,0,0
1775097240,565,14211,0,0,0
1775097300,565,14223,0,0,0
1775097300,565,14221,0,0,0
1775097300,565,14215,0,0,0
1775097300,565,14211,0,0,0
1775097360,565,14223,0,0,0
1775097360,565,14221,0,0,0
1775097360,565,14215,0,0,0
1775097360,565,14211,0,0,0
1775097420,565,14223,0,0,0
1775097420,565,14221,13.56,13.56,13.56
1775097420,565,14215,0,0,0
1775097420,565,14211,0,0.421053,1
1775097480,565,14223,0,18.6175,74.47
1775097480,565,14221,13.56,13.56,13.56
1775097480,565,14215,0,0,0
1775097480,565,14211,1,1,1
1775097540,565,14223,74.47,74.47,74.47
1775097540,565,14221,15.57,15.57,15.57
1775097540,565,14215,0,0,0
1775097540,565,14211,1,1,1
1775097600,565,14223,74.47,74.47,74.47
1775097600,565,14221,15.57,15.57,15.57
1775097600,565,14215,0,0,0
1775097600,565,14211,1,1,1
1775097660,565,14223,74.47,74.47,74.47
1775097660,565,14221,15.57,15.57,15.57
1775097660,565,14215,0,0,0
1775097660,565,14211,1,1,1
1775097720,565,14223,74.47,74.47,74.47
1775097720,565,14221,17.28,17.28,17.28
1775097720,565,14215,0,0,0
1775097720,565,14211,1,1,1
1775097780,565,14223,75.49,75.49,75.49
1775097780,565,14221,18.38,18.38,18.38
1775097780,565,14215,0,0,0
1775097780,565,14211,1,1,1
1775097840,565,14223,75.08,75.4475,75.73
1775097840,565,14221,16.41,18.275,19.93
1775097840,565,14215,0,0,0
1775097840,565,14211,1,1,1
1775097900,565,14223,73.5,73.835,74.44
1775097900,565,14221,14.03,15.0283,17.64
1775097900,565,14215,0,0,0
1775097900,565,14211,1,1,1
1775097960,565,14223,73.41,73.6367,73.75
1775097960,565,14221,14.03,15.0067,16.96
1775097960,565,14215,0,0,0
1775097960,565,14211,1,1,1
1775098020,565,14223,73.37,73.37,73.37
1775098020,565,14221,13.16,13.16,13.16
1775098020,565,14215,0,0,0
1775098020,565,14211,1,1,1
1775098080,565,14223,72.95,73.265,73.37
1775098080,565,14221,13.03,13.1275,13.16
1775098080,565,14215,0,0,0
1775098080,565,14211,1,1,1
1775098140,565,14223,72.95,72.95,72.95
1775098140,565,14221,13.03,13.03,13.03
1775098140,565,14215,0,0,0
1775098140,565,14211,1,1,1
1775098200,565,14223,72.95,72.95,72.95
1775098200,565,14221,13.03,13.03,13.03
1775098200,565,14215,0,0,0
1775098200,565,14211,1,1,1
1775098260,565,14223,72.95,73.175,73.4
1775098260,565,14221,13.03,14.075,15.12
1775098260,565,14215,0,0,0
1775098260,565,14211,1,1,1
1775098320,565,14223,73.4,73.4,73.4
1775098320,565,14221,15.12,15.12,15.12
1775098320,565,14215,0,0,0
1775098320,565,14211,1,1,1
1775098380,565,14223,73.25,73.325,73.4
1775098380,565,14221,15.12,15.565,16.01
1775098380,565,14215,0,0,0
1775098380,565,14211,1,1,1
1775098440,565,14223,72.75,72.9167,73.25
1775098440,565,14221,13.6,15.01,17.83
1775098440,565,14215,0,0,0
1775098440,565,14211,1,1,1
1775098500,565,14223,0,0,0
1775098500,565,14221,0,0,0
1775098500,565,14215,0,0,0
1775098500,565,14211,1,1,1
1775098560,565,14223,72.75,72.75,72.75
1775098560,565,14221,13.6,13.6,13.6
1775098560,565,14215,0,0,0
1775098560,565,14211,1,1,1
1775098620,565,14223,72.75,72.75,72.75
1775098620,565,14221,13.6,13.6,13.6
1775098620,565,14215,0,0,0
1775098620,565,14211,1,1,1
1775098680,565,14223,72.63,72.6375,72.66
1775098680,565,14221,15.25,15.54,16.41
1775098680,565,14215,0,0,0
1775098680,565,14211,1,1,1
1775098740,565,14223,72.42,72.48,72.66
1775098740,565,14221,19.54,19.6825,19.73
1775098740,565,14215,0,0,0
1775098740,565,14211,1,1,1
1775098800,565,14223,72.42,72.42,72.42
1775098800,565,14221,19.73,19.73,19.73
1775098800,565,14215,0,0,0
1775098800,565,14211,1,1,1
1775098860,565,14223,72.42,72.42,72.42
1775098860,565,14221,19.73,19.73,19.73
1775098860,565,14215,0,0,0
1775098860,565,14211,1,1,1
1775098920,565,14223,72.42,72.42,72.42
1775098920,565,14221,19.73,19.73,19.73
1775098920,565,14215,0,0,0
1775098920,565,14211,1,1,1
1775098980,565,14223,72.42,72.42,72.42
1775098980,565,14221,19.73,19.73,19.73
1775098980,565,14215,0,0,0
1775098980,565,14211,1,1,1
1775099040,565,14223,72.42,72.592,72.85
1775099040,565,14221,18.7,19.318,19.73
1775099040,565,14215,0,0,0
1775099040,565,14211,1,1,1
1775099100,565,14223,72.85,72.85,72.85
1775099100,565,14221,18.7,18.7,18.7
1775099100,565,14215,0,0,0
1775099100,565,14211,1,1,1
1775099160,565,14223,72.85,72.85,72.85
1775099160,565,14221,18.7,18.7,18.7
1775099160,565,14215,0,0,0
1775099160,565,14211,1,1,1
1775099220,565,14223,72.85,72.8725,72.94
1775099220,565,14221,17.94,18.51,18.7
1775099220,565,14215,0,0,0
1775099220,565,14211,1,1,1
1775099280,565,14223,73.52,73.73,74.15
1775099280,565,14221,15.28,15.6867,16.5
1775099280,565,14215,0,0,0
1775099280,565,14211,1,1,1
1775099340,565,14223,73.52,73.52,73.52
1775099340,565,14221,15.28,15.28,15.28
1775099340,565,14215,0,0,0
1775099340,565,14211,1,1,1
1775099400,565,14223,73.52,73.52,73.52
1775099400,565,14221,15.28,15.28,15.28
1775099400,565,14215,0,0,0
1775099400,565,14211,1,1,1
1775099460,565,14223,70.95,71.9475,72.86
1775099460,565,14221,16.41,17.6025,19.12
1775099460,565,14215,0,0,0
1775099460,565,14211,1,1,1
1775099520,565,14223,70.95,70.95,70.95
1775099520,565,14221,17.76,17.76,17.76
1775099520,565,14215,0,0,0
1775099520,565,14211,1,1,1
1775099580,565,14223,69.66,70.6675,71.04
1775099580,565,14221,14.97,18.3875,21.32
1775099580,565,14215,0,0,0
1775099580,565,14211,1,1,1
1775099640,565,14223,69.15,69.15,69.15
1775099640,565,14221,15.83,16.0267,16.42
1775099640,565,14215,0,0,0
1775099640,565,14211,1,1,1
1775099700,565,14223,68.02,68.63,69.15
1775099700,565,14221,15.83,18.37,20.62
1775099700,565,14215,0,0,0
1775099700,565,14211,1,1,1
1775099760,565,14223,61.49,64.4975,67.49
1775099760,565,14221,18.29,19.4125,21.79
1775099760,565,14215,0,0,0
1775099760,565,14211,1,1,1
1775099820,565,14223,67.49,67.6525,67.72
1775099820,565,14221,18.29,20.0375,21.94
1775099820,565,14215,0,0,0
1775099820,565,14211,1,1,1
1775099880,565,14223,68.29,69.0725,70.26
1775099880,565,14221,18.36,20.25,21.48
1775099880,565,14215,0,0,0
1775099880,565,14211,1,1,1
1775099940,565,14223,70.85,71.9225,72.28
1775099940,565,14221,17.35,17.645,18.48
1775099940,565,14215,0,0,0
1775099940,565,14211,1,1,1
1775100000,565,14223,61.51,67.65,73.79
1775100000,565,14221,16.66,18.895,21.6
1775100000,565,14215,0,0,0
1775100000,565,14211,1,1,1
1775100060,565,14223,73.55,73.71,73.79
1775100060,565,14221,16.66,17.1767,18.21
1775100060,565,14215,0,0,0
1775100060,565,14211,1,1,1
1775100120,565,14223,61.53,61.53,61.53
1775100120,565,14221,18.03,18.03,18.03
1775100120,565,14215,0,0,0
1775100120,565,14211,1,1,1
1775100180,565,14223,73.37,73.37,73.37
1775100180,565,14221,18.97,18.97,18.97
1775100180,565,14215,0,0,0
1775100180,565,14211,1,1,1
1775100240,565,14223,72.72,72.72,72.72
1775100240,565,14221,19.29,19.29,19.29
1775100240,565,14215,0,0,0
1775100240,565,14211,1,1,1
1775100300,565,14223,61.69,71.0125,74.12
1775100300,565,14221,16.02,17.175,17.56
1775100300,565,14215,0,0,0
1775100300,565,14211,1,1,1
1775100360,565,14223,61.69,61.825,61.94
1775100360,565,14221,14.84,15.815,17.25
1775100360,565,14215,0,0,0
1775100360,565,14211,1,1,1
1775100420,565,14223,61.9,66.765,71.63
1775100420,565,14221,14.51,15.3325,17.8
1775100420,565,14215,0,0,0
1775100420,565,14211,1,1,1
1775100480,565,14223,71.63,71.6925,71.88
1775100480,565,14221,14.51,15.02,16.55
1775100480,565,14215,0,0,0
1775100480,565,14211,1,1,1
1775100540,565,14223,71.65,71.7,71.85
1775100540,565,14221,17.55,17.55,17.55
1775100540,565,14215,0,0,0
1775100540,565,14211,1,1,1
1775100600,565,14223,71.65,71.65,71.65
1775100600,565,14221,17.55,17.55,17.55
1775100600,565,14215,0,0,0
1775100600,565,14211,1,1,1
1775100660,565,14223,71.65,71.65,71.65
1775100660,565,14221,17.55,17.55,17.55
1775100660,565,14215,0,0,0
1775100660,565,14211,1,1,1
1775100720,565,14223,71.65,71.65,71.65
1775100720,565,14221,17.55,17.55,17.55
1775100720,565,14215,0,0,0
1775100720,565,14211,1,1,1
1775100780,565,14223,62.06,69.2525,71.65
1775100780,565,14221,17.55,17.9225,19.04
1775100780,565,14215,0,0,0
1775100780,565,14211,1,1,1
1775100840,565,14223,71.87,71.9275,72.1
1775100840,565,14221,16.25,17.4725,17.88
1775100840,565,14215,0,0,0
1775100840,565,14211,1,1,1
1775100900,565,14223,62.19,69.5325,71.98
1775100900,565,14221,16.25,16.7425,18.22
1775100900,565,14215,0,0,0
1775100900,565,14211,1,1,1
1775100960,565,14223,70.68,70.68,70.68
1775100960,565,14221,20.09,20.09,20.09
1775100960,565,14215,0,0,0
1775100960,565,14211,1,1,1
1775101020,565,14223,70.68,70.68,70.68
1775101020,565,14221,20.09,20.09,20.09
1775101020,565,14215,0,0,0
1775101020,565,14211,1,1,1
1775101080,565,14223,70.68,70.68,70.68
1775101080,565,14221,20.09,20.09,20.09
1775101080,565,14215,0,0,0
1775101080,565,14211,1,1,1
1775101140,565,14223,70.68,70.68,70.68
1775101140,565,14221,20.09,20.09,20.09
1775101140,565,14215,0,0,0
1775101140,565,14211,1,1,1
1775101200,565,14223,70.68,70.68,70.68
1775101200,565,14221,20.09,20.09,20.09
1775101200,565,14215,0,0,0
1775101200,565,14211,1,1,1
1775101260,565,14223,70.68,70.68,70.68
1775101260,565,14221,20.09,20.09,20.09
1775101260,565,14215,0,0,0
1775101260,565,14211,1,1,1
1775101320,565,14223,70.68,71.425,72.17
1775101320,565,14221,16.28,18.63,20.09
1775101320,565,14215,0,0,0
1775101320,565,14211,1,1,1
1775101380,565,14223,62.24,69.6875,72.17
1775101380,565,14221,18.06,18.255,18.84
1775101380,565,14215,0,0,0
1775101380,565,14211,1,1,1
1775101440,565,14223,71.69,71.69,71.69
1775101440,565,14221,19.88,19.88,19.88
1775101440,565,14215,0,0,0
1775101440,565,14211,1,1,1
1775101500,565,14223,62.24,62.24,62.24
1775101500,565,14221,17.87,19.26,19.99
1775101500,565,14215,0,0,0
1775101500,565,14211,1,1,1
1775101560,565,14223,62.24,62.24,62.24
1775101560,565,14221,19.37,19.37,19.37
1775101560,565,14215,0,0,0
1775101560,565,14211,1,1,1
1775101620,565,14223,76.95,77.4075,77.56
1775101620,565,14221,16.59,16.6375,16.78
1775101620,565,14215,0,0,0
1775101620,565,14211,1,1,1
1775101680,565,14223,62.48,73.75,77.56
1775101680,565,14221,16.16,16.8325,17.99
1775101680,565,14215,0,0,0
1775101680,565,14211,1,1,1
1775101740,565,14223,62.75,63.24,63.54
1775101740,565,14221,15.88,16.62,17.09
1775101740,565,14215,0,0,0
1775101740,565,14211,1,1,1
1775101800,565,14223,63.85,63.895,64.02
1775101800,565,14221,18.3,18.57,19.03
1775101800,565,14215,0,0,0
1775101800,565,14211,1,1,1
1775101860,565,14223,64.02,64.08,64.1
1775101860,565,14221,15.81,16.12,16.33
1775101860,565,14215,0,0,0
1775101860,565,14211,1,1,1
1775101920,565,14223,64.03,64.03,64.03
1775101920,565,14221,13.95,15.1925,16.39
1775101920,565,14215,0,0,0
1775101920,565,14211,1,1,1
1775101980,565,14223,63.56,63.74,63.99
1775101980,565,14221,13.98,15.745,18.05
1775101980,565,14215,0,0,0
1775101980,565,14211,1,1,1
1775102040,565,14223,63.51,68.0575,72.58
1775102040,565,14221,16.29,17.4075,18.98
1775102040,565,14215,0,0,0
1775102040,565,14211,1,1,1
1775102100,565,14223,72.58,73.1933,73.52
1775102100,565,14221,17.18,18.2533,18.79
1775102100,565,14215,0,0,0
1775102100,565,14211,1,1,1
1775102160,565,14223,63.64,70.98,73.48
1775102160,565,14221,12.89,16.4275,18.79
1775102160,565,14215,0,0,0
1775102160,565,14211,1,1,1
1775102220,565,14223,63.64,70.1867,73.46
1775102220,565,14221,12.08,12.1567,12.31
1775102220,565,14215,0,0,0
1775102220,565,14211,1,1,1
1775102280,565,14223,63.74,68.5675,73.46
1775102280,565,14221,11.32,13.13,14.73
1775102280,565,14215,0,0,0
1775102280,565,14211,1,1,1
1775102340,565,14223,63.76,63.76,63.76
1775102340,565,14221,13.12,14.5525,16.13
1775102340,565,14215,0,0,0
1775102340,565,14211,1,1,1
1775102400,565,14223,63.46,63.465,63.47
1775102400,565,14221,13.22,17.1475,19.38
1775102400,565,14215,0,0,0
1775102400,565,14211,1,1,1
1775102460,565,14223,63.46,71.59,74.3
1775102460,565,14221,12.75,12.9375,13.5
1775102460,565,14215,0,0,0
1775102460,565,14211,1,1,1
1775102520,565,14223,74.1,75.175,76.3
1775102520,565,14221,12.15,13.495,16.81
1775102520,565,14215,0,0,0
1775102520,565,14211,1,1,1
1775102580,565,14223,75.45,75.725,76
1775102580,565,14221,16.81,17.57,18.33
1775102580,565,14215,0,0,0
1775102580,565,14211,1,1,1
1775102640,565,14223,65.77,73.75,76.89
1775102640,565,14221,17.16,18.1875,18.63
1775102640,565,14215,0,0,0
1775102640,565,14211,1,1,1
1775102700,565,14223,76.89,76.89,76.89
1775102700,565,14221,18.63,18.63,18.63
1775102700,565,14215,0,0,0
1775102700,565,14211,1,1,1
1775102760,565,14223,76.89,76.89,76.89
1775102760,565,14221,18.63,18.63,18.63
1775102760,565,14215,0,0,0
1775102760,565,14211,1,1,1
1775102820,565,14223,76.89,76.914,77.01
1775102820,565,14221,14.33,17.77,18.63
1775102820,565,14215,0,0,0
1775102820,565,14211,1,1,1
1775102880,565,14223,66.85,67.57,67.93
1775102880,565,14221,13.25,16.3333,19.22
1775102880,565,14215,0,0,0
1775102880,565,14211,1,1,1
1775102940,565,14223,69,69,69
1775102940,565,14221,13.39,13.39,13.39
1775102940,565,14215,0,0,0
1775102940,565,14211,1,1,1
1775103000,565,14223,70.38,71.0525,73.07
1775103000,565,14221,12.14,12.855,14.33
1775103000,565,14215,0,0,0
1775103000,565,14211,1,1,1
1775103060,565,14223,70.38,71.0475,73.05
1775103060,565,14221,12.6,14.5325,16.53
1775103060,565,14215,0,0,0
1775103060,565,14211,1,1,1
1775103120,565,14223,70.38,71.185,72.07
1775103120,565,14221,11.07,12.575,15.39
1775103120,565,14215,0,0,0
1775103120,565,14211,1,1,1
1775103180,565,14223,72.55,72.9575,73.21
1775103180,565,14221,11.42,12.3175,12.86
1775103180,565,14215,0,0,0
1775103180,565,14211,1,1,1
1775103240,565,14223,73.42,73.4225,73.43
1775103240,565,14221,10.79,12.4725,14.5
1775103240,565,14215,0,0,0
1775103240,565,14211,1,1,1
1775103300,565,14223,73.39,73.5175,73.8
1775103300,565,14221,11.18,12.27,13.54
1775103300,565,14215,0,0,0
1775103300,565,14211,1,1,1
1775103360,565,14223,74.05,74.24,74.56
1775103360,565,14221,12.17,12.9625,13.84
1775103360,565,14215,0,0,0
1775103360,565,14211,1,1,1
1775103420,565,14223,74.56,74.765,74.86
1775103420,565,14221,11.11,12.4225,13.99
1775103420,565,14215,0,0,0
1775103420,565,14211,1,1,1
1775103480,565,14223,74.82,74.865,74.9
1775103480,565,14221,10.64,11.4025,12.03
1775103480,565,14215,0,0,0
1775103480,565,14211,1,1,1
1775103540,565,14223,74.22,74.53,74.68
1775103540,565,14221,10.68,11.1125,11.57
1775103540,565,14215,0,0,0
1775103540,565,14211,1,1,1
1775103600,565,14223,73.97,74.1175,74.22
1775103600,565,14221,10.13,11.3375,12.84
1775103600,565,14215,0,0,0
1775103600,565,14211,1,1,1
1775103660,565,14223,73.65,73.9475,74.1
1775103660,565,14221,10.6,11.105,11.7
1775103660,565,14215,0,0,0
1775103660,565,14211,1,1,1
1775103720,565,14223,73.62,73.69,73.78
1775103720,565,14221,10.56,10.7367,10.99
1775103720,565,14215,0,0,0
1775103720,565,14211,1,1,1
1775103780,565,14223,73.59,73.59,73.59
1775103780,565,14221,10.28,10.28,10.28
1775103780,565,14215,0,0,0
1775103780,565,14211,1,1,1
1775103840,565,14223,73.6,73.